,Unnamed: 0,Country Name,Country Code,year,gdp_per_capita,life_expectancy,log_gdp,log
0,0,Aruba,ABW,2002,21307.2482505267,73.135,9.966802587262787,9.966802587262789
1,1,Africa Eastern and Southern,AFE,2002,630.512327648462,53.2067443343026,6.446532707392202,6.446532707392202
2,2,Afghanistan,AFG,2002,178.954088379235,56.225,5.187129283440217,5.187129283440217
3,3,Africa Western and Central,AFW,2002,619.337335030759,51.1082469203541,6.428650091983119,6.428650091983119
4,4,Angola,AGO,2002,999.065855913758,47.874,6.906820698311399,6.906820698311399
5,5,Albania,ALB,2002,1479.83884572006,75.299,7.299688472802442,7.299688472802442
6,6,Andorra,AND,2002,26528.1300628236,82.448,10.185960960773713,10.185960960773711
7,7,Arab World,ARB,2002,2483.11187485029,67.5806302791343,7.817267840816274,7.817267840816274
8,8,United Arab Emirates,ARE,2002,27753.6089526346,78.721,10.2311211630657,10.2311211630657
9,9,Argentina,ARG,2002,2569.69963519124,74.312,7.851544297592586,7.851544297592586
10,10,Armenia,ARM,2002,742.651118319819,72.8268292682927,6.610226376324834,6.610226376324834
11,11,American Samoa,ASM,2002,8972.69636535698,71.755,9.101941508026862,9.101941508026862
12,12,Antigua and Barbuda,ATG,2002,11658.6949915956,75.237,9.36380753182221,9.36380753182221
13,13,Australia,AUS,2002,20335.0960191023,79.9365853658537,9.920103540194072,9.920103540194072
14,14,Austria,AUT,2002,26334.862215032,78.6780487804878,10.178648899894386,10.178648899894386
15,15,Azerbaijan,AZE,2002,763.108895463487,66.769,6.637400741236539,6.637400741236539
16,16,Burundi,BDI,2002,120.952308575468,49.924,4.79539632389718,4.79539632389718
17,17,Belgium,BEL,2002,25006.191397109,78.0756097560976,10.126878729073042,10.126878729073042
18,18,Benin,BEN,2002,546.463829658159,56.851,6.303468119988288,6.303468119988288
19,19,Burkina Faso,BFA,2002,285.654087637533,51.447,5.654781595019189,5.654781595019189
20,20,Bangladesh,BGD,2002,393.886422327628,63.591,5.976062599536679,5.976062599536679
21,21,Bulgaria,BGR,2002,2092.98288625558,71.8658536585366,7.646345545754941,7.646345545754941
22,22,Bahrain,BHR,2002,13501.4708801425,75.209,9.510553912576086,9.510553912576086
23,23,"Bahamas, The",BHS,2002,26781.6195938652,73.023,10.19547109515601,10.19547109515601
24,24,Bosnia and Herzegovina,BIH,2002,1606.5467454132,75.994,7.381842275806534,7.381842275806534
25,25,Belarus,BLR,2002,1479.38066337175,68.0560975609756,7.299378808480101,7.2993788084801015
26,26,Belize,BLZ,2002,4858.86062599362,69.528,8.488559250313436,8.488559250313436
27,27,Bermuda,BMU,2002,63358.5658652763,78.841,11.05656539153006,11.05656539153006
28,28,Bolivia,BOL,2002,888.221328974352,63.068,6.789220956276446,6.789220956276446
29,29,Brazil,BRA,2002,2855.94017137049,70.396,7.957156374840366,7.957156374840366
30,30,Barbados,BRB,2002,11760.4524736133,74.82,9.372497696359838,9.372497696359838
31,31,Brunei Darussalam,BRN,2002,18621.2922577525,74.365,9.832060950020756,9.832060950020757
32,32,Bhutan,BTN,2002,895.799489930972,63.984,6.797716604372471,6.797716604372471
33,33,Botswana,BWA,2002,3117.25087183011,52.373,8.044706761555895,8.044706761555895
34,34,Central African Republic,CAF,2002,248.639290978403,46.84,5.51600321557613,5.51600321557613
35,35,Canada,CAN,2002,24256.0192337185,79.5307317073171,10.096420081388622,10.096420081388622
36,36,Central Europe and the Baltics,CEB,2002,4941.34251407648,73.2424154880921,8.505392337243919,8.505392337243919
37,37,Switzerland,CHE,2002,42458.7384679187,80.3853658536585,10.656288023744708,10.656288023744708
38,38,Channel Islands,CHI,2002,44459.7318188977,79.1,10.70233915553638,10.70233915553638
39,39,Chile,CHL,2002,4430.84741157984,77.84,8.396346134041393,8.396346134041393
40,40,China,CHN,2002,1163.55957673426,73.034,7.059239186187989,7.059239186187989
41,41,Cote d'Ivoire,CIV,2002,967.815864415991,51.544,6.8750418464711895,6.8750418464711895
42,42,Cameroon,CMR,2002,789.623811072554,53.922,6.671556643531556,6.671556643531556
43,43,"Congo, Dem. Rep.",COD,2002,162.38052907429,52.371,5.089942525676868,5.089942525676868
44,44,"Congo, Rep.",COG,2002,905.538135544704,56.414,6.80852939189186,6.8085293918918595
45,45,Colombia,COL,2002,2428.92969771584,71.537,7.795205985691528,7.795205985691528
46,46,Comoros,COM,2002,764.61349832543,59.723,6.639370475207226,6.639370475207226
47,47,Cabo Verde,CPV,2002,1328.57874270666,69.447,7.191865035333958,7.191865035333958
48,48,Costa Rica,CRI,2002,4067.71851429092,77.939,8.310837559663966,8.310837559663966
49,49,Caribbean small states,CSS,2002,6903.07418576198,68.8997139018751,8.839722125532877,8.839722125532877
50,50,Cuba,CUB,2002,3005.21104247868,76.766,8.008103074945423,8.008103074945423
51,51,Curacao,CUW,2002,16723.6925253468,73.472,9.724581707073458,9.724581707073458
52,53,Cyprus,CYP,2002,16093.2158203125,78.758,9.686153084547716,9.686153084547716
53,54,Czechia,CZE,2002,8101.26018588111,75.2219512195122,8.99977490706329,8.99977490706329
54,55,Germany,DEU,2002,25486.5942008748,78.2292682926829,10.145907875295809,10.145907875295809
55,56,Djibouti,DJI,2002,743.013270420348,57.824,6.610713905150923,6.610713905150923
56,57,Dominica,DMA,2002,5488.02784969357,71.927,8.610324244045463,8.610324244045463
57,58,Denmark,DNK,2002,33257.1622586509,76.8951219512195,10.412025429162616,10.412025429162615
58,59,Dominican Republic,DOM,2002,3065.60329524196,70.719,8.027999662685266,8.027999662685266
59,60,Algeria,DZA,2002,1937.46411413019,71.644,7.569135239316716,7.569135239316716
60,61,East Asia & Pacific (excluding high income),EAP,2002,1113.99915249896,71.3967499620569,7.015711659714014,7.015711659714014
61,62,Early-demographic dividend,EAR,2002,1251.30296598532,64.9680746751559,7.13194066019132,7.1319406601913204
62,63,East Asia & Pacific,EAS,2002,3813.81685560294,72.3571058107458,8.246385766025492,8.246385766025492
63,64,Europe & Central Asia (excluding high income),ECA,2002,1771.9219856658,69.3187306210866,7.479820104047879,7.479820104047879
64,65,Europe & Central Asia,ECS,2002,12849.7232593553,73.4464115251961,9.461077553854516,9.461077553854516
65,66,Ecuador,ECU,2002,2059.1585535974,73.164,7.630052709209913,7.630052709209913
66,67,"Egypt, Arab Rep.",EGY,2002,1116.82884626213,67.846,7.018248561063978,7.018248561063978
67,68,Euro area,EMU,2002,22047.2795660791,78.6341349112633,10.000944497575563,10.000944497575563
68,69,Eritrea,ERI,2002,304.775756465092,58.941,5.719576281492563,5.719576281492563
69,70,Spain,ESP,2002,17111.0685058941,79.5682926829268,9.747480814141166,9.747480814141166
70,71,Estonia,EST,2002,5343.18310760735,70.9048780487805,8.583576841931535,8.583576841931535
71,72,Ethiopia,ETH,2002,109.593813612988,52.085,4.696780927783857,4.696780927783857
72,73,European Union,EUU,2002,18797.8116316074,77.5340746440768,9.84149573946866,9.84149573946866
73,74,Fragile and conflict affected situations,FCS,2002,684.998396992158,56.1508566104113,6.529416498102053,6.529416498102053
74,75,Finland,FIN,2002,26989.389260959,78.119512195122,10.203199077410677,10.203199077410675
75,76,Fiji,FJI,2002,2136.56794118683,65.492,7.6669560548063265,7.6669560548063265
76,77,France,FRA,2002,24144.5727019529,79.2609756097561,10.09181490098612,10.09181490098612
77,78,Faroe Islands,FRO,2002,26937.6505602847,78.7876585365854,10.201280236075393,10.201280236075391
78,79,"Micronesia, Fed. Sts.",FSM,2002,2113.45987332485,63.907,7.656081633938203,7.656081633938203
79,80,Gabon,GAB,2002,3966.48001864663,62.175,8.285634335201733,8.285634335201733
80,81,United Kingdom,GBR,2002,30158.7017807858,78.1439024390244,10.314228776791802,10.314228776791802
81,82,Georgia,GEO,2002,853.526171868939,70.438,6.749376205934176,6.749376205934176
82,83,Ghana,GHA,2002,297.46164468774,58.709,5.695285291254727,5.695285291254727
83,85,Guinea,GIN,2002,495.916073559269,53.2,6.206406705874155,6.206406705874155
84,86,"Gambia, The",GMB,2002,376.531026962584,57.736,5.9310004527756846,5.9310004527756846
85,87,Guinea-Bissau,GNB,2002,362.034574570354,51.608,5.891739717127851,5.891739717127851
86,88,Equatorial Guinea,GNQ,2002,2264.21065580365,54.324,7.724981480844246,7.724981480844246
87,89,Greece,GRC,2002,13782.195640943,78.6414634146341,9.53113286721206,9.53113286721206
88,90,Grenada,GRD,2002,4984.47405931447,73.142,8.514083172178871,8.514083172178871
89,91,Greenland,GRL,2002,20657.9506323097,65.419512195122,9.935855542802358,9.935855542802358
90,92,Guatemala,GTM,2002,1669.33517469705,67.835,7.420180727164561,7.420180727164561
91,93,Guam,GUM,2002,20909.9590302806,75.506,9.947980833084586,9.947980833084586
92,94,Guyana,GUY,2002,950.866932470993,64.183,6.857374128960183,6.857374128960183
93,95,High income,HIC,2002,22929.756695357,76.4394038716135,10.040190765039313,10.040190765039311
94,96,"Hong Kong SAR, China",HKG,2002,24665.8362318216,81.4521951219512,10.113174416673973,10.113174416673973
95,97,Honduras,HND,2002,1132.49965345317,68.714,7.032182551355526,7.032182551355526
96,98,Heavily indebted poor countries (HIPC),HPC,2002,374.531772057964,54.0578953113424,5.925676637964728,5.925676637964728
97,99,Croatia,HRV,2002,6219.58164143945,74.7173170731707,8.735457923252417,8.735457923252417
98,100,Haiti,HTI,2002,720.969568042522,59.041,6.58059692840876,6.58059692840876
99,101,Hungary,HUN,2002,6658.04494326809,72.3487804878049,8.803581168377747,8.803581168377747
100,102,IBRD only,IBD,2002,1487.7220754011,68.9043764886684,7.305001420663781,7.305001420663781
101,103,IDA & IBRD total,IBT,2002,1256.62539530548,66.2936961520706,7.13618514930266,7.13618514930266
102,104,IDA total,IDA,2002,465.333742769282,57.3482456496394,6.142754874530501,6.142754874530501
103,105,IDA blend,IDB,2002,644.972024005814,56.270235525387,6.469206942220712,6.469206942220712
104,106,Indonesia,IDN,2002,881.002913569131,66.954,6.781060933046637,6.781060933046637
105,107,IDA only,IDX,2002,369.569993774013,57.9254259864038,5.912340150795422,5.912340150795422
106,108,Isle of Man,IMN,2002,24471.0798814847,75.785,10.105247286296027,10.105247286296029
107,109,India,IND,2002,469.149928973927,63.649,6.150922395342947,6.150922395342947
108,111,Ireland,IRL,2002,32705.4345565698,77.6341463414634,10.3952965374671,10.3952965374671
109,112,"Iran, Islamic Rep.",IRN,2002,1891.25756091033,71.112,7.544997262932158,7.544997262932158
110,113,Iraq,IRQ,2002,1266.15961275094,65.724,7.143743671179701,7.143743671179701
111,114,Iceland,ISL,2002,32749.379004627,80.5024390243903,10.396639279192843,10.396639279192843
112,115,Israel,ISR,2002,19076.4584298321,79.4512195121951,9.85621031088822,9.85621031088822
113,116,Italy,ITA,2002,22451.3964379368,80.2292682926829,10.019108093371198,10.019108093371198
114,117,Jamaica,JAM,2002,3680.64551727724,71.478,8.210843428083635,8.210843428083635
115,118,Jordan,JOR,2002,1706.26744384401,72.359,7.442063482379331,7.442063482379331
116,119,Japan,JPN,2002,32820.7936433254,81.6907317073171,10.39881754604962,10.398817546049619
117,120,Kazakhstan,KAZ,2002,1573.55219932325,64.441,7.361090889975983,7.361090889975983
118,121,Kenya,KEN,2002,402.936385605382,56.759,5.998778697390903,5.998778697390903
119,122,Kyrgyz Republic,KGZ,2002,321.726775366804,68.1560975609756,5.773702661638818,5.773702661638818
120,123,Cambodia,KHM,2002,350.147276634294,61.395,5.85835385635971,5.85835385635971
121,124,Kiribati,KIR,2002,810.10870037444,65.123,6.697168436655876,6.6971684366558755
122,125,St. Kitts and Nevis,KNA,2002,10453.6587064313,70.194,9.254707311564816,9.254707311564816
123,126,"Korea, Rep.",KOR,2002,13642.9424537101,76.7658536585366,9.520977630545485,9.520977630545483
124,127,Kuwait,KWT,2002,18512.7523035862,76.5316341463415,9.826215087306204,9.826215087306204
125,128,Latin America & Caribbean (excluding high income),LAC,2002,3658.15950641339,71.1603768802393,8.204715432815181,8.204715432815181
126,129,Lao PDR,LAO,2002,313.350817148131,59.302,5.74732338444814,5.74732338444814
127,130,Lebanon,LBN,2002,4290.85283803266,74.836,8.364240788908818,8.364240788908818
128,131,Liberia,LBR,2002,299.536445539621,54.061,5.702236098097439,5.702236098097439
129,132,Libya,LBY,2002,3718.29434696755,70.788,8.221020333240164,8.221020333240164
130,133,St. Lucia,LCA,2002,5567.89428424719,71.707,8.624772215527834,8.624772215527834
131,134,Latin America & Caribbean,LCN,2002,3839.19615833069,71.5629004971875,8.253018289900352,8.253018289900352
132,135,Least developed countries: UN classification,LDC,2002,337.91579001411,56.5342147022143,5.822796722471914,5.822796722471914
133,136,Low income,LIC,2002,358.708085875867,55.1214467481592,5.882508926452739,5.882508926452739
134,137,Liechtenstein,LIE,2002,79795.1785891101,79.6365853658537,11.287218362929789,11.287218362929787
135,138,Sri Lanka,LKA,2002,834.936014905338,72.271,6.727355093058832,6.727355093058832
136,139,Lower middle income,LMC,2002,573.648227115116,62.5595171567778,6.352016363706281,6.352016363706281
137,140,Low & middle income,LMY,2002,1168.21008818899,66.3414545368214,7.063228017238319,7.063228017238319
138,141,Lesotho,LSO,2002,388.92334985135,45.95,5.963382280118777,5.963382280118777
139,142,Late-demographic dividend,LTE,2002,1814.54824372473,71.9275718160017,7.50359181418875,7.50359181418875
140,143,Lithuania,LTU,2002,4148.13091485015,71.7609756097561,8.330413129808505,8.330413129808505
141,144,Luxembourg,LUX,2002,53005.7339209179,77.9658536585366,10.878155373869577,10.878155373869577
142,145,Latvia,LVA,2002,4003.60935783538,70.9609756097561,8.294951572697357,8.294951572697357
143,146,"Macao SAR, China",MAC,2002,16814.9926424134,80.9463414634146,9.73002618661337,9.73002618661337
144,148,Morocco,MAR,2002,1596.02062988281,67.582,7.37526870391795,7.37526870391795
145,149,Monaco,MCO,2002,90051.4459877468,83.055,11.408136408084806,11.408136408084806
146,150,Moldova,MDA,2002,570.799866188293,67.793,6.347038651174295,6.347038651174295
147,151,Madagascar,MDG,2002,304.941777398445,59.17,5.720120864609286,5.720120864609286
148,152,Maldives,MDV,2002,3076.07007160101,72.36,8.031408110470432,8.031408110470432
149,153,"Middle East, North Africa, Afghanistan & Pakistan",MEA,2002,2092.42427637017,66.9641479857025,7.64607861359421,7.64607861359421
150,154,Mexico,MEX,2002,7983.03398381759,73.106,8.985073816660112,8.985073816660112
151,155,Marshall Islands,MHL,2002,2566.06708799222,63.848,7.850129689803496,7.850129689803496
152,156,Middle income,MIC,2002,1228.47350986789,67.169524009184,7.113527628739648,7.113527628739648
153,157,North Macedonia,MKD,2002,1989.13537265159,73.0390243902439,7.5954553371973725,7.5954553371973725
154,158,Mali,MLI,2002,378.191678628285,51.995,5.935401153412982,5.935401153412982
155,159,Malta,MLT,2002,11251.2025296416,78.7390243902439,9.328230293443772,9.328230293443772
156,160,Myanmar,MMR,2002,146.598390364449,60.925,4.987696809613617,4.987696809613617
157,161,"Middle East, North Africa, Afghanistan & Pakistan (excluding high income)",MNA,2002,1168.28204981285,66.3529323677295,7.06328961524048,7.06328961524048
158,162,Montenegro,MNE,2002,2106.6350684523,73.9652195121951,7.6528471992079155,7.6528471992079155
159,163,Mongolia,MNG,2002,570.249213248399,63.540243902439,6.346073481502693,6.346073481502693
160,164,Northern Mariana Islands,MNP,2002,19227.8894246608,75.934,9.864117078251567,9.864117078251569
161,165,Mozambique,MOZ,2002,313.886661721198,50.879,5.749031970817656,5.749031970817656
162,166,Mauritania,MRT,2002,648.879643934862,62.249,6.475247251023901,6.475247251023901
163,167,Mauritius,MUS,2002,4073.06053055903,71.9658536585366,8.312149968956845,8.312149968956845
164,168,Malawi,MWI,2002,428.210439838398,48.176,6.059614756611291,6.059614756611291
165,169,Malaysia,MYS,2002,4184.03163773539,73.469,8.339030567316406,8.339030567316406
166,170,North America,NAC,2002,36652.0186585008,77.1919358768587,10.509223785156806,10.509223785156806
167,171,Namibia,NAM,2002,1772.07565537493,51.988,7.47990682516047,7.47990682516047
168,172,New Caledonia,NCL,2002,16104.5520406819,74.278,9.6868572464565,9.686857246456501
169,173,Niger,NER,2002,225.294391147438,50.645,5.41740795208809,5.41740795208809
170,174,Nigeria,NGA,2002,712.164852077686,48.02,6.568309418429133,6.568309418429133
171,175,Nicaragua,NIC,2002,1014.3339042591,67.95,6.921987424086836,6.921987424086836
172,176,Netherlands,NLD,2002,29446.5330872868,78.2926829268293,10.290331460156295,10.290331460156297
173,177,Norway,NOR,2002,43170.557174499,78.9878048780488,10.672913994986944,10.672913994986944
174,178,Nepal,NPL,2002,238.89140296106,63.507,5.476009067753154,5.476009067753154
175,179,Nauru,NRU,2002,2084.64824520971,59.427,7.642355412666746,7.642355412666746
176,180,New Zealand,NZL,2002,16874.1874918196,78.8463414634146,9.733540365948636,9.733540365948635
177,181,OECD members,OED,2002,23479.8118974849,77.2833606924084,10.063896262729571,10.063896262729573
178,182,Oman,OMN,2002,9869.13050219438,74.276,9.197167033531166,9.197167033531166
179,183,Other small states,OSS,2002,5142.08694078179,66.8105993387088,8.545214295652906,8.545214295652906
180,184,Pakistan,PAK,2002,599.937345723927,62.556,6.396825225970147,6.396825225970147
181,185,Panama,PAN,2002,4090.58616456082,74.195,8.316443555286554,8.316443555286554
182,186,Peru,PER,2002,2007.37019626753,70.815,7.604580784336899,7.604580784336899
183,187,Philippines,PHL,2002,1014.90879320106,67.886,6.9225540285231215,6.9225540285231215
184,188,Palau,PLW,2002,8340.18981304558,65.076,9.028841254451786,9.028841254451786
185,189,Papua New Guinea,PNG,2002,506.331789534482,61.643,6.227192164945692,6.227192164945692
186,190,Poland,POL,2002,5223.45178967082,74.4975609756098,8.560913724728092,8.560913724728092
187,191,Pre-demographic dividend,PRE,2002,523.615860228603,52.7425063657809,6.260758324311525,6.260758324311525
188,192,Puerto Rico (US),PRI,2002,18731.4593897378,76.819,9.837959709633807,9.837959709633807
189,194,Portugal,PRT,2002,12936.6928204482,77.0658536585366,9.46782295737135,9.46782295737135
190,195,Paraguay,PRY,2002,1367.76506935997,70.539,7.22093335051071,7.22093335051071
191,196,West Bank and Gaza,PSE,2002,1156.21747345769,70.88,7.0529091573673295,7.0529091573673295
192,197,Pacific island small states,PSS,2002,1695.01149741751,66.7584824574172,7.435444802928719,7.4354448029287195
193,198,Post-demographic dividend,PST,2002,26484.3378337689,77.771842585777,10.184308812109313,10.184308812109311
194,199,French Polynesia,PYF,2002,16004.0583292112,79.544,9.680597614635015,9.680597614635017
195,200,Qatar,QAT,2002,27226.6593510117,75.766,10.211951895475924,10.211951895475924
196,201,Romania,ROU,2002,2119.85509684554,71.009756097561,7.659103014785496,7.659103014785496
197,202,Russian Federation,RUS,2002,2377.52954101563,65.1287804878049,7.77381721958552,7.77381721958552
198,203,Rwanda,RWA,2002,234.043016755733,51.262,5.455504930752074,5.455504930752074
199,204,South Asia,SAS,2002,462.898836496672,63.7751981046195,6.137508534525041,6.137508534525041
200,205,Saudi Arabia,SAU,2002,10586.0543471363,73.296,9.267292786273666,9.267292786273666
201,206,Sudan,SDN,2002,506.262634277344,59.308,6.227055574706561,6.227055574706561
202,207,Senegal,SEN,2002,669.430447319209,58.912,6.506427272235233,6.506427272235233
203,208,Singapore,SGP,2002,22159.8373710639,78.5512195121951,10.006036801983385,10.006036801983383
204,209,Solomon Islands,SLB,2002,756.890296490792,67.35,6.629218324165289,6.629218324165289
205,210,Sierra Leone,SLE,2002,388.995111216836,46.174,5.9635667759735,5.9635667759735
206,211,El Salvador,SLV,2002,2115.41187355626,68.526,7.657004811791247,7.657004811791247
207,212,San Marino,SMR,2002,41790.8432718184,81.061,10.64043253403278,10.640432534032781
208,213,"Somalia, Fed. Rep.",SOM,2002,229.598918310039,50.82,5.436333953241104,5.436333953241104
209,214,Serbia,SRB,2002,2390.73459447107,72.2853658536585,7.779355959403001,7.779355959403001
210,215,Sub-Saharan Africa (excluding high income),SSA,2002,681.544934837755,52.3852327840586,6.524362184161424,6.524362184161424
211,217,Sub-Saharan Africa,SSF,2002,625.468994411852,52.3574847035736,6.43850175939276,6.43850175939276
212,218,Small states,SST,2002,5133.13224592248,67.320533039585,8.543471326094089,8.543471326094089
213,219,Sao Tome and Principe,STP,2002,568.10257252271,61.826,6.3423019878448725,6.3423019878448725
214,220,Suriname,SUR,2002,2202.340682196,65.274,7.697276020209244,7.697276020209244
215,221,Slovak Republic,SVK,2002,6554.62808369461,73.6048780487805,8.787926656784125,8.787926656784125
216,222,Slovenia,SVN,2002,11639.1297780477,76.0073170731707,9.362127957154552,9.362127957154552
217,223,Sweden,SWE,2002,29957.7776664916,79.8463414634146,10.307544258194069,10.307544258194069
218,224,Eswatini,SWZ,2002,1315.73634647994,45.38,7.182151747193492,7.182151747193492
219,226,Seychelles,SYC,2002,8864.16919495467,71.0878048780488,9.089772496683354,9.089772496683354
220,227,Syrian Arab Republic,SYR,2002,1183.2473451033,71.742,7.076017925051155,7.076017925051155
221,228,Turks and Caicos Islands,TCA,2002,17803.9471767733,74.843,9.787175463201065,9.787175463201065
222,229,Chad,TCD,2002,219.061391951349,48.36,5.389352019076768,5.389352019076768
223,230,East Asia & Pacific (IDA & IBRD countries),TEA,2002,1127.25093374819,71.534352902059,7.027537145642558,7.027537145642558
224,231,Europe & Central Asia (IDA & IBRD countries),TEC,2002,2340.82503908743,68.5629095629382,7.758258727016335,7.758258727016335
225,232,Togo,TGO,2002,445.238691488925,55.044,6.0986105237314,6.0986105237313994
226,233,Thailand,THA,2002,2089.75183111554,71.775,7.644800596815532,7.644800596815532
227,234,Tajikistan,TJK,2002,186.951638285222,64.898,5.230849964611375,5.230849964611375
228,235,Turkmenistan,TKM,2002,935.540801478466,65.593,6.841124759384611,6.841124759384611
229,236,Latin America & the Caribbean (IDA & IBRD countries),TLA,2002,3714.3747812476,71.4081069056409,8.219965647227463,8.219965647227463
230,237,Timor-Leste,TLS,2002,533.982465942154,59.477,6.280363003106785,6.280363003106785
231,238,"Middle East, North Africa, Afghanistan & Pakistan (IDA & IBRD)",TMN,2002,1168.35927304729,66.3239554028688,7.063355712877043,7.063355712877043
232,239,Tonga,TON,2002,1759.4805324576,70.03,7.472773892453542,7.472773892453542
233,240,South Asia (IDA & IBRD),TSA,2002,462.898836496672,63.7751981046195,6.137508534525041,6.137508534525041
234,241,Sub-Saharan Africa (IDA & IBRD countries),TSS,2002,625.468994411852,52.3574847035736,6.43850175939276,6.43850175939276
235,242,Trinidad and Tobago,TTO,2002,6762.93080808096,69.232,8.819211626571985,8.819211626571985
236,243,Tunisia,TUN,2002,2320.7723805785,73.07,7.749655331917049,7.749655331917049
237,244,Turkiye,TUR,2002,3591.08628982587,72.605,8.18621002340713,8.18621002340713
238,245,Tuvalu,TUV,2002,1750.25175052348,63.825,7.467514914013059,7.467514914013059
239,246,Tanzania,TZA,2002,402.649047851563,54.94,5.998065333533836,5.998065333533836
240,247,Uganda,UGA,2002,241.984688408335,51.443,5.488874453115051,5.488874453115051
241,248,Ukraine,UKR,2002,903.011901855469,67.699,6.805735733679482,6.805735733679482
242,249,Upper middle income,UMC,2002,1829.51821405556,71.4010777486735,7.51180794016568,7.5118079401656805
243,250,Uruguay,URY,2002,4149.76140312687,74.979,8.330806118349505,8.330806118349505
244,251,United States,USA,2002,37997.7596573051,76.9365853658537,10.545282480583818,10.545282480583818
245,252,Uzbekistan,UZB,2002,381.409296889283,66.376,5.943873068562165,5.943873068562165
246,253,St. Vincent and the Grenadines,VCT,2002,4303.27976789727,70.658,8.367132747666124,8.367132747666124
247,254,"Venezuela, RB",VEN,2002,3652.09896501865,72.823,8.203057340202744,8.203057340202744
248,256,Virgin Islands (U.S.),VIR,2002,30062.0225050457,77.5219512195122,10.311017943313932,10.311017943313932
249,257,Viet Nam,VNM,2002,445.132861817313,73.138,6.098372803485919,6.098372803485919
250,258,Vanuatu,VUT,2002,1340.71537528287,68.836,7.200958612642652,7.200958612642652
251,259,World,WLD,2002,5530.02104262965,68.2305633063393,8.617946899686293,8.617946899686293
252,260,Samoa,WSM,2002,1527.55790455937,71.233,7.331425598385765,7.331425598385765
253,262,"Yemen, Rep.",YEM,2002,513.241486570603,63.807,6.240746468466008,6.240746468466008
254,263,South Africa,ZAF,2002,2688.23676032806,55.58,7.896640778243372,7.896640778243372
255,264,Zambia,ZMB,2002,393.864625518616,48.461,5.9760072602030725,5.9760072602030725
256,265,Zimbabwe,ZWE,2002,524.936478570323,45.938,6.263277262071972,6.263277262071972
257,266,Aruba,ABW,2003,21949.4859960868,73.236,9.996499001194364,9.996499001194364
258,267,Africa Eastern and Southern,AFE,2003,815.432296267735,53.6783047685822,6.703718397483704,6.703718397483704
259,268,Afghanistan,AFG,2003,198.871115728727,57.171,5.29265695524774,5.29265695524774
260,269,Africa Western and Central,AFW,2003,697.481256337088,51.5783635279193,6.547475640699446,6.547475640699446
261,270,Angola,AGO,2003,1133.66331960607,50.218,7.0332095439143245,7.0332095439143245
262,271,Albania,ALB,2003,1908.69900687608,75.557,7.554177140721403,7.554177140721403
263,272,Andorra,AND,2003,34063.575598394,82.718,10.435983928107609,10.435983928107609
264,273,Arab World,ARB,2003,2696.67212547749,67.6503349498777,7.899773745663277,7.8997737456632775
265,274,United Arab Emirates,ARE,2003,29659.5428567811,79.6,10.297539202787611,10.297539202787613
266,275,Argentina,ARG,2003,3320.47775133903,74.307,8.107863952563509,8.107863952563509
267,276,Armenia,ARM,2003,882.030167695474,72.8268292682927,6.782226259158222,6.782226259158222
268,277,American Samoa,ASM,2003,9197.66196836987,71.698,9.126704596866809,9.126704596866807
269,278,Antigua and Barbuda,ATG,2003,12173.2319860305,75.313,9.406994720652676,9.406994720652675
270,279,Australia,AUS,2003,23757.5898471684,80.2390243902439,10.075657330922722,10.075657330922722
271,280,Austria,AUT,2003,32110.1159661425,78.6317073170732,10.376926398604366,10.376926398604366
272,281,Azerbaijan,AZE,2003,883.692580745256,67.036,6.784109242817396,6.784109242817396
273,282,Burundi,BDI,2003,111.406682804391,50.997,4.713187314961323,4.713187314961323
274,283,Belgium,BEL,2003,30655.2092679024,78.1292682926829,10.330557886723884,10.330557886723884
275,284,Benin,BEN,2003,676.002878084282,57.092,6.516197333555028,6.516197333555028
276,285,Burkina Faso,BFA,2003,362.373899996953,51.959,5.892676551699311,5.892676551699311
277,286,Bangladesh,BGD,2003,426.74880754362,64.288,6.056195567396762,6.056195567396762
278,287,Bulgaria,BGR,2003,2719.49436859287,72.0658536585366,7.90820124810995,7.90820124810995
279,288,Bahrain,BHR,2003,14486.0269029822,75.486,9.58093980192476,9.58093980192476
280,289,"Bahamas, The",BHS,2003,26429.1247787663,73.213,10.182221892360902,10.182221892360902
281,290,Bosnia and Herzegovina,BIH,2003,2033.94700935864,76.449,7.617733523839754,7.617733523839754
282,291,Belarus,BLR,2003,1819.52653114699,68.5536585365854,7.506331598505119,7.506331598505119
283,292,Belize,BLZ,2003,4959.74012434605,69.819,8.509108624061273,8.509108624061273
284,293,Bermuda,BMU,2003,67106.8028083224,78.715,11.114040700955313,11.114040700955313
285,294,Bolivia,BOL,2003,893.013760211149,63.455,6.794601989728833,6.794601989728833
286,295,Brazil,BRA,2003,3090.6068907839,70.884,8.03612275539133,8.03612275539133
287,296,Barbados,BRB,2003,12075.9587020649,74.865,9.39897187098525,9.39897187098525
288,297,Brunei Darussalam,BRN,2003,20677.9001143188,74.509,9.93682078160585,9.93682078160585
289,298,Bhutan,BTN,2003,1022.38240311018,64.662,6.929890872119696,6.929890872119696
290,299,Botswana,BWA,2003,4230.12326909926,52.851,8.349986413246745,8.349986413246745
291,300,Central African Republic,CAF,2003,278.403992150941,47.306,5.629073267980086,5.629073267980086
292,301,Canada,CAN,2003,28301.8645937428,79.7151219512195,10.250682968165588,10.250682968165588
293,302,Central Europe and the Baltics,CEB,2003,5948.84961048537,73.3822527825258,8.690953137070984,8.690953137070984
294,303,Switzerland,CHE,2003,49335.7456291067,80.5365853658537,10.806404160769976,10.806404160769977
295,304,Channel Islands,CHI,2003,48570.7796632166,79.4,10.790777387572836,10.790777387572835
296,305,Chile,CHL,2003,4773.40177520754,77.884,8.470814490125202,8.470814490125202
297,306,China,CHN,2003,1306.97245408557,73.385,7.175468637721614,7.175468637721614
298,307,Cote d'Ivoire,CIV,2003,1111.17135087887,51.443,7.013170008961324,7.013170008961324
299,308,Cameroon,CMR,2003,988.241276791846,54.253,6.89592687521332,6.89592687521332
300,309,"Congo, Dem. Rep.",COD,2003,161.491553524396,52.952,5.084452841136471,5.084452841136471
301,310,"Congo, Rep.",COG,2003,1016.82363412143,57.131,6.924438963233587,6.924438963233587
302,311,Colombia,COL,2003,2311.94218760291,72.309,7.745843224117566,7.745843224117566
303,312,Comoros,COM,2003,959.691049354812,60.24,6.86661140907682,6.86661140907682
304,313,Cabo Verde,CPV,2003,1717.97565369655,70.006,7.448901931137937,7.448901931137937
305,314,Costa Rica,CRI,2003,4173.14856415514,78.214,8.336426081241125,8.336426081241125
306,315,Caribbean small states,CSS,2003,7551.08983381761,69.0876488979237,8.929447180675792,8.929447180675792
307,316,Cuba,CUB,2003,3202.78109865637,77.405,8.071774804674998,8.071774804674998
308,317,Curacao,CUW,2003,16695.7351137757,73.603,9.722908583380566,9.722908583380566
309,319,Cyprus,CYP,2003,20252.24609375,78.908,9.916020984593592,9.916020984593592
310,320,Czechia,CZE,2003,9852.45677945801,75.1707317073171,9.195476122300644,9.195476122300644
311,321,Germany,DEU,2003,30711.1022511331,78.3804878048781,10.332379505045171,10.332379505045171
312,322,Djibouti,DJI,2003,764.634465224597,58.041,6.639397896396814,6.639397896396814
313,323,Dominica,DMA,2003,5447.44011496284,71.942,8.60290107363542,8.60290107363542
314,324,Denmark,DNK,2003,40519.0974905924,77.1439024390244,10.609528684930767,10.609528684930767
315,325,Dominican Republic,DOM,2003,2383.26171780393,70.856,7.776225298094603,7.776225298094603
316,326,Algeria,DZA,2003,2283.77299346126,71.906,7.733584175933271,7.733584175933271
317,327,East Asia & Pacific (excluding high income),EAP,2003,1251.27771535816,71.80399562865,7.131920480520511,7.131920480520511
318,328,Early-demographic dividend,EAR,2003,1368.47911219559,65.2791550496845,7.221455265080062,7.221455265080062
319,329,East Asia & Pacific,EAS,2003,4162.83398166818,72.7346908938812,8.333951366906176,8.333951366906176
320,330,Europe & Central Asia (excluding high income),ECA,2003,2249.74301490831,69.5879019097604,7.718571273079061,7.718571273079061
321,331,Europe & Central Asia,ECS,2003,15584.8646461506,73.5627467942119,9.65405550728407,9.65405550728407
322,332,Ecuador,ECU,2003,2315.62215223014,73.632,7.747433678677548,7.747433678677548
323,333,"Egypt, Arab Rep.",EGY,2003,1031.27556291284,68.045,6.938551725620784,6.938551725620784
324,334,Euro area,EMU,2003,27010.5876151819,78.6557621579425,10.20398420201769,10.20398420201769
325,335,Eritrea,ERI,2003,348.950327077742,59.455,5.854929582782515,5.854929582782515
326,336,Spain,ESP,2003,21522.0170990262,79.619512195122,9.9768317412506,9.9768317412506
327,337,Estonia,EST,2003,7205.40703313243,71.3170731707317,8.882586999986096,8.882586999986096
328,338,Ethiopia,ETH,2003,116.800491132777,52.877,4.760467275289199,4.760467275289199
329,339,European Union,EUU,2003,23020.9558032659,77.5923748441053,10.04416020197282,10.04416020197282
330,340,Fragile and conflict affected situations,FCS,2003,703.739369790737,56.4469254565792,6.556408074246725,6.5564080742467254
331,341,Finland,FIN,2003,32920.0857192568,78.3682926829268,10.401838258653251,10.401838258653253
332,342,Fiji,FJI,2003,2655.58079586044,65.653,7.884418665255533,7.8844186652555335
333,343,France,FRA,2003,29479.5222101175,79.1146341463415,10.29145113891676,10.291451138916761
334,344,Faroe Islands,FRO,2003,31269.6031997217,78.9848073170732,10.350401760883742,10.350401760883742
335,345,"Micronesia, Fed. Sts.",FSM,2003,2145.87755337517,64.915,7.6713038634896895,7.6713038634896895
336,346,Gabon,GAB,2003,4710.74862768151,62.463,8.457602118686209,8.457602118686209
337,347,United Kingdom,GBR,2003,34556.7726095905,78.4463414634146,10.450358833418164,10.450358833418164
338,348,Georgia,GEO,2003,1010.03151630868,71.377,6.917736813614482,6.917736813614482
339,349,Ghana,GHA,2003,358.39927142073,59.014,5.881647648232442,5.881647648232442
340,351,Guinea,GIN,2003,566.48540588068,53.589,6.339451318230974,6.339451318230974
341,352,"Gambia, The",GMB,2003,308.719123437587,58.223,5.7324318778809005,5.7324318778809005
342,353,Guinea-Bissau,GNB,2003,419.78486611807,52.186,6.039742356517722,6.039742356517722
343,354,Equatorial Guinea,GNQ,2003,2930.60183743733,54.791,7.982963086187052,7.982963086187052
344,355,Greece,GRC,2003,18020.612039764,78.8414634146341,9.79927149505636,9.79927149505636
345,356,Grenada,GRD,2003,5427.96377252312,73.291,8.599319346747357,8.599319346747357
346,357,Greenland,GRL,2003,27466.6494525504,66.1229268292683,10.220727800501724,10.220727800501724
347,358,Guatemala,GTM,2003,1722.54701910774,68.204,7.45155929952991,7.45155929952991
348,359,Guam,GUM,2003,21877.3178371553,75.885,9.993205663882591,9.993205663882591
349,360,Guyana,GUY,2003,973.742598054188,64.117,6.881146995671279,6.881146995671279
350,361,High income,HIC,2003,25606.6766440821,76.5483183567683,10.150608402873033,10.150608402873031
351,362,"Hong Kong SAR, China",HKG,2003,23977.1734120477,81.3434146341464,10.084857548908689,10.084857548908687
352,363,Honduras,HND,2003,1156.08162681357,68.874,7.052791658169877,7.052791658169877
353,364,Heavily indebted poor countries (HIPC),HPC,2003,412.76823992883,54.6077380074253,6.022886273050557,6.022886273050557
354,365,Croatia,HRV,2003,8190.11135193887,74.6139024390244,9.01068277284002,9.01068277284002
355,366,Haiti,HTI,2003,578.995291079709,59.44,6.36129434468968,6.3612943446896795
356,367,Hungary,HUN,2003,8410.09248198479,72.3,9.037187749575352,9.037187749575352
357,368,IBRD only,IBD,2003,1652.80701731862,69.1727555942431,7.410230344071886,7.410230344071886
358,369,IDA & IBRD total,IBT,2003,1392.4121168826,66.5869156310433,7.238792858055841,7.238792858055841
359,370,IDA total,IDA,2003,512.41649453404,57.8418147924414,6.239137760242252,6.239137760242252
360,371,IDA blend,IDB,2003,712.27750643014,56.6359126305936,6.568467591698856,6.568467591698856
361,372,Indonesia,IDN,2003,1043.2105838671,67.134,6.950058336699048,6.950058336699048
362,373,IDA only,IDX,2003,405.748336914012,58.4879653341972,6.005733107591506,6.005733107591506
363,374,Isle of Man,IMN,2003,28861.6178062918,76.319,10.270267887800792,10.270267887800792
364,375,India,IND,2003,544.143133545002,64.086,6.299212325381947,6.299212325381947
365,377,Ireland,IRL,2003,41203.5295847568,78.1390243902439,10.626279201201124,10.626279201201125
366,378,"Iran, Islamic Rep.",IRN,2003,2208.99636552406,70.464,7.700293558115034,7.700293558115034
367,379,Iraq,IRQ,2003,817.887862499622,64.834,6.706725239796635,6.706725239796635
368,380,Iceland,ISL,2003,39944.2104095591,80.9634146341464,10.595239019780209,10.595239019780207
369,381,Israel,ISR,2003,19643.4690380742,79.6487804878049,9.885500197577498,9.885500197577498
370,382,Italy,ITA,2003,27577.5700319855,79.9829268292683,10.224758041301303,10.224758041301303
371,383,Jamaica,JAM,2003,3549.70758394618,71.585,8.174620508357421,8.174620508357421
372,384,Jordan,JOR,2003,1775.67625581432,72.585,7.481936618542729,7.481936618542729
373,385,Japan,JPN,2003,35387.0374203599,81.76,10.474100857497485,10.474100857497485
374,386,Kazakhstan,KAZ,2003,1958.02050246511,64.753,7.579689294161839,7.579689294161839
375,387,Kenya,KEN,2003,442.898457253405,57.369,6.093340527638834,6.093340527638834
376,388,Kyrgyz Republic,KGZ,2003,380.505828812441,68.2560975609756,5.941501496008169,5.941501496008169
377,389,Cambodia,KHM,2003,386.691123931778,62.345,5.957626244979708,5.957626244979708
378,390,Kiribati,KIR,2003,1020.50033851394,65.287,6.928048313963651,6.928048313963651
379,391,St. Kitts and Nevis,KNA,2003,10175.6295449989,70.614,9.227750880141182,9.227750880141182
380,392,"Korea, Rep.",KOR,2003,15211.5483770422,77.2146341463415,9.629810180009104,9.629810180009105
381,393,Kuwait,KWT,2003,22690.655175144,76.6445609756098,10.029708452418449,10.029708452418447
382,394,Latin America & Caribbean (excluding high income),LAC,2003,3686.28727046314,71.5477623914144,8.21237507074996,8.21237507074996
383,395,Lao PDR,LAO,2003,355.097216151461,59.643,5.872391600299785,5.872391600299785
384,396,Lebanon,LBN,2003,4437.71588507526,75.275,8.397895082758096,8.397895082758096
385,397,Liberia,LBR,2003,239.779556677091,53.045,5.47971998740421,5.47971998740421
386,398,Libya,LBY,2003,4674.09943200321,70.996,8.449791788300685,8.449791788300685
387,399,St. Lucia,LCA,2003,6058.60622059326,72.188,8.709235056008314,8.709235056008314
388,400,Latin America & Caribbean,LCN,2003,3862.13747257956,71.878308455923,8.258976058569212,8.258976058569212
389,401,Least developed countries: UN classification,LDC,2003,373.651845746871,57.1733298277804,5.923324470138944,5.923324470138944
390,402,Low income,LIC,2003,389.594478375983,56.2237167089209,5.965106399121703,5.965106399121703
391,403,Liechtenstein,LIE,2003,90108.3673647008,79.9609756097561,11.408768306817256,11.408768306817256
392,404,Sri Lanka,LKA,2003,946.382255128072,72.442,6.852646562623722,6.852646562623722
393,405,Lower middle income,LMC,2003,639.329708425508,62.9752203112398,6.460420296934656,6.460420296934656
394,406,Low & middle income,LMY,2003,1289.04927474148,66.6914174007525,7.161660229315983,7.161660229315983
395,407,Lesotho,LSO,2003,583.270036200288,44.921,6.368650262990948,6.368650262990948
396,408,Late-demographic dividend,LTE,2003,2054.82227278492,72.3420403334068,7.627944637927456,7.627944637927456
397,409,Lithuania,LTU,2003,5507.47434187652,72.0609756097561,8.613861419905142,8.613861419905142
398,410,Luxembourg,LUX,2003,65689.3214536911,77.7268292682927,11.092691656311036,11.092691656311036
399,411,Latvia,LVA,2003,4914.57992829302,71.2658536585366,8.499961561643484,8.499961561643484
400,412,"Macao SAR, China",MAC,2003,18589.8998330534,81.0439024390244,9.830373692484374,9.830373692484374
401,414,Morocco,MAR,2003,1941.87255859375,67.958,7.5714080229048095,7.5714080229048095
402,415,Monaco,MCO,2003,111110.451312249,83.613,11.618280042420665,11.618280042420665
403,416,Moldova,MDA,2003,682.319095965299,67.9,6.525497431067572,6.525497431067572
404,417,Madagascar,MDG,2003,352.620095849925,59.693,5.865391261674723,5.865391261674723
405,418,Maldives,MDV,2003,3548.5767011056,73.263,8.174301872809806,8.174301872809806
406,419,"Middle East, North Africa, Afghanistan & Pakistan",MEA,2003,2279.51886072397,67.083794061249,7.731719673681109,7.731719673681109
407,420,Mexico,MEX,2003,7434.0746485155,73.308,8.913829392307386,8.913829392307386
408,421,Marshall Islands,MHL,2003,2539.3307383954,63.956,7.839655836472596,7.839655836472596
409,422,Middle income,MIC,2003,1357.07541063235,67.4764411741404,7.213087229869566,7.213087229869566
410,423,North Macedonia,MKD,2003,2445.36286400013,73.2414634146342,7.8019488015312035,7.8019488015312035
411,424,Mali,MLI,2003,441.910358475095,52.632,6.0911070526293205,6.0911070526293205
412,425,Malta,MLT,2003,13593.9787155682,78.5463414634146,9.517382232182849,9.517382232182849
413,426,Myanmar,MMR,2003,224.292688912409,61.196,5.4129518458652335,5.4129518458652335
414,427,"Middle East, North Africa, Afghanistan & Pakistan (excluding high income)",MNA,2003,1263.87606211705,66.4455527298438,7.141938517776792,7.141938517776792
415,428,Montenegro,MNE,2003,2789.15906483509,74.0557317073171,7.933495418928778,7.9334954189287785
416,429,Mongolia,MNG,2003,643.168068921658,63.5753658536585,6.466406072542986,6.466406072542986
417,430,Northern Mariana Islands,MNP,2003,18938.8728389967,76.505,9.848971852772564,9.848971852772564
418,431,Mozambique,MOZ,2003,339.488737800648,51.383,5.827440773549101,5.827440773549101
419,432,Mauritania,MRT,2003,732.017820812675,62.805,6.595804859037474,6.595804859037474
420,433,Mauritius,MUS,2003,4858.26575549747,72.1170731707317,8.488436812779224,8.488436812779224
421,434,Malawi,MWI,2003,383.348596852642,49.601,5.948944749772933,5.948944749772933
422,435,Malaysia,MYS,2003,4465.32194567208,73.727,8.404096595005068,8.404096595005068
423,436,North America,NAC,2003,38395.5205652019,77.3002796759891,10.555696079823583,10.555696079823583
424,437,Namibia,NAM,2003,2569.24739317883,51.918,7.8513682918812675,7.8513682918812675
425,438,New Caledonia,NCL,2003,20768.1061488848,74.5,9.94117373066587,9.94117373066587
426,439,Niger,NER,2003,265.225363452469,51.545,5.580579892699638,5.580579892699638
427,440,Nigeria,NGA,2003,763.388745367223,48.618,6.637767397429625,6.637767397429625
428,441,Nicaragua,NIC,2003,1021.35216668794,68.749,6.928882681990968,6.9288826819909675
429,442,Netherlands,NLD,2003,35896.7504630706,78.4926829268293,10.48840205403051,10.48840205403051
430,443,Norway,NOR,2003,50250.3298214345,79.390243902439,10.824772389510418,10.824772389510418
431,444,Nepal,NPL,2003,246.429706587633,64.229,5.507076786842106,5.507076786842106
432,445,Nauru,NRU,2003,2463.28259078079,59.359,7.809250125920209,7.809250125920209
433,446,New Zealand,NZL,2003,21913.7081719961,79.1463414634146,9.994867663910163,9.994867663910165
434,447,OECD members,OED,2003,26073.4116073956,77.4260355491099,10.16867136171036,10.16867136171036
435,448,Oman,OMN,2003,10463.5425832141,74.521,9.255652359363664,9.255652359363665
436,449,Other small states,OSS,2003,6311.76435003034,67.0073081269231,8.750170528183409,8.750170528183409
437,450,Pakistan,PAK,2003,672.44178669894,62.834,6.510915545199785,6.510915545199785
438,451,Panama,PAN,2003,4264.66428949623,74.567,8.358118743931211,8.358118743931211
439,452,Peru,PER,2003,2129.44114197634,71.278,7.663614849618223,7.663614849618223
440,453,Philippines,PHL,2003,1027.2301192843,68.049,6.934621254238981,6.934621254238981
441,454,Palau,PLW,2003,7862.3931898737,65.446,8.96984631616268,8.96984631616268
442,455,Papua New Guinea,PNG,2003,577.467922387259,61.741,6.358652895203464,6.3586528952034636
443,456,Poland,POL,2003,5720.81366178104,74.5975609756098,8.651866322820595,8.651866322820595
444,457,Pre-demographic dividend,PRE,2003,554.26625446439,53.2940210781562,6.317645175020639,6.317645175020639
445,458,Puerto Rico (US),PRI,2003,19557.1202492358,76.941,9.881094706228232,9.881094706228232
446,460,Portugal,PRT,2003,15797.7821340276,77.219512195122,9.667624837898014,9.667624837898014
447,461,Paraguay,PRY,2003,1443.99885236205,70.795,7.275171524689332,7.275171524689332
448,462,West Bank and Gaza,PSE,2003,1257.69857009689,70.967,7.137038798133397,7.137038798133397
449,463,Pacific island small states,PSS,2003,1997.28052538689,66.9599297545214,7.5995417969539005,7.5995417969539005
450,464,Post-demographic dividend,PST,2003,29550.1857442906,77.8873480039422,10.293845308577284,10.293845308577284
451,465,French Polynesia,PYF,2003,19582.8936395312,79.71,9.882411690636763,9.882411690636765
452,466,Qatar,QAT,2003,31602.470865136,76.097,10.360990588452855,10.360990588452857
453,467,Romania,ROU,2003,2679.40626016154,71.309756097561,7.893350504244403,7.893350504244403
454,468,Russian Federation,RUS,2003,2975.123046875,65.0275609756098,7.998040677418534,7.998040677418534
455,469,Rwanda,RWA,2003,249.012274982252,53.529,5.517502192367123,5.517502192367123
456,470,South Asia,SAS,2003,532.66154684429,64.2408303344517,6.277886225930359,6.277886225930359
457,471,Saudi Arabia,SAU,2003,11487.220410693,73.657,9.348990427799135,9.348990427799137
458,472,Sudan,SDN,2003,580.320251464844,58.319,6.3635801088555,6.3635801088555
459,473,Senegal,SEN,2003,817.888034221442,59.474,6.70672544975427,6.70672544975427
460,474,Singapore,SGP,2003,23730.3840054566,79.0390243902439,10.074511531576864,10.074511531576864
461,475,Solomon Islands,SLB,2003,895.984242546501,67.479,6.79792282637665,6.79792282637665
462,476,Sierra Leone,SLE,2003,413.817607346927,46.784,6.025425314785434,6.025425314785434
463,477,El Salvador,SLV,2003,2207.83089518069,68.792,7.69976581713644,7.6997658171364405
464,478,San Marino,SMR,2003,52529.9093701059,81.33,10.869137988648706,10.869137988648706
465,479,"Somalia, Fed. Rep.",SOM,2003,286.273025198975,50.721,5.656945989009869,5.656945989009869
466,480,Serbia,SRB,2003,3153.9011312754,72.4365853658537,8.056395419940785,8.056395419940785
467,481,Sub-Saharan Africa (excluding high income),SSA,2003,837.714582574766,52.8197020106395,6.730677448880716,6.730677448880716
468,483,Sub-Saharan Africa,SSF,2003,766.500842930002,52.827473572176,6.641835798024248,6.641835798024248
469,484,Small states,SST,2003,6060.64034085427,67.5137796957376,8.709570740288651,8.709570740288651
470,485,Sao Tome and Principe,STP,2003,663.696211810494,62.158,6.49782453245214,6.49782453245214
471,486,Suriname,SUR,2003,2516.10404020956,65.778,7.830466968400026,7.830466968400026
472,487,Slovak Republic,SVK,2003,8675.39633696465,73.6048780487805,9.068246291029602,9.068246291029602
473,488,Slovenia,SVN,2003,14711.674874253,76.8585365853659,9.5963966666825,9.5963966666825
474,489,Sweden,SWE,2003,37292.2419727801,80.0951219512195,10.52654059399309,10.52654059399309
475,490,Eswatini,SWZ,2003,2015.21743065251,44.632,7.608482374590369,7.608482374590369
476,492,Seychelles,SYC,2003,9070.28460757013,71.0292682926829,9.112758921621296,9.112758921621296
477,493,Syrian Arab Republic,SYR,2003,1220.179077256,72.188,7.106752911591557,7.106752911591557
478,494,Turks and Caicos Islands,TCA,2003,18859.1890274773,75.262,9.844755555659402,9.844755555659402
479,495,Chad,TCD,2003,289.087621122168,48.609,5.666729829434396,5.666729829434396
480,496,East Asia & Pacific (IDA & IBRD countries),TEA,2003,1266.10778867241,71.8352733706059,7.143702740211267,7.143702740211267
481,497,Europe & Central Asia (IDA & IBRD countries),TEC,2003,2879.65363440365,68.6968166323048,7.96542530006541,7.9654253000654105
482,498,Togo,TGO,2003,538.16537776929,55.312,6.28816590654926,6.28816590654926
483,499,Thailand,THA,2003,2347.54001286066,72.101,7.761123255819226,7.761123255819226
484,500,Tajikistan,TJK,2003,233.58124845289,65.874,5.453529975698238,5.453529975698238
485,501,Turkmenistan,TKM,2003,1228.94870289404,65.854,7.113914369796684,7.113914369796684
486,502,Latin America & the Caribbean (IDA & IBRD countries),TLA,2003,3728.72739078731,71.719940779411,8.223822272327453,8.223822272327453
487,503,Timor-Leste,TLS,2003,534.901171348385,60.13,6.282082003380357,6.282082003380357
488,504,"Middle East, North Africa, Afghanistan & Pakistan (IDA & IBRD)",TMN,2003,1263.91574540151,66.4165076290855,7.14196991536606,7.14196991536606
489,505,Tonga,TON,2003,1936.04104012389,70.228,7.56840046602294,7.56840046602294
490,506,South Asia (IDA & IBRD),TSA,2003,532.66154684429,64.2408303344517,6.277886225930359,6.277886225930359
491,507,Sub-Saharan Africa (IDA & IBRD countries),TSS,2003,766.500842930002,52.827473572176,6.641835798024248,6.641835798024248
492,508,Trinidad and Tobago,TTO,2003,8445.04653518298,69.454,9.041335339609546,9.041335339609546
493,509,Tunisia,TUN,2003,2725.8643148859,73.304,7.910540836581116,7.910540836581116
494,510,Turkiye,TUR,2003,4649.63668068586,72.906,8.44454436234301,8.44454436234301
495,511,Tuvalu,TUV,2003,2006.84249941442,63.897,7.604317870088873,7.604317870088873
496,512,Tanzania,TZA,2003,422.18359375,55.929,6.045440275706088,6.045440275706088
497,513,Uganda,UGA,2003,250.71543664681,52.414,5.524318577448173,5.524318577448173
498,514,Ukraine,UKR,2003,1076.48156738281,67.638,6.98145319392936,6.98145319392936
499,515,Upper middle income,UMC,2003,2022.46978917982,71.649535070684,7.612074711456347,7.612074711456347
500,516,Uruguay,URY,2003,3671.12329256883,75.086,8.208252968486878,8.208252968486878
501,517,United States,USA,2003,39490.2749557007,77.0365853658537,10.583809716922971,10.583809716922971
502,518,Uzbekistan,UZB,2003,394.164028897235,66.852,5.976767139660115,5.976767139660115
503,519,St. Vincent and the Grenadines,VCT,2003,4499.61454193342,70.43,8.411747014741483,8.411747014741483
504,520,"Venezuela, RB",VEN,2003,3229.50557082079,72.056,8.080084330450383,8.080084330450383
505,522,Virgin Islands (U.S.),VIR,2003,31731.2566241187,77.5219512195122,10.365057487452624,10.365057487452624
506,523,Viet Nam,VNM,2003,497.117089249256,73.236,6.2088255903999965,6.2088255903999965
507,524,Vanuatu,VUT,2003,1566.51396790858,68.933,7.356608026987399,7.3566080269873995
508,525,World,WLD,2003,6122.43446098027,68.5149632959636,8.719715084151677,8.719715084151677
509,526,Samoa,WSM,2003,1798.12429714048,71.441,7.494499343421054,7.494499343421054
510,528,"Yemen, Rep.",YEM,2003,548.905883049973,64.407,6.307926993388684,6.307926993388684
511,529,South Africa,ZAF,2003,4062.21755993786,54.245,8.309484300513505,8.309484300513505
512,530,Zambia,ZMB,2003,446.290104839041,49.616,6.100969199843479,6.100969199843479
513,531,Zimbabwe,ZWE,2003,468.471932927213,45.373,6.1494761915108205,6.1494761915108205
514,532,Aruba,ABW,2004,23700.6319899197,73.223,10.07325699300902,10.073256993009021
515,533,Africa Eastern and Southern,AFE,2004,989.015463629244,54.1929278660434,6.896709967121553,6.896709967121553
516,534,Afghanistan,AFG,2004,221.763653873013,57.81,5.401612192565894,5.401612192565894
517,535,Africa Western and Central,AFW,2004,838.213391665852,52.1063422570697,6.731272712058468,6.731272712058468
518,536,Angola,AGO,2004,1451.47117872493,51.123,7.280332927067017,7.280332927067017
519,537,Albania,ALB,2004,2446.90949947798,75.951,7.802581078483289,7.802581078483289
520,538,Andorra,AND,2004,39021.1107100919,82.815,10.571858078920412,10.571858078920412
521,539,Arab World,ARB,2004,3133.70187873975,67.7331029040443,8.049970293547581,8.049970293547581
522,540,United Arab Emirates,ARE,2004,33376.7152295209,80.272,10.415613787026816,10.415613787026816
523,541,Argentina,ARG,2004,4242.02099089422,74.871,8.352795083460856,8.352795083460856
524,542,Armenia,ARM,2004,1130.08791444158,73.0268292682927,7.030050709070872,7.0300507090708715
525,543,American Samoa,ASM,2004,8958.42866697173,72.277,9.100350118599748,9.100350118599748
526,544,Antigua and Barbuda,ATG,2004,13037.8895772257,75.329,9.475614980145483,9.475614980145483
527,545,Australia,AUS,2004,30886.0500949401,80.490243902439,10.338059907711958,10.338059907711958
528,546,Austria,AUT,2004,36614.2506533707,79.1804878048781,10.508192805721654,10.508192805721654
529,547,Azerbaijan,AZE,2004,1045.0136328106,67.488,6.951785210065586,6.951785210065586
530,548,Burundi,BDI,2004,125.194965184533,52.217,4.82987224367634,4.82987224367634
531,549,Belgium,BEL,2004,35429.4077933344,78.8780487804878,10.475297482883086,10.475297482883086
532,550,Benin,BEN,2004,758.695803786371,57.346,6.631600911534442,6.631600911534442
533,551,Burkina Faso,BFA,2004,403.81283743461,52.6,6.000951496940038,6.000951496940038
534,552,Bangladesh,BGD,2004,455.614016909798,64.912,6.12164599692461,6.12164599692461
535,553,Bulgaria,BGR,2004,3389.68743360274,72.5634146341463,8.128492993646518,8.128492993646518
536,554,Bahrain,BHR,2004,15963.9493171617,75.787,9.678088291342844,9.678088291342844
537,555,"Bahamas, The",BHS,2004,26650.2934234303,73.235,10.190555439793426,10.190555439793426
538,556,Bosnia and Herzegovina,BIH,2004,2452.6860917386,76.489,7.804939066945649,7.804939066945649
539,557,Belarus,BLR,2004,2378.33700470129,68.9560975609756,7.774156784914218,7.774156784914218
540,558,Belize,BLZ,2004,5153.71308265363,70.152,8.547472720794605,8.547472720794605
541,559,Bermuda,BMU,2004,71692.1589001679,78.898,11.180136660777196,11.180136660777196
542,560,Bolivia,BOL,2004,953.191893246277,63.819,6.859816240411121,6.859816240411121
543,561,Brazil,BRA,2004,3663.82262497811,71.361,8.20626231440881,8.20626231440881
544,562,Barbados,BRB,2004,12886.3665272467,75.15,9.463925173128208,9.463925173128207
545,563,Brunei Darussalam,BRN,2004,24423.0946995548,74.603,10.10328446770887,10.10328446770887
546,564,Bhutan,BTN,2004,1130.35934606796,65.29,7.030290866523272,7.030290866523272
547,565,Botswana,BWA,2004,4956.69287735214,53.573,8.508494038738245,8.508494038738245
548,566,Central African Republic,CAF,2004,303.461321152782,47.696,5.71525415971835,5.71525415971835
549,567,Canada,CAN,2004,32145.5412620217,79.9921951219512,10.378029034574382,10.378029034574382
550,568,Central Europe and the Baltics,CEB,2004,7180.27037029658,73.7304349327381,8.879092317363463,8.879092317363463
551,569,Switzerland,CHE,2004,54659.4571488233,81.0878048780488,10.908877528017142,10.908877528017142
552,570,Channel Islands,CHI,2004,56259.5344226334,79.8,10.937730806549837,10.937730806549837
553,571,Chile,CHL,2004,6120.59152055344,78.276,8.719414024520908,8.719414024520908
554,572,China,CHN,2004,1530.92726215723,73.727,7.333628884507642,7.333628884507642
555,573,Cote d'Ivoire,CIV,2004,1199.82524528546,51.939,7.089931196242386,7.089931196242386
556,574,Cameroon,CMR,2004,1133.39326749673,54.578,7.032971303623232,7.032971303623232
557,575,"Congo, Dem. Rep.",COD,2004,180.664764963633,53.534,5.196643186684586,5.196643186684586
558,576,"Congo, Rep.",COG,2004,1306.10136324599,57.957,7.1748019203360816,7.1748019203360816
559,577,Colombia,COL,2004,2818.57195413044,72.76,7.943985636424234,7.943985636424234
560,578,Comoros,COM,2004,1072.28409029621,60.557,6.9775463161265785,6.9775463161265785
561,579,Cabo Verde,CPV,2004,1929.49081468781,70.499,7.565011420503948,7.565011420503948
562,580,Costa Rica,CRI,2004,4431.0117207843,78.512,8.396383216374122,8.396383216374122
563,581,Caribbean small states,CSS,2004,8233.61082543875,69.3609701933726,9.015979936874594,9.015979936874594
564,582,Cuba,CUB,2004,3399.21962893402,77.326,8.131301163358541,8.131301163358541
565,583,Curacao,CUW,2004,16671.3403391655,73.735,9.721446376781666,9.721446376781666
566,585,Cyprus,CYP,2004,23792.619140625,79.007,10.077130691420564,10.077130691420564
567,586,Czechia,CZE,2004,11782.5546676117,75.7219512195122,9.374375298516526,9.374375298516526
568,587,Germany,DEU,2004,34566.7359143735,78.6804878048781,10.450647108856282,10.450647108856282
569,588,Djibouti,DJI,2004,806.261652944964,58.103,6.692408321270606,6.692408321270606
570,589,Dominica,DMA,2004,5778.83306546506,71.987,8.66195704949548,8.66195704949548
571,590,Denmark,DNK,2004,46625.050098011,77.4926829268293,10.749893231433711,10.749893231433711
572,591,Dominican Republic,DOM,2004,2451.69161616569,70.73,7.804533520861816,7.804533520861816
573,592,Algeria,DZA,2004,2816.99384960555,72.536,7.943425584560376,7.943425584560376
574,593,East Asia & Pacific (excluding high income),EAP,2004,1439.93214543391,71.8588009229193,7.272351270233355,7.272351270233355
575,594,Early-demographic dividend,EAR,2004,1563.10591131168,65.5132392756465,7.354430089681544,7.354430089681544
576,595,East Asia & Pacific,EAS,2004,4634.6623943391,72.812660596894,8.441318637016824,8.441318637016824
577,596,Europe & Central Asia (excluding high income),ECA,2004,2883.55689723687,69.7911486482047,7.966779844865951,7.966779844865951
578,597,Europe & Central Asia,ECS,2004,18114.0702003259,73.9880374819429,9.804444274400824,9.804444274400824
579,598,Ecuador,ECU,2004,2586.20914663347,73.868,7.857948432563203,7.857948432563203
580,599,"Egypt, Arab Rep.",EGY,2004,991.255689145253,68.211,6.898972512297282,6.898972512297282
581,600,Euro area,EMU,2004,30803.286099919,79.2321623652194,10.33537665482634,10.335376654826339
582,601,Eritrea,ERI,2004,426.840947887032,60.063,6.056411456453967,6.056411456453967
583,602,Spain,ESP,2004,24925.0267844576,79.8707317073171,10.123627669431572,10.123627669431572
584,603,Estonia,EST,2004,8916.0728274602,71.909756097561,9.095610862648735,9.095610862648735
585,604,Ethiopia,ETH,2004,133.169812538096,53.735,4.891625099824364,4.891625099824364
586,605,European Union,EUU,2004,26368.6780464333,78.1178281794517,10.179932147124989,10.179932147124989
587,606,Fragile and conflict affected situations,FCS,2004,871.155012151521,56.7557447226361,6.769819931340879,6.769819931340879
588,607,Finland,FIN,2004,37768.1334202029,78.7146341463415,10.539220994845463,10.539220994845463
589,608,Fiji,FJI,2004,3097.19096651759,65.841,8.038250839847327,8.038250839847327
590,609,France,FRA,2004,33644.9282220364,80.1634146341463,10.423617602228449,10.423617602228447
591,610,Faroe Islands,FRO,2004,35647.5440400531,79.2049804878049,10.481435532587255,10.481435532587255
592,611,"Micronesia, Fed. Sts.",FSM,2004,2104.42804750084,64.898,7.651798997795225,7.651798997795225
593,612,Gabon,GAB,2004,5465.79193590708,62.694,8.606264300616624,8.606264300616624
594,613,United Kingdom,GBR,2004,40504.4118103928,78.7463414634146,10.609166180751744,10.609166180751744
595,614,Georgia,GEO,2004,1305.04748557208,71.011,7.173994706506344,7.173994706506344
596,615,Ghana,GHA,2004,406.132105329565,59.316,6.006678489261435,6.006678489261435
597,617,Guinea,GIN,2004,584.897740538081,53.975,6.371437029453112,6.371437029453112
598,618,"Gambia, The",GMB,2004,593.285346326581,58.749,6.38567547436963,6.38567547436963
599,619,Guinea-Bissau,GNB,2004,431.376557669634,52.8,6.066981392352556,6.066981392352556
600,620,Equatorial Guinea,GNQ,2004,4901.30127408119,55.307,8.497256014981291,8.497256014981291
601,621,Greece,GRC,2004,21449.2552764245,79.0390243902439,9.973445204705634,9.973445204705634
602,622,Grenada,GRD,2004,5480.26117644588,72.447,8.608908038741742,8.608908038741742
603,623,Greenland,GRL,2004,32030.9987915109,66.8080487804878,10.374459425117676,10.374459425117676
604,624,Guatemala,GTM,2004,1840.91184884,68.245,7.518016297870501,7.518016297870501
605,625,Guam,GUM,2004,23618.8266894573,76.114,10.069799414066113,10.069799414066111
606,626,Guyana,GUY,2004,1033.31030902188,64.214,6.94052281996516,6.94052281996516
607,627,High income,HIC,2004,28451.5065479041,76.989926505118,10.25595639238458,10.255956392384581
608,628,"Hong Kong SAR, China",HKG,2004,24928.1003722551,81.7992682926829,10.123750975148852,10.123750975148853
609,629,Honduras,HND,2004,1215.13995412761,69.05,7.1026145377233485,7.1026145377233485
610,630,Heavily indebted poor countries (HIPC),HPC,2004,462.336970473255,55.1514390444311,6.136293998537021,6.136293998537021
611,631,Croatia,HRV,2004,9718.97322801967,75.520243902439,9.181835256897315,9.181835256897317
612,632,Haiti,HTI,2004,683.185298155273,58.517,6.526766123149251,6.526766123149251
613,633,Hungary,HUN,2004,10291.2694721409,72.6487804878049,9.239051190717335,9.239051190717335
614,634,IBRD only,IBD,2004,1947.23386392599,69.3984001306866,7.57416511316975,7.57416511316975
615,635,IDA & IBRD total,IBT,2004,1633.14212751517,66.8238452537205,7.398261123791361,7.398261123791361
616,636,IDA total,IDA,2004,584.965672067294,58.2272057588484,6.371553165283257,6.371553165283257
617,637,IDA blend,IDB,2004,837.139763701924,57.0294559998555,6.729991038272308,6.729991038272308
618,638,Indonesia,IDN,2004,1126.84004447173,65.521,7.027172573595572,7.027172573595572
619,639,IDA only,IDX,2004,449.659876396916,58.8703092094549,6.108491466751611,6.108491466751611
620,640,Isle of Man,IMN,2004,35564.6023910146,76.876,10.479106107322036,10.479106107322037
621,641,India,IND,2004,624.258826510066,64.484,6.436565068443288,6.436565068443288
622,643,Ireland,IRL,2004,47754.2023194244,78.5390243902439,10.77382234872603,10.77382234872603
623,644,"Iran, Islamic Rep.",IRN,2004,2672.4226651404,72.04,7.890740705208442,7.890740705208442
624,645,Iraq,IRQ,2004,1328.37157628292,64.634,7.191709092317124,7.191709092317124
625,646,Iceland,ISL,2004,47809.6073050042,80.9975609756098,10.774981887928272,10.774981887928273
626,647,Israel,ISR,2004,20568.0694088834,80.1463414634146,9.931495123545409,9.931495123545409
627,648,Italy,ITA,2004,31348.1901841445,80.7804878048781,10.35291181502128,10.352911815021281
628,649,Jamaica,JAM,2004,3807.56293124552,71.542,8.244744612865299,8.244744612865299
629,650,Jordan,JOR,2004,1940.08641342805,72.788,7.570487794069513,7.570487794069513
630,651,Japan,JPN,2004,38298.9801712303,82.030243902439,10.553178547431202,10.553178547431202
631,652,Kazakhstan,KAZ,2004,2722.47407755402,65.04,7.909296333202197,7.909296333202197
632,653,Kenya,KEN,2004,463.662781300121,57.947,6.139157523565561,6.139157523565561
633,654,Kyrgyz Republic,KGZ,2004,433.233873286,68.1536585365854,6.071277705250887,6.071277705250887
634,655,Cambodia,KHM,2004,444.199067529081,63.256,6.096272812243988,6.096272812243988
635,656,Kiribati,KIR,2004,1083.2688987175,65.416,6.987738506779857,6.987738506779857
636,657,St. Kitts and Nevis,KNA,2004,10944.6183741768,70.92,9.300603141754449,9.300603141754447
637,658,"Korea, Rep.",KOR,2004,17121.6301633201,77.6658536585366,9.748097864982713,9.748097864982713
638,659,Kuwait,KWT,2004,27552.2827399787,76.7276829268293,10.223840669223971,10.223840669223971
639,660,Latin America & Caribbean (excluding high income),LAC,2004,4149.53705480589,71.8563258844043,8.330752053943417,8.330752053943417
640,661,Lao PDR,LAO,2004,409.296298284117,60.08,6.014439339441132,6.014439339441132
641,662,Lebanon,LBN,2004,4600.68371412993,75.693,8.433960204938828,8.433960204938828
642,663,Liberia,LBR,2004,284.140223992458,55.949,5.649467862760852,5.649467862760852
643,664,Libya,LBY,2004,5773.76333234281,71.21,8.66107937087275,8.66107937087275
644,665,St. Lucia,LCA,2004,6494.60034867886,72.453,8.778726395060458,8.778726395060458
645,666,Latin America & Caribbean,LCN,2004,4385.89813693867,72.203823196463,8.386149704115953,8.386149704115953
646,667,Least developed countries: UN classification,LDC,2004,419.798333896442,57.7100421547072,6.039774438575518,6.039774438575518
647,668,Low income,LIC,2004,442.426324281659,56.652980116231,6.09227395178701,6.09227395178701
648,669,Liechtenstein,LIE,2004,100280.831356705,81.7707317073171,11.515729842591924,11.515729842591924
649,670,Sri Lanka,LKA,2004,1028.62068132555,68.022,6.935974039424464,6.935974039424464
650,671,Lower middle income,LMC,2004,722.628943297013,63.3016675345135,6.582895872294187,6.582895872294187
651,672,Low & middle income,LMY,2004,1490.85593705627,66.9104878499061,7.30710568840392,7.30710568840392
652,673,Lesotho,LSO,2004,766.685820928242,44.039,6.642077096756487,6.642077096756487
653,674,Late-demographic dividend,LTE,2004,2453.98769875258,72.622308504374,7.805469612525033,7.805469612525033
654,675,Lithuania,LTU,2004,6734.57487061946,71.9609756097561,8.815009964449706,8.815009964449706
655,676,Luxembourg,LUX,2004,76544.9170868473,79.1219512195122,11.245632998970708,11.245632998970708
656,677,Latvia,LVA,2004,6109.73265186817,72.0268292682927,8.717638295376604,8.717638295376604
657,678,"Macao SAR, China",MAC,2004,23407.1993692194,80.9926829268293,10.06079891937777,10.06079891937777
658,680,Morocco,MAR,2004,2183.55541992188,68.272,7.688709753836346,7.688709753836346
659,681,Monaco,MCO,2004,125160.228087598,84.151,11.73735002014931,11.73735002014931
660,682,Moldova,MDA,2004,897.178494749468,68.017,6.799254833064835,6.799254833064835
661,683,Madagascar,MDG,2004,272.20074858856,60.168,5.606539840355245,5.606539840355245
662,684,Maldives,MDV,2004,4070.2609459446,73.008,8.311462390864097,8.311462390864097
663,685,"Middle East, North Africa, Afghanistan & Pakistan",MEA,2004,2624.1893550003,67.5318434649336,7.872527310189148,7.872527310189148
664,686,Mexico,MEX,2004,7849.66759649565,73.432,8.968226465484447,8.968226465484447
665,687,Marshall Islands,MHL,2004,2566.08291015814,64.044,7.850135855705087,7.850135855705087
666,688,Middle income,MIC,2004,1571.30392795213,67.6912316359649,7.359661081003392,7.3596610810033924
667,689,North Macedonia,MKD,2004,2818.5814561242,73.5975609756098,7.943989007627062,7.943989007627062
668,690,Mali,MLI,2004,495.006294680645,53.253,6.204570479014391,6.204570479014391
669,691,Malta,MLT,2004,15212.1313438497,79.2536585365854,9.629848503237124,9.629848503237124
670,692,Myanmar,MMR,2004,224.508811413327,61.443,5.413914955469221,5.413914955469221
671,693,"Middle East, North Africa, Afghanistan & Pakistan (excluding high income)",MNA,2004,1463.04148806759,66.8873537609515,7.2882727588323855,7.2882727588323855
672,694,Montenegro,MNE,2004,3380.16512135859,74.2056097560976,8.125679839756778,8.125679839756778
673,695,Mongolia,MNG,2004,794.154552001815,64.630243902439,6.677278092181648,6.6772780921816475
674,696,Northern Mariana Islands,MNP,2004,18924.5831899653,76.789,9.848217053754803,9.848217053754805
675,697,Mozambique,MOZ,2004,400.056973161545,51.855,5.991606969869242,5.991606969869242
676,698,Mauritania,MRT,2004,823.554457141893,63.369,6.713629676322464,6.713629676322464
677,699,Mauritius,MUS,2004,5460.60800184198,72.2658536585366,8.605315418188084,8.605315418188084
678,700,Malawi,MWI,2004,404.674248445428,51.073,6.003082418637669,6.003082418637669
679,701,Malaysia,MYS,2004,4939.24851854427,74.027,8.504968476858108,8.504968476858108
680,702,North America,NAC,2004,40788.4744089861,77.7343375427686,10.616154830508613,10.616154830508613
681,703,Namibia,NAM,2004,3403.15496192955,52.175,8.132458210322657,8.132458210322657
682,704,New Caledonia,NCL,2004,24475.6488547037,74.713,10.105433977964717,10.105433977964717
683,705,Niger,NER,2004,283.468281798296,52.402,5.6471002361266605,5.6471002361266605
684,706,Nigeria,NGA,2004,962.48104194733,49.148,6.869514369289859,6.869514369289859
685,707,Nicaragua,NIC,2004,1098.62118662335,69.51,7.001811205833934,7.001811205833934
686,708,Netherlands,NLD,2004,40611.3414353091,79.0951219512195,10.611802652277348,10.611802652277348
687,709,Norway,NOR,2004,57768.6980958462,79.8414634146342,10.964202352531172,10.964202352531172
688,710,Nepal,NPL,2004,279.587750044428,64.744,5.633316196969347,5.633316196969347
689,711,Nauru,NRU,2004,3040.51349889,59.346,8.019781694244438,8.019781694244438
690,712,New Zealand,NZL,2004,25420.234882944,79.5487804878049,10.1433007847851,10.143300784785099
691,713,OECD members,OED,2004,28822.9827767557,77.8261405899935,10.26892836096269,10.26892836096269
692,714,Oman,OMN,2004,11800.8507411171,74.82,9.375926904559751,9.375926904559753
693,715,Other small states,OSS,2004,7419.39387365304,67.2249688020829,8.911852644637843,8.911852644637843
694,716,Pakistan,PAK,2004,771.902247348954,63.097,6.648857919402476,6.6488579194024755
695,717,Panama,PAN,2004,4644.56581177581,74.845,8.443453172557264,8.443453172557264
696,718,Peru,PER,2004,2397.25147277714,71.447,7.782078140394699,7.782078140394699
697,719,Philippines,PHL,2004,1099.63013023758,68.301,7.002729157004793,7.002729157004793
698,720,Palau,PLW,2004,8393.73052541231,65.816,9.035240340139271,9.035240340139273
699,721,Papua New Guinea,PNG,2004,620.596147680561,61.795,6.430680544583736,6.430680544583736
700,722,Poland,POL,2004,6711.72715262967,74.8463414634146,8.811611596639862,8.811611596639862
701,723,Pre-demographic dividend,PRE,2004,670.783711150831,53.8001443619892,6.508446746933339,6.508446746933339
702,724,Puerto Rico (US),PRI,2004,20988.9923326534,76.913,9.951753404642457,9.951753404642457
703,726,Portugal,PRT,2004,18064.1580932987,77.6707317073171,9.80168503819452,9.80168503819452
704,727,Paraguay,PRY,2004,1786.21533938543,71.054,7.487854324932893,7.487854324932893
705,728,West Bank and Gaza,PSE,2004,1422.19088643544,71.094,7.259953839353678,7.259953839353678
706,729,Pacific island small states,PSS,2004,2270.72657843606,67.1038169577792,7.727855137867413,7.727855137867413
707,730,Post-demographic dividend,PST,2004,32671.0834694674,78.3070690267902,10.39424566809379,10.39424566809379
708,731,French Polynesia,PYF,2004,21764.2203208782,79.829,9.988022630734056,9.988022630734056
709,732,Qatar,QAT,2004,41035.5008380177,76.484,10.622192845131714,10.622192845131714
710,733,Romania,ROU,2004,3494.99056448955,71.5609756097561,8.159085954947399,8.159085954947399
711,734,Russian Federation,RUS,2004,4102.36474609375,65.4709756097561,8.319318853765985,8.319318853765985
712,735,Rwanda,RWA,2004,269.540446333402,55.52,5.5967184582474925,5.5967184582474925
713,736,South Asia,SAS,2004,606.478041696258,64.5911610689622,6.407668522776106,6.407668522776106
714,737,Saudi Arabia,SAU,2004,13154.4978989446,74.027,9.484519024668788,9.484519024668787
715,738,Sudan,SDN,2004,705.113342285156,56.773,6.558358559089089,6.558358559089089
716,739,Senegal,SEN,2004,918.102079522155,60.308,6.822308582175033,6.822308582175033
717,740,Singapore,SGP,2004,27608.080013423,79.490243902439,10.225863762970649,10.225863762970647
718,741,Solomon Islands,SLB,2004,986.070953503889,67.628,6.893728312970861,6.893728312970861
719,742,Sierra Leone,SLE,2004,417.749983329227,47.485,6.034883127569403,6.034883127569403
720,743,El Salvador,SLV,2004,2285.68907438892,69.295,7.734422822150927,7.734422822150927
721,744,San Marino,SMR,2004,58232.0176184948,81.592,10.972190613354972,10.972190613354972
722,745,"Somalia, Fed. Rep.",SOM,2004,375.410326225387,50.685,5.928019631034045,5.928019631034045
723,746,Serbia,SRB,2004,3597.08798057009,72.6829268292683,8.187879902826603,8.187879902826603
724,747,Sub-Saharan Africa (excluding high income),SSA,2004,1013.73402157662,53.3009339088507,6.921395843605401,6.921395843605401
725,749,Sub-Saharan Africa,SSF,2004,926.435499820007,53.3465664289912,6.831344426270204,6.831344426270204
726,750,Small states,SST,2004,6954.01090826418,67.7344645790668,8.847073881198181,8.847073881198181
727,751,Sao Tome and Principe,STP,2004,726.560882130444,62.56,6.588322281468101,6.588322281468101
728,752,Suriname,SUR,2004,2887.7721728844,66.362,7.968240609395532,7.968240609395532
729,753,Slovak Republic,SVK,2004,10650.1290097126,73.9585365853659,9.27332728465224,9.27332728465224
730,754,Slovenia,SVN,2004,17103.8297783905,77.2073170731707,9.747057681063204,9.747057681063204
731,755,Sweden,SWE,2004,42758.0048564929,80.4975609756098,10.663311704941265,10.663311704941265
732,756,Eswatini,SWZ,2004,2525.5640452625,43.906,7.834219701025287,7.834219701025287
733,758,Seychelles,SYC,2004,10827.671636033,72.6609756097561,9.289860324824884,9.289860324824883
734,759,Syrian Arab Republic,SYR,2004,1368.1148230028,72.494,7.221189029603723,7.221189029603723
735,760,Turks and Caicos Islands,TCA,2004,21246.00980049,75.63,9.963924382626212,9.963924382626212
736,761,Chad,TCD,2004,445.850767157087,48.687,6.099984293241261,6.099984293241261
737,762,East Asia & Pacific (IDA & IBRD countries),TEA,2004,1456.96694694124,71.8921244592524,7.284112120242095,7.284112120242095
738,763,Europe & Central Asia (IDA & IBRD countries),TEC,2004,3723.43803208933,69.0029078332647,8.222402722629868,8.222402722629868
739,764,Togo,TGO,2004,560.266308533382,55.608,6.328412221643144,6.328412221643144
740,765,Thailand,THA,2004,2641.56268717857,72.1,7.879125947982279,7.8791259479822795
741,766,Tajikistan,TJK,2004,305.745158587502,66.604,5.722751939895723,5.722751939895723
742,767,Turkmenistan,TKM,2004,1379.23009682692,66.055,7.229280721616606,7.229280721616606
743,768,Latin America & the Caribbean (IDA & IBRD countries),TLA,2004,4252.83825459299,72.0585594152496,8.355341863632955,8.355341863632955
744,769,Timor-Leste,TLS,2004,474.420726695663,60.743,6.162094537065679,6.162094537065679
745,770,"Middle East, North Africa, Afghanistan & Pakistan (IDA & IBRD)",TMN,2004,1463.3046705277,66.8602521893277,7.288452629870571,7.288452629870571
746,771,Tonga,TON,2004,2195.44890047673,70.433,7.694141815067615,7.694141815067615
747,772,South Asia (IDA & IBRD),TSA,2004,606.478041696258,64.5911610689622,6.407668522776106,6.407668522776106
748,773,Sub-Saharan Africa (IDA & IBRD countries),TSS,2004,926.435499820007,53.3465664289912,6.831344426270204,6.831344426270204
749,774,Trinidad and Tobago,TTO,2004,9871.03419820086,69.879,9.19735990892418,9.19735990892418
750,775,Tunisia,TUN,2004,3067.41936376975,73.519,8.028591888959925,8.028591888959925
751,776,Turkiye,TUR,2004,5979.6054216148,73.223,8.696109861760144,8.696109861760144
752,777,Tuvalu,TUV,2004,2322.56265072892,63.989,7.750426445880207,7.7504264458802075
753,778,Tanzania,TZA,2004,450.385284423828,56.836,6.110103404053339,6.110103404053339
754,779,Uganda,UGA,2004,292.38185796262,53.699,5.678060680679258,5.678060680679258
755,780,Ukraine,UKR,2004,1401.01806640625,67.472,7.2449544416187805,7.2449544416187805
756,781,Upper middle income,UMC,2004,2365.83446249947,71.8008960032206,7.7688860769594115,7.7688860769594115
757,782,Uruguay,URY,2004,4168.66065438387,75.319,8.335350077202506,8.335350077202506
758,783,United States,USA,2004,41724.6316287624,77.4878048780488,10.638846919941331,10.638846919941331
759,784,Uzbekistan,UZB,2004,462.171492867885,67.203,6.135936018889027,6.135936018889027
760,785,St. Vincent and the Grenadines,VCT,2004,4873.48947742443,70.445,8.491565484633542,8.491565484633542
761,786,"Venezuela, RB",VEN,2004,4269.08970872392,72.752,8.359155900527314,8.359155900527314
762,788,Virgin Islands (U.S.),VIR,2004,35006.3614404514,77.7731707317073,10.4632850793975,10.463285079397501
763,789,Viet Nam,VNM,2004,565.452284586212,73.062,6.337625914606657,6.337625914606657
764,790,Vanuatu,VUT,2004,1774.31867585894,68.985,7.481171783635813,7.481171783635813
765,791,World,WLD,2004,6811.48195762269,68.7702567980032,8.826364990391435,8.826364990391435
766,792,Samoa,WSM,2004,2189.26042607992,71.508,7.691319060789039,7.691319060789039
767,794,"Yemen, Rep.",YEM,2004,627.632023395762,64.881,6.441954044725656,6.441954044725656
768,795,South Africa,ZAF,2004,5221.46333731721,53.963,8.56053297441017,8.56053297441017
769,796,Zambia,ZMB,2004,548.685974566277,50.54,6.307526282532253,6.307526282532253
770,797,Zimbabwe,ZWE,2004,469.719298949304,46.043,6.1521352800094,6.1521352800094
771,798,Aruba,ABW,2005,24171.8371325422,73.415,10.092943479602644,10.092943479602644
772,799,Africa Eastern and Southern,AFE,2005,1126.2973233912,54.8076807136336,7.026690826589139,7.026690826589139
773,800,Afghanistan,AFG,2005,254.184249149336,58.247,5.538059394401834,5.538059394401834
774,801,Africa Western and Central,AFW,2005,999.770023047319,52.5560300194313,6.907525275580702,6.907525275580702
775,802,Angola,AGO,2005,2145.88621096327,52.13,7.671307898002573,7.671307898002573
776,803,Albania,ALB,2005,2741.72136549578,76.427,7.916341237707155,7.916341237707155
777,804,Andorra,AND,2005,40829.8116399538,83.086,10.617167771027296,10.617167771027296
778,805,Arab World,ARB,2005,3750.69825886818,68.0405024136348,8.229697303995795,8.229697303995795
779,806,United Arab Emirates,ARE,2005,38719.3138307623,80.779,10.564093819920531,10.564093819920531
780,807,Argentina,ARG,2005,5067.65342293276,75.231,8.53063315373026,8.53063315373026
781,808,Armenia,ARM,2005,1557.48458908655,73.0756097560976,7.350827355965176,7.350827355965176
782,809,American Samoa,ASM,2005,8831.26975996609,72.382,9.08605408393534,9.086054083935341
783,810,Antigua and Barbuda,ATG,2005,14368.5708796058,75.364,9.572798522464645,9.572798522464643
784,811,Australia,AUS,2005,34535.20727091,80.8414634146341,10.44973458326878,10.44973458326878
785,812,Austria,AUT,2005,38157.37022862,79.3317073170732,10.54947420884318,10.549474208843181
786,813,Azerbaijan,AZE,2005,1578.36733030667,67.71,7.3641462565131235,7.3641462565131235
787,814,Burundi,BDI,2005,147.234619294225,53.053,4.992027364065744,4.992027364065744
788,815,Belgium,BEL,2005,36809.7013403619,78.9804878048781,10.513516712793884,10.513516712793885
789,816,Benin,BEN,2005,779.437777753268,57.738,6.65857286203182,6.65857286203182
790,817,Burkina Faso,BFA,2005,441.164148016012,53.271,6.089417023914398,6.089417023914398
791,818,Bangladesh,BGD,2005,480.08585075452,65.509,6.173964943647739,6.173964943647739
792,819,Bulgaria,BGR,2005,3899.82596332878,72.5609756097561,8.26868720633453,8.26868720633453
793,820,Bahrain,BHR,2005,17966.1657837625,76.125,9.79624558938559,9.79624558938559
794,821,"Bahamas, The",BHS,2005,28602.4181869995,73.413,10.261246545226616,10.261246545226616
795,822,Bosnia and Herzegovina,BIH,2005,2739.61076866057,76.424,7.915571134057947,7.915571134057947
796,823,Belarus,BLR,2005,3126.07176665248,68.8512195121951,8.047532468700132,8.047532468700132
797,824,Belize,BLZ,2005,5270.41479135312,70.335,8.569864346474738,8.569864346474738
798,825,Bermuda,BMU,2005,77628.103522508,78.874,11.25968479940285,11.25968479940285
799,826,Bolivia,BOL,2005,1020.12326200737,64.182,6.9276787440824,6.9276787440824
800,827,Brazil,BRA,2005,4827.78165890291,71.832,8.482142357272442,8.482142357272442
801,828,Barbados,BRB,2005,14214.4202213572,74.96,9.562012236855647,9.562012236855647
802,829,Brunei Darussalam,BRN,2005,29386.2703822862,74.683,10.28828285045142,10.28828285045142
803,830,Bhutan,BTN,2005,1299.94938578359,65.875,7.170080608679057,7.170080608679057
804,831,Botswana,BWA,2005,5391.07076619634,54.386,8.59249930209457,8.59249930209457
805,832,Central African Republic,CAF,2005,311.950023138687,48.207,5.742842992731138,5.742842992731138
806,833,Canada,CAN,2005,36383.6600068095,80.1126829268293,10.501875051926827,10.501875051926827
807,834,Central Europe and the Baltics,CEB,2005,8352.50713208299,73.8449951359211,9.030317028116569,9.030317028116569
808,835,Switzerland,CHE,2005,56242.8933645639,81.2365853658537,10.937434971899542,10.937434971899542
809,836,Channel Islands,CHI,2005,57647.1188908006,80.1,10.962095548573272,10.962095548573272
810,837,Chile,CHL,2005,7480.32330998636,78.459,8.920031293294633,8.920031293294633
811,838,China,CHN,2005,1777.64496828464,74.085,7.483044715755226,7.483044715755226
812,839,Cote d'Ivoire,CIV,2005,1197.74616979415,52.432,7.088196877923971,7.088196877923971
813,840,Cameroon,CMR,2005,1142.62466252106,54.904,7.041083230619873,7.041083230619873
814,841,"Congo, Dem. Rep.",COD,2005,214.539740473519,54.001,5.36849499148047,5.36849499148047
815,842,"Congo, Rep.",COG,2005,1799.05158366154,58.73,7.495014907058933,7.495014907058933
816,843,Colombia,COL,2005,3456.06610874512,73.156,8.14788625842882,8.14788625842882
817,844,Comoros,COM,2005,1105.78796866788,60.883,7.0083134536383485,7.0083134536383485
818,845,Cabo Verde,CPV,2005,2004.14680417563,70.936,7.602973715098359,7.602973715098359
819,846,Costa Rica,CRI,2005,4703.00721784778,78.877,8.455957416676547,8.455957416676547
820,847,Caribbean small states,CSS,2005,9439.33720644986,69.6320513314341,9.152641045493468,9.152641045493468
821,848,Cuba,CUB,2005,3786.33799225291,77.54,8.23915460201935,8.23915460201935
822,849,Curacao,CUW,2005,17032.3356620744,73.873,9.74286891411012,9.74286891411012
823,851,Cyprus,CYP,2005,24959.26171875,79.198,10.125000243470188,10.125000243470188
824,852,Czechia,CZE,2005,13442.4916284309,75.9243902439025,9.506175985914876,9.506175985914876
825,853,Germany,DEU,2005,35084.4363546269,78.9317073170732,10.465512902419162,10.465512902419162
826,854,Djibouti,DJI,2005,844.4483573908,58.548,6.73868358267973,6.73868358267973
827,855,Dominica,DMA,2005,5695.22442394675,72.016,8.647383282294786,8.647383282294786
828,856,Denmark,DNK,2005,48925.8076698784,77.8439024390244,10.798060300454608,10.798060300454607
829,857,Dominican Republic,DOM,2005,3878.31206735244,71.043,8.263155303774978,8.263155303774978
830,858,Algeria,DZA,2005,3233.13339634212,72.836,8.081207037728579,8.081207037728579
831,859,East Asia & Pacific (excluding high income),EAP,2005,1653.67913605181,72.3983266445825,7.41075786405108,7.41075786405108
832,860,Early-demographic dividend,EAR,2005,1788.28350980842,65.9797864104925,7.489011505696423,7.489011505696423
833,861,East Asia & Pacific,EAS,2005,4910.91472643792,73.2984345512681,8.499215502100652,8.499215502100652
834,862,Europe & Central Asia (excluding high income),ECA,2005,3576.72283332318,69.9595147646973,8.182202250465163,8.182202250465163
835,863,Europe & Central Asia,ECS,2005,19227.6221679028,74.1536447949151,9.864103178722116,9.864103178722116
836,864,Ecuador,ECU,2005,2909.02606014388,73.909,7.975573616909485,7.975573616909485
837,865,"Egypt, Arab Rep.",EGY,2005,1105.53920713903,68.355,7.008088465194647,7.008088465194647
838,866,Euro area,EMU,2005,31781.6618833533,79.3748507782536,10.366644732095178,10.366644732095178
839,867,Eritrea,ERI,2005,412.753079199423,60.628,6.022849542976948,6.022849542976948
840,868,Spain,ESP,2005,26450.9530130382,80.1707317073171,10.183047467376038,10.183047467376038
841,869,Estonia,EST,2005,10414.6381183565,72.5682926829268,9.250967606894244,9.250967606894243
842,870,Ethiopia,ETH,2005,158.243458082465,54.364,5.0641347210384575,5.0641347210384575
843,871,European Union,EUU,2005,27431.4991030834,78.2751410316852,10.219447234391746,10.219447234391746
844,872,Fragile and conflict affected situations,FCS,2005,1079.24067613473,57.1472781506796,6.984012995190235,6.984012995190235
845,873,Finland,FIN,2005,39049.8703780223,78.8170731707317,10.57259483587749,10.57259483587749
846,874,Fiji,FJI,2005,3377.69126953493,65.983,8.124947698737179,8.124947698737179
847,875,France,FRA,2005,34696.3718316971,80.1634146341463,10.454390402304016,10.454390402304016
848,876,Faroe Islands,FRO,2005,36389.081644098,79.4453463414634,10.50202405379691,10.50202405379691
849,877,"Micronesia, Fed. Sts.",FSM,2005,2207.16844533875,64.906,7.699465726560739,7.699465726560739
850,878,Gabon,GAB,2005,6547.87613955186,62.978,8.78689602254423,8.78689602254423
851,879,United Kingdom,GBR,2005,42240.2462987547,79.0487804878049,10.65112874929957,10.65112874929957
852,880,Georgia,GEO,2005,1642.78359414797,70.689,7.4041473955143795,7.4041473955143795
853,881,Ghana,GHA,2005,478.611909191028,59.638,6.1708900585558855,6.1708900585558855
854,883,Guinea,GIN,2005,463.17768685098,54.422,6.138110753360537,6.138110753360537
855,884,"Gambia, The",GMB,2005,616.483657865348,59.11,6.424031814329859,6.424031814329859
856,885,Guinea-Bissau,GNB,2005,463.073962650452,52.949,6.137886787873367,6.1378867878733665
857,886,Equatorial Guinea,GNQ,2005,8673.9026086535,55.766,9.068074096369804,9.068074096369804
858,887,Greece,GRC,2005,22054.1315756886,79.2390243902439,10.001255236369955,10.001255236369957
859,888,Grenada,GRD,2005,6338.56011405358,73.7,8.754406910289568,8.754406910289568
860,889,Greenland,GRL,2005,32489.7277309899,67.3051219512195,10.38867924854154,10.388679248541541
861,890,Guatemala,GTM,2005,2046.46611650758,68.167,7.623869738994796,7.623869738994796
862,891,Guam,GUM,2005,25631.9776108052,76.427,10.15159597638164,10.15159597638164
863,892,Guyana,GUY,2005,1084.06541388904,64.392,6.988473525094999,6.9884735250949985
864,893,High income,HIC,2005,30051.3459550589,77.1096843955119,10.310662729478056,10.310662729478056
865,894,"Hong Kong SAR, China",HKG,2005,26649.637724155,81.6090243902439,10.190530835661257,10.190530835661257
866,895,Honduras,HND,2005,1304.70039153826,69.198,7.173728708369963,7.173728708369963
867,896,Heavily indebted poor countries (HIPC),HPC,2005,519.647933058567,55.7775388343257,6.253151530461942,6.253151530461942
868,897,Croatia,HRV,2005,10443.5278353294,75.2446341463415,9.253737719617565,9.253737719617563
869,898,Haiti,HTI,2005,775.845704056916,60.318,6.653953665434723,6.653953665434723
870,899,Hungary,HUN,2005,11212.2046968994,72.6487804878049,9.324758169065882,9.324758169065882
871,900,IBRD only,IBD,2005,2300.5592081511,69.8265165341661,7.740907506343705,7.740907506343705
872,901,IDA & IBRD total,IBT,2005,1919.70312051472,67.2247481957542,7.559925828334274,7.559925828334274
873,902,IDA total,IDA,2005,664.73305755977,58.6483440475859,6.499385542863048,6.499385542863048
874,903,IDA blend,IDB,2005,957.94448356121,56.9989286118875,6.864789825938031,6.864789825938031
875,904,Indonesia,IDN,2005,1238.21447629488,67.531,7.121425682419534,7.121425682419534
876,905,IDA only,IDX,2005,507.001767833477,59.5355546811556,6.228514490436144,6.228514490436144
877,906,Isle of Man,IMN,2005,38135.8597885858,77.453,10.54891032026226,10.548910320262259
878,907,India,IND,2005,710.488080408949,64.939,6.565952171054347,6.565952171054347
879,909,Ireland,IRL,2005,50933.0216095589,78.9439024390244,10.838266746796544,10.838266746796545
880,910,"Iran, Islamic Rep.",IRN,2005,3132.0508192007,72.446,8.049443282777492,8.049443282777492
881,911,Iraq,IRQ,2005,1762.39360423421,64.899,7.474428166472362,7.474428166472362
882,912,Iceland,ISL,2005,57783.7745608117,81.5024390243902,10.964463298311118,10.964463298311118
883,913,Israel,ISR,2005,21286.8388636595,80.1512195121951,9.96584426699761,9.96584426699761
884,914,Italy,ITA,2005,32062.723833669,80.7829268292683,10.37544938305582,10.375449383055821
885,915,Jamaica,JAM,2005,4184.43974867497,71.493,8.339128102677659,8.339128102677659
886,916,Jordan,JOR,2005,2087.87079273635,72.977,7.643900066214433,7.643900066214433
887,917,Japan,JPN,2005,37812.8950199948,81.9551219512195,10.54040546152841,10.54040546152841
888,918,Kazakhstan,KAZ,2005,3577.35804001782,65.356,8.182379829306543,8.182379829306543
889,919,Kenya,KEN,2005,523.456312433863,58.51,6.2604535739798095,6.2604535739798095
890,920,Kyrgyz Republic,KGZ,2005,476.548193640077,67.9560975609756,6.166568858882435,6.166568858882435
891,921,Cambodia,KHM,2005,525.797325120926,64.113,6.2649158250270895,6.2649158250270895
892,922,Kiribati,KIR,2005,1161.78341739977,65.517,7.057711532259607,7.057711532259607
893,923,St. Kitts and Nevis,KNA,2005,11783.7867154145,71.151,9.37447985847209,9.37447985847209
894,924,"Korea, Rep.",KOR,2005,20167.0474902506,78.1682926829268,9.911805238986606,9.911805238986606
895,925,Kuwait,KWT,2005,36122.6142741227,76.8007804878049,10.494674382379204,10.494674382379205
896,926,Latin America & Caribbean (excluding high income),LAC,2005,4960.44969790137,72.2293807081161,8.50925168050863,8.50925168050863
897,927,Lao PDR,LAO,2005,466.061506997741,60.688,6.144317614681368,6.144317614681368
898,928,Lebanon,LBN,2005,4602.19804637945,76.074,8.434289304519284,8.434289304519284
899,929,Liberia,LBR,2005,287.487333441381,56.765,5.661178801671644,5.661178801671644
900,930,Libya,LBY,2005,8079.24957329001,71.439,8.997054272609208,8.997054272609208
901,931,St. Lucia,LCA,2005,6863.43641919345,72.544,8.833963531035993,8.833963531035993
902,932,Latin America & Caribbean,LCN,2005,5229.89898425288,72.5638143751286,8.562147242198037,8.562147242198037
903,933,Least developed countries: UN classification,LDC,2005,487.199978520551,58.3086655771969,6.188674672308148,6.188674672308148
904,934,Low income,LIC,2005,520.301355916657,57.1921290801359,6.254408174321417,6.254408174321417
905,935,Liechtenstein,LIE,2005,105295.057027611,80.6682926829268,11.564521755212205,11.564521755212203
906,936,Sri Lanka,LKA,2005,1207.21994764165,73.073,7.096075431208481,7.096075431208481
907,937,Lower middle income,LMC,2005,817.846092888275,63.674503524779,6.706674168396889,6.706674168396889
908,938,Low & middle income,LMY,2005,1736.10100020162,67.3230143480251,7.459397073367557,7.459397073367557
909,939,Lesotho,LSO,2005,861.381496414995,43.611,6.758537491561566,6.758537491561566
910,940,Late-demographic dividend,LTE,2005,2939.98271894785,73.007214154553,7.986158982406557,7.9861589824065575
911,941,Lithuania,LTU,2005,7857.03148786492,71.2536585365854,8.969164140787102,8.969164140787102
912,942,Luxembourg,LUX,2005,80988.1376230858,79.4317073170732,11.302057973832154,11.302057973832154
913,943,Latvia,LVA,2005,7283.78738127622,71.3560975609756,8.893406250591184,8.893406250591184
914,944,"Macao SAR, China",MAC,2005,25681.2167315221,81.3414634146341,10.153515137192462,10.153515137192462
915,946,Morocco,MAR,2005,2242.98828125,68.748,7.715564309918954,7.715564309918954
916,947,Monaco,MCO,2005,130538.742587117,84.34,11.779425339747512,11.779425339747512
917,948,Moldova,MDA,2005,1034.39197746993,68.197,6.941569071694712,6.941569071694712
918,949,Madagascar,MDG,2005,305.812074924388,60.664,5.722970779060681,5.722970779060681
919,950,Maldives,MDV,2005,3796.51546524644,74.785,8.241838942198644,8.241838942198644
920,951,"Middle East, North Africa, Afghanistan & Pakistan",MEA,2005,3050.86086272731,67.529947021124,8.023179079850927,8.023179079850927
921,952,Mexico,MEX,2005,8671.75891885163,73.627,9.06782692334508,9.06782692334508
922,953,Marshall Islands,MHL,2005,2658.65217893885,64.112,7.885574573713049,7.885574573713049
923,954,Middle income,MIC,2005,1830.92630559246,68.1061163042439,7.512577295690015,7.512577295690015
924,955,North Macedonia,MKD,2005,3120.98401394233,73.6975609756098,8.045903620162926,8.045903620162926
925,956,Mali,MLI,2005,548.730382842725,53.792,6.307607214944409,6.307607214944409
926,957,Malta,MLT,2005,15831.344048672,79.3,9.669747054430136,9.669747054430136
927,958,Myanmar,MMR,2005,252.685193060728,61.72,5.532144417745574,5.532144417745574
928,959,"Middle East, North Africa, Afghanistan & Pakistan (excluding high income)",MNA,2005,1657.11024431574,66.853402612801,7.412830547691191,7.412830547691191
929,960,Montenegro,MNE,2005,3674.6179242797,73.9829268292683,8.209204440059684,8.209204440059684
930,961,Mongolia,MNG,2005,994.90010913241,65.2807317073171,6.902642339287146,6.902642339287146
931,962,Northern Mariana Islands,MNP,2005,17015.7487891715,77.307,9.741894593558326,9.741894593558326
932,963,Mozambique,MOZ,2005,436.773856167384,52.322,6.079415569542779,6.079415569542779
933,964,Mauritania,MRT,2005,998.96583416747,63.92,6.906720578031156,6.906720578031156
934,965,Mauritius,MUS,2005,5354.02974260642,72.4321951219512,8.585604779277125,8.585604779277125
935,966,Malawi,MWI,2005,414.361121984475,52.469,6.026737868939096,6.026737868939096
936,967,Malaysia,MYS,2005,5555.58179951206,74.37,8.622558430975078,8.622558430975078
937,968,North America,NAC,2005,43368.5783940626,77.7462382909607,10.67749045773702,10.67749045773702
938,969,Namibia,NAM,2005,3685.77299991587,52.557,8.212235551937244,8.212235551937244
939,970,New Caledonia,NCL,2005,25528.2918353444,74.867,10.147542599863293,10.147542599863293
940,971,Niger,NER,2005,318.643121918273,53.32,5.764071736459942,5.764071736459942
941,972,Nigeria,NGA,2005,1211.37703504386,49.538,7.099513036998704,7.099513036998704
942,973,Nicaragua,NIC,2005,1183.30214010175,70.374,7.076064232976514,7.076064232976514
943,974,Netherlands,NLD,2005,42165.396168388,79.3463414634146,10.649355167633711,10.649355167633713
944,975,Norway,NOR,2005,67047.1704558264,80.0414634146342,11.113151687309683,11.113151687309685
945,976,Nepal,NPL,2005,309.024168339372,65.275,5.733419488529661,5.733419488529661
946,977,Nauru,NRU,2005,2992.40382776926,59.361,8.003832299161067,8.003832299161067
947,978,New Zealand,NZL,2005,27751.0654708859,79.8512195121951,10.231029513784735,10.231029513784737
948,979,OECD members,OED,2005,30274.0543423729,77.9539871455081,10.318046332338833,10.318046332338833
949,980,Oman,OMN,2005,14434.8577924647,75.07,9.577401240470031,9.577401240470033
950,981,Other small states,OSS,2005,8233.33980947954,67.5574840535073,9.015947020524113,9.015947020524111
951,982,Pakistan,PAK,2005,827.619861189926,62.416,6.718553944121279,6.718553944121279
952,983,Panama,PAN,2005,5017.74110414832,75.16,8.520735132161407,8.520735132161407
953,984,Peru,PER,2005,2706.66947297608,71.988,7.903474181300899,7.903474181300899
954,985,Philippines,PHL,2005,1220.46018559867,68.423,7.106983267915158,7.106983267915158
955,986,Palau,PLW,2005,9635.28357539048,66.219,9.1731870122151,9.173187012215099
956,987,Papua New Guinea,PNG,2005,744.486489977433,61.868,6.612694705522119,6.612694705522119
957,988,Poland,POL,2005,8043.92332253757,74.9951219512195,8.99267221859171,8.99267221859171
958,989,Pre-demographic dividend,PRE,2005,815.454464076119,54.3661189826725,6.703745582459295,6.703745582459295
959,990,Puerto Rico (US),PRI,2005,21959.322696986,76.703,9.996947052569771,9.996947052569773
960,992,Portugal,PRT,2005,18780.12751241,78.0707317073171,9.840554542537394,9.840554542537394
961,993,Paraguay,PRY,2005,1970.87169852378,71.317,7.58623121042402,7.58623121042402
962,994,West Bank and Gaza,PSE,2005,1543.70141392774,72.004,7.341938327121651,7.341938327121651
963,995,Pacific island small states,PSS,2005,2492.38724073066,67.2332794133166,7.820996261386646,7.820996261386646
964,996,Post-demographic dividend,PST,2005,34219.0204237417,78.410884260835,10.440536921196063,10.440536921196063
965,997,French Polynesia,PYF,2005,21984.1936230719,79.951,9.998079002437434,9.998079002437434
966,998,Qatar,QAT,2005,53949.6764091147,76.909,10.895806972690808,10.895806972690808
967,999,Romania,ROU,2005,4618.00350802913,71.9121951219512,8.437717749556667,8.437717749556667
968,1000,Russian Federation,RUS,2005,5323.455078125,65.529756097561,8.579877822309177,8.579877822309177
969,1001,Rwanda,RWA,2005,324.016863847189,56.968,5.780795563348909,5.780795563348909
970,1002,South Asia,SAS,2005,686.338193475473,65.131596636791,6.531370499649041,6.531370499649041
971,1003,Saudi Arabia,SAU,2005,15975.7473782258,74.4,9.678827062390871,9.678827062390873
972,1004,Sudan,SDN,2005,905.543640136719,57.226,6.80853547068089,6.80853547068089
973,1005,Senegal,SEN,2005,979.846101520171,60.98,6.887395520067529,6.887395520067529
974,1006,Singapore,SGP,2005,29961.3172812732,79.990243902439,10.307662404664365,10.307662404664365
975,1007,Solomon Islands,SLB,2005,1144.49233397681,67.79,7.042716441228476,7.042716441228476
976,1008,Sierra Leone,SLE,2005,462.633324427945,48.306,6.13693478444434,6.13693478444434
977,1009,El Salvador,SLV,2005,2447.39140845394,69.336,7.802778005066506,7.802778005066506
978,1010,San Marino,SMR,2005,59877.8005839737,81.926,11.000061107464427,11.000061107464427
979,1011,"Somalia, Fed. Rep.",SOM,2005,439.979907805478,50.894,6.086729061791212,6.086729061791212
980,1012,Serbia,SRB,2005,3807.97417321786,72.8341463414634,8.244852613645048,8.244852613645048
981,1013,Sub-Saharan Africa (excluding high income),SSA,2005,1174.63116054875,53.8386310365893,7.068709471383527,7.068709471383527
982,1015,Sub-Saharan Africa,SSF,2005,1073.52977403181,53.8933821899778,6.978707352408653,6.978707352408653
983,1016,Small states,SST,2005,7779.765881341,68.0184220231352,8.95928152434703,8.95928152434703
984,1017,Sao Tome and Principe,STP,2005,844.169181884274,62.434,6.738352926977564,6.738352926977564
985,1018,Suriname,SUR,2005,3453.42865937765,66.997,8.147122830831266,8.147122830831266
986,1019,Slovak Republic,SVK,2005,11641.5410321763,73.9048780487805,9.36233510360294,9.362335103602941
987,1020,Slovenia,SVN,2005,17969.7095907161,77.6121951219512,9.796442818863271,9.796442818863273
988,1021,Sweden,SWE,2005,43378.4077394363,80.5463414634146,10.67771707876108,10.677717078761079
989,1022,Eswatini,SWZ,2005,2871.06877437449,43.958,7.9624396346842,7.9624396346842
990,1024,Seychelles,SYC,2005,11802.1118276833,72.1317073170732,9.376033762888552,9.376033762888552
991,1025,Syrian Arab Republic,SYR,2005,1533.90166536568,72.797,7.335569876460286,7.335569876460286
992,1026,Turks and Caicos Islands,TCA,2005,24122.3028180757,75.954,10.090892119670052,10.090892119670052
993,1027,Chad,TCD,2005,838.092107712557,48.86,6.7311280081801455,6.7311280081801455
994,1028,East Asia & Pacific (IDA & IBRD countries),TEA,2005,1673.19096529507,72.440234089532,7.42248783989716,7.42248783989716
995,1029,Europe & Central Asia (IDA & IBRD countries),TEC,2005,4660.80836930066,69.1399718973032,8.446944181882554,8.446944181882554
996,1030,Togo,TGO,2005,551.259850017077,55.931,6.31220629511312,6.31220629511312
997,1031,Thailand,THA,2005,2867.70383436062,72.894,7.961266930822618,7.961266930822618
998,1032,Tajikistan,TJK,2005,333.927150941684,66.531,5.810922858234005,5.810922858234005
999,1033,Turkmenistan,TKM,2005,1604.01618452312,66.275,7.380265878477251,7.380265878477251
1000,1034,Latin America & the Caribbean (IDA & IBRD countries),TLA,2005,5103.97068943224,72.4275917225936,8.53777408234204,8.53777408234204
1001,1035,Timor-Leste,TLS,2005,487.464506929223,61.272,6.189217481488365,6.189217481488365
1002,1036,"Middle East, North Africa, Afghanistan & Pakistan (IDA & IBRD)",TMN,2005,1657.84296915154,66.8201250398649,7.413272620203561,7.413272620203561
1003,1037,Tonga,TON,2005,2477.72620144825,70.56,7.815096564336342,7.815096564336342
1004,1038,South Asia (IDA & IBRD),TSA,2005,686.338193475473,65.131596636791,6.531370499649041,6.531370499649041
1005,1039,Sub-Saharan Africa (IDA & IBRD countries),TSS,2005,1073.52977403181,53.8933821899777,6.978707352408653,6.978707352408653
1006,1040,Trinidad and Tobago,TTO,2005,12346.4373094075,70.185,9.421122823467584,9.421122823467584
1007,1041,Tunisia,TUN,2005,3146.8260743927,73.712,8.05414962842327,8.05414962842327
1008,1042,Turkiye,TUR,2005,7331.85429430255,73.51,8.899983736190196,8.899983736190196
1009,1043,Tuvalu,TUV,2005,2304.82694329052,64.096,7.742760873779446,7.742760873779446
1010,1044,Tanzania,TZA,2005,483.334869384766,57.675,6.180709724778907,6.180709724778907
1011,1045,Uganda,UGA,2005,330.405402707025,54.926,5.800320393531971,5.800320393531971
1012,1046,Ukraine,UKR,2005,1875.33508300781,67.517,7.536542633375112,7.536542633375112
1013,1047,Upper middle income,UMC,2005,2788.28442311953,72.2940907050527,7.93318178357788,7.93318178357788
1014,1048,Uruguay,URY,2005,5284.25677987129,75.829,8.57248726019791,8.57248726019791
1015,1049,United States,USA,2005,44123.4070679055,77.4878048780488,10.694745693139891,10.694745693139893
1016,1050,Uzbekistan,UZB,2005,542.835808692209,67.481,6.2968068961093975,6.2968068961093975
1017,1051,St. Vincent and the Grenadines,VCT,2005,5157.39373878102,70.454,8.548186641491474,8.548186641491474
1018,1052,"Venezuela, RB",VEN,2005,5432.4854184654,73.075,8.600152027997282,8.600152027997282
1019,1054,Virgin Islands (U.S.),VIR,2005,40828.7460927775,77.4219512195122,10.617141673403092,10.617141673403092
1020,1055,Viet Nam,VNM,2005,710.746759994861,73.198,6.566316191948593,6.566316191948593
1021,1056,Vanuatu,VUT,2005,1873.99142640619,69.166,7.535825887764524,7.535825887764524
1022,1057,World,WLD,2005,7284.31331023762,69.1105811246199,8.893478453409212,8.893478453409212
1023,1058,Samoa,WSM,2005,2550.04221437511,71.487,7.843865192672351,7.843865192672351
1024,1060,"Yemen, Rep.",YEM,2005,734.159908450927,65.356,6.598726863811675,6.598726863811675
1025,1061,South Africa,ZAF,2005,5836.87663325127,53.914,8.671951109679986,8.671951109679986
1026,1062,Zambia,ZMB,2005,710.982068171696,51.615,6.56664720891093,6.56664720891093
1027,1063,Zimbabwe,ZWE,2005,461.271387547912,46.57,6.133986562947303,6.133986562947303
1028,1064,Aruba,ABW,2006,24845.65848362,73.498,10.120438307352744,10.120438307352744
1029,1065,Africa Eastern and Southern,AFE,2006,1235.26660811771,55.6935152578453,7.119042102782376,7.119042102782376
1030,1066,Afghanistan,AFG,2006,274.218553561575,58.553,5.613925429177434,5.613925429177434
1031,1067,Africa Western and Central,AFW,2006,1234.64185574403,52.9789311865575,7.118536211656331,7.118536211656331
1032,1068,Angola,AGO,2006,2930.4442860732,52.965,7.982909323988002,7.982909323988002
1033,1069,Albania,ALB,2006,3057.77257038113,76.994,8.025442011709254,8.025442011709254
1034,1070,Andorra,AND,2006,43467.1963063068,83.374,10.67976182469339,10.67976182469339
1035,1071,Arab World,ARB,2006,4355.05756933724,68.4912652387812,8.379093108335223,8.379093108335223
1036,1072,United Arab Emirates,ARE,2006,44342.6048322482,81.155,10.699701228225296,10.699701228225297
1037,1073,Argentina,ARG,2006,5869.38028970204,75.279,8.677504334796174,8.677504334796174
1038,1074,Armenia,ARM,2006,2041.65267068997,72.8243902439025,7.621514891549062,7.621514891549062
1039,1075,American Samoa,ASM,2006,8745.16621137404,72.397,9.076256393718513,9.076256393718513
1040,1076,Antigua and Barbuda,ATG,2006,16173.8136329968,75.506,9.691148770960272,9.691148770960273
1041,1077,Australia,AUS,2006,36658.8243476122,81.0414634146342,10.50940945180179,10.50940945180179
1042,1078,Austria,AUT,2006,40382.2078298575,79.8804878048781,10.606144566693516,10.606144566693517
1043,1079,Azerbaijan,AZE,2006,2472.95725732287,68.489,7.813169983636858,7.813169983636858
1044,1080,Burundi,BDI,2006,161.892755640319,53.962,5.086934113791906,5.086934113791906
1045,1081,Belgium,BEL,2006,38705.1067959147,79.380487804878,10.563726828862876,10.563726828862876
1046,1082,Benin,BEN,2006,809.147072506221,57.966,6.695980695969847,6.695980695969847
1047,1083,Burkina Faso,BFA,2006,455.513655620024,53.784,6.121425695657937,6.121425695657937
1048,1084,Bangladesh,BGD,2006,490.388026533289,66.048,6.19519696860878,6.19519696860878
1049,1085,Bulgaria,BGR,2006,4523.1465578805,72.6121951219512,8.416963171756443,8.416963171756443
1050,1086,Bahrain,BHR,2006,19267.282615072,76.51,9.866163735121756,9.866163735121756
1051,1087,"Bahamas, The",BHS,2006,29184.7865087908,73.456,10.281402842510598,10.281402842510598
1052,1088,Bosnia and Herzegovina,BIH,2006,3166.12865344833,76.028,8.060264875575013,8.060264875575013
1053,1089,Belarus,BLR,2006,3848.22350300163,69.4048780487805,8.255366892999483,8.255366892999483
1054,1090,Belize,BLZ,2006,5524.78167834986,70.535,8.616999010374412,8.616999010374412
1055,1091,Bermuda,BMU,2006,97781.4558996721,78.87,11.4904902255664,11.4904902255664
1056,1092,Bolivia,BOL,2006,1202.71150446327,64.529,7.092333873801104,7.0923338738011035
1057,1093,Brazil,BRA,2006,5934.14561857454,72.296,8.688478340248787,8.688478340248787
1058,1094,Barbados,BRB,2006,15619.6005955511,75.049,9.656281852999609,9.656281852999607
1059,1095,Brunei Darussalam,BRN,2006,34674.7995236452,74.753,10.45376846358435,10.45376846358435
1060,1096,Bhutan,BTN,2006,1405.6071618158,66.499,7.248224632061814,7.248224632061814
1061,1097,Botswana,BWA,2006,5291.58379144849,55.112,8.573872873511588,8.573872873511588
1062,1098,Central African Republic,CAF,2006,333.942519903031,48.687,5.810968882067758,5.810968882067758
1063,1099,Canada,CAN,2006,40504.0370977806,80.5436585365854,10.609156929553448,10.609156929553448
1064,1100,Central Europe and the Baltics,CEB,2006,9466.68526162197,74.0926027308098,9.1555340997351,9.1555340997351
1065,1101,Switzerland,CHE,2006,59011.0324592016,81.490243902439,10.985479696241176,10.985479696241175
1066,1102,Channel Islands,CHI,2006,62745.1006593557,80.4,11.04683577680411,11.04683577680411
1067,1103,Chile,CHL,2006,9318.65655296121,78.533,9.139773750611525,9.139773750611525
1068,1104,China,CHN,2006,2129.25696999613,74.404,7.663528357467109,7.663528357467109
1069,1105,Cote d'Ivoire,CIV,2006,1230.43056838584,52.885,7.115119442709541,7.115119442709541
1070,1106,Cameroon,CMR,2006,1191.45458990968,55.301,7.082930184112721,7.082930184112721
1071,1107,"Congo, Dem. Rep.",COD,2006,255.445229568751,54.498,5.543008020984117,5.543008020984117
1072,1108,"Congo, Rep.",COG,2006,2103.5821381211,59.474,7.651396950578692,7.651396950578692
1073,1109,Colombia,COL,2006,3789.85361217027,73.497,8.240082672573331,8.240082672573331
1074,1110,Comoros,COM,2006,1138.47908404345,61.229,7.037448513831698,7.0374485138316984
1075,1111,Cabo Verde,CPV,2006,2256.99666191075,71.341,7.721790297822534,7.721790297822534
1076,1112,Costa Rica,CRI,2006,5256.59640859159,79.049,8.567239025681252,8.567239025681252
1077,1113,Caribbean small states,CSS,2006,10883.0475520742,69.9344232165599,9.294961587076775,9.294961587076775
1078,1114,Cuba,CUB,2006,4329.98265964383,77.406,8.373318816287323,8.373318816287323
1079,1115,Curacao,CUW,2006,17400.1637780186,73.978,9.764234897688128,9.764234897688127
1080,1116,Cayman Islands,CYM,2006,87085.0945866141,75.0,11.374641018306583,11.374641018306583
1081,1117,Cyprus,CYP,2006,26729.28125,79.456,10.19351491950844,10.193514919508441
1082,1118,Czechia,CZE,2006,15259.0788162004,76.5243902439024,9.6329299371055,9.632929937105501
1083,1119,Germany,DEU,2006,36980.3349948954,79.1317073170732,10.518141563712833,10.518141563712833
1084,1120,Djibouti,DJI,2006,898.464628136774,58.962,6.80068733776563,6.80068733776563
1085,1121,Dominica,DMA,2006,6055.78109574854,72.007,8.708768647791016,8.708768647791016
1086,1122,Denmark,DNK,2006,52119.1787984282,78.0951219512195,10.861288275136683,10.861288275136685
1087,1123,Dominican Republic,DOM,2006,4055.14270347371,71.054,8.30774115790901,8.30774115790901
1088,1124,Algeria,DZA,2006,3660.66104745322,73.116,8.205399024144914,8.205399024144914
1089,1125,East Asia & Pacific (excluding high income),EAP,2006,1976.63130651455,72.6518704363172,7.589149314385182,7.589149314385182
1090,1126,Early-demographic dividend,EAR,2006,2011.10903452871,66.3919300050345,7.606441607362379,7.606441607362379
1091,1127,East Asia & Pacific,EAS,2006,5170.318905428,73.5640440034614,8.550689649435308,8.550689649435308
1092,1128,Europe & Central Asia (excluding high income),ECA,2006,4142.44695498675,70.2178659389806,8.329041944146132,8.329041944146132
1093,1129,Europe & Central Asia,ECS,2006,20766.9170925859,74.6397717965131,9.941116475067757,9.941116475067755
1094,1130,Ecuador,ECU,2006,3243.67010359339,74.01,8.084460715734057,8.084460715734057
1095,1131,"Egypt, Arab Rep.",EGY,2006,1298.97900203124,68.493,7.169333851821889,7.169333851821889
1096,1132,Euro area,EMU,2006,33646.2303491169,79.8077212879617,10.4236563035113,10.423656303511299
1097,1133,Eritrea,ERI,2006,447.997404727201,61.457,6.104787439378565,6.104787439378565
1098,1134,Spain,ESP,2006,28421.686527407,80.8219512195122,10.25490774286739,10.25490774286739
1099,1135,Estonia,EST,2006,12641.4800976473,72.6914634146341,9.444738757178463,9.444738757178463
1100,1136,Ethiopia,ETH,2006,189.345737521418,55.402,5.243574642984934,5.243574642984934
1101,1137,European Union,EUU,2006,29200.5809467343,78.6721282949285,10.281943883494568,10.281943883494568
1102,1138,Fragile and conflict affected situations,FCS,2006,1319.3385305318,57.5943113995222,7.184885776747734,7.184885776747734
1103,1139,Finland,FIN,2006,41214.0187765069,79.2146341463415,10.62653373902748,10.626533739027481
1104,1140,Fiji,FJI,2006,3455.10599907349,66.126,8.147608415636649,8.147608415636649
1105,1141,France,FRA,2006,36431.5658906555,80.8121951219512,10.503190872626895,10.503190872626895
1106,1142,Faroe Islands,FRO,2006,41743.6812847661,79.6898609756098,10.6393033723523,10.6393033723523
1107,1143,"Micronesia, Fed. Sts.",FSM,2006,2244.97227274486,64.859,7.7164484494296435,7.7164484494296435
1108,1144,Gabon,GAB,2006,6847.00985685394,63.259,8.831567318707283,8.831567318707283
1109,1145,United Kingdom,GBR,2006,44695.161023424,79.2487804878049,10.707620520232188,10.707620520232188
1110,1146,Georgia,GEO,2006,1996.02013272284,70.983,7.598910543355029,7.5989105433550295
1111,1147,Ghana,GHA,2006,906.441027564887,59.975,6.8095259729931135,6.8095259729931135
1112,1149,Guinea,GIN,2006,446.980554135013,54.875,6.102515090613621,6.102515090613621
1113,1150,"Gambia, The",GMB,2006,614.544307904464,59.667,6.420881030400967,6.420881030400967
1114,1151,Guinea-Bissau,GNB,2006,448.513075469701,54.089,6.105937834852485,6.105937834852485
1115,1152,Equatorial Guinea,GNQ,2006,10184.8841248541,56.354,9.228659951556825,9.228659951556825
1116,1153,Greece,GRC,2006,24416.0232970275,79.4390243902439,10.102994888254251,10.102994888254251
1117,1154,Grenada,GRD,2006,6344.0383771432,73.93,8.755270812656915,8.755270812656915
1118,1155,Greenland,GRL,2006,35457.6297578214,67.8180487804878,10.476093734693094,10.476093734693094
1119,1156,Guatemala,GTM,2006,2225.1234753878,68.79,7.70756768761689,7.70756768761689
1120,1157,Guam,GUM,2006,25709.9351488422,76.477,10.15463277784688,10.154632777846881
1121,1158,Guyana,GUY,2006,3135.60553528326,64.848,8.050577587615745,8.050577587615745
1122,1159,High income,HIC,2006,31710.7967236991,77.5422883584084,10.36441249253051,10.36441249253051
1123,1160,"Hong Kong SAR, China",HKG,2006,28224.0951563146,82.3848780487805,10.247931330268898,10.247931330268898
1124,1161,Honduras,HND,2006,1425.84780051892,69.364,7.262521863524089,7.262521863524089
1125,1162,Heavily indebted poor countries (HIPC),HPC,2006,593.211178044594,56.5739489103325,6.385550453721764,6.3855504537217636
1126,1163,Croatia,HRV,2006,11501.2099669894,75.8368292682927,9.3502075233375,9.350207523337499
1127,1164,Haiti,HTI,2006,828.805700289589,60.74,6.719985749244102,6.719985749244102
1128,1165,Hungary,HUN,2006,11478.4891640501,73.0975609756098,9.348230055293758,9.348230055293758
1129,1166,IBRD only,IBD,2006,2700.5582098436,70.1501236836392,7.901213775010263,7.901213775010263
1130,1167,IDA & IBRD total,IBT,2006,2247.71696802584,67.6014995268013,7.717670299183924,7.717670299183924
1131,1168,IDA total,IDA,2006,775.4811759604,59.3121514565361,6.653483708898907,6.653483708898907
1132,1169,IDA blend,IDB,2006,1148.89181904758,57.7016203087693,7.046553121151209,7.046553121151209
1133,1170,Indonesia,IDN,2006,1558.31562847163,67.664,7.351360791581556,7.351360791581556
1134,1171,IDA only,IDX,2006,573.825446583336,60.1796551681928,6.352325250042745,6.352325250042745
1135,1172,Isle of Man,IMN,2006,42627.5089352891,77.971,10.66025507350554,10.66025507350554
1136,1173,India,IND,2006,801.668353659022,65.373,6.6866949982259065,6.6866949982259065
1137,1175,Ireland,IRL,2006,54329.1618599624,79.2414634146342,10.90281641258988,10.90281641258988
1138,1176,"Iran, Islamic Rep.",IRN,2006,3618.91601364428,72.895,8.193929816232913,8.193929816232913
1139,1177,Iraq,IRQ,2006,2276.55435744086,64.029,7.730418332126871,7.730418332126871
1140,1178,Iceland,ISL,2006,58172.1426656622,81.1585365853659,10.971161870774518,10.971161870774518
1141,1179,Israel,ISR,2006,22527.2619795719,80.5536585365854,10.022481498281405,10.022481498281403
1142,1180,Italy,ITA,2006,33537.1286994269,81.2829268292683,10.420408423466538,10.420408423466538
1143,1181,Jamaica,JAM,2006,4417.00127135363,71.395,8.393216299428413,8.393216299428413
1144,1182,Jordan,JOR,2006,2342.63459574933,73.225,7.759031470625988,7.759031470625988
1145,1183,Japan,JPN,2006,35991.546002862,82.3219512195122,10.491039356606768,10.491039356606768
1146,1184,Kazakhstan,KAZ,2006,5030.13494711519,65.722,8.523202091186233,8.523202091186233
1147,1185,Kenya,KEN,2006,699.80237063381,59.059,6.550797967515461,6.550797967515461
1148,1186,Kyrgyz Republic,KGZ,2006,543.113512472219,67.6951219512195,6.297318344996839,6.297318344996839
1149,1187,Cambodia,KHM,2006,612.252648550727,64.886,6.417145021753059,6.417145021753059
1150,1188,Kiribati,KIR,2006,1123.19258990684,65.601,7.023930435944621,7.023930435944621
1151,1189,St. Kitts and Nevis,KNA,2006,13837.8495311219,71.356,9.535162836399545,9.535162836399545
1152,1190,"Korea, Rep.",KOR,2006,22609.7059431449,78.6682926829268,10.026134559576867,10.026134559576867
1153,1191,Kuwait,KWT,2006,42946.6374104066,76.8876829268293,10.667713633553724,10.667713633553724
1154,1192,Latin America & Caribbean (excluding high income),LAC,2006,5717.84447760414,72.5238653235671,8.65134717377227,8.65134717377227
1155,1193,Lao PDR,LAO,2006,579.391947440719,61.074,6.361979187138427,6.361979187138427
1156,1194,Lebanon,LBN,2006,4635.2514117486,75.677,8.441445718545868,8.441445718545868
1157,1195,Liberia,LBR,2006,320.55808618515,57.495,5.770063496086552,5.770063496086552
1158,1196,Libya,LBY,2006,10048.8480434289,71.632,9.215213284373167,9.215213284373167
1159,1197,St. Lucia,LCA,2006,7611.17856675319,72.794,8.937373309659915,8.937373309659915
1160,1198,Latin America & Caribbean,LCN,2006,6047.73425729833,72.8332266680253,8.707438977955258,8.707438977955258
1161,1199,Least developed countries: UN classification,LDC,2006,552.743616465105,59.0153133561074,6.314894270987206,6.314894270987206
1162,1200,Low income,LIC,2006,586.100552264911,57.9405227801214,6.373491365752732,6.373491365752732
1163,1201,Liechtenstein,LIE,2006,114167.939211301,80.9487804878049,11.645425794330546,11.645425794330546
1164,1202,Sri Lanka,LKA,2006,1388.89739119932,72.825,7.236265467598947,7.236265467598947
1165,1203,Lower middle income,LMC,2006,941.244764118773,64.1041811702886,6.8472032164094125,6.8472032164094125
1166,1204,Low & middle income,LMY,2006,2015.80026970912,67.6734023531518,7.608771551718328,7.608771551718328
1167,1205,Lesotho,LSO,2006,925.467485502842,43.182,6.830298999578849,6.830298999578849
1168,1206,Late-demographic dividend,LTE,2006,3525.67817486105,73.3817363374868,8.167828086773284,8.167828086773284
1169,1207,Lithuania,LTU,2006,9210.10118229413,71.0560975609756,9.128056115323004,9.128056115323004
1170,1208,Luxembourg,LUX,2006,90788.8004876145,79.2878048780488,11.416291214334638,11.416291214334638
1171,1209,Latvia,LVA,2006,9211.7374468148,70.8658536585366,9.12823375932021,9.12823375932021
1172,1210,"Macao SAR, China",MAC,2006,29813.7877167933,81.7292682926829,10.302726240552571,10.302726240552571
1173,1212,Morocco,MAR,2006,2438.12646484375,69.157,7.798985181068225,7.798985181068225
1174,1213,Monaco,MCO,2006,143083.461107202,84.194,11.871183383094372,11.871183383094372
1175,1214,Moldova,MDA,2006,1183.02481442894,68.423,7.075829839607036,7.075829839607036
1176,1215,Madagascar,MDG,2006,324.146874882604,61.14,5.7811967306138765,5.7811967306138765
1177,1216,Maldives,MDV,2006,5018.94335409159,75.256,8.520974703297478,8.520974703297478
1178,1217,"Middle East, North Africa, Afghanistan & Pakistan",MEA,2006,3482.47657906214,68.0590796974229,8.155498980308199,8.155498980308199
1179,1218,Mexico,MEX,2006,9512.63575346699,73.746,9.16037627312903,9.16037627312903
1180,1219,Marshall Islands,MHL,2006,2754.26988767503,64.207,7.920907672916636,7.920907672916636
1181,1220,Middle income,MIC,2006,2129.1210373952,68.4385917828347,7.663464515036615,7.663464515036615
1182,1221,North Macedonia,MKD,2006,3440.4411057968,73.8951219512195,8.143354970576183,8.143354970576183
1183,1222,Mali,MLI,2006,586.985415515264,54.305,6.374999973719203,6.374999973719203
1184,1223,Malta,MLT,2006,16653.6036929688,79.4390243902439,9.720381910005406,9.720381910005406
1185,1224,Myanmar,MMR,2006,303.495087119254,62.026,5.715365422952568,5.715365422952568
1186,1225,"Middle East, North Africa, Afghanistan & Pakistan (excluding high income)",MNA,2006,1883.1206783718,67.3815240346302,7.540685614958228,7.540685614958228
1187,1226,Montenegro,MNE,2006,4418.84951521682,73.8390243902439,8.393634650515319,8.393634650515319
1188,1227,Mongolia,MNG,2006,1329.89179579053,65.9021951219512,7.192852861357703,7.192852861357703
1189,1228,Northern Mariana Islands,MNP,2006,16314.5578590027,77.688,9.699813108384548,9.699813108384548
1190,1229,Mozambique,MOZ,2006,457.487647833183,52.748,6.125749885079358,6.125749885079358
1191,1230,Mauritania,MRT,2006,1300.60367988659,64.493,7.170583804807175,7.170583804807175
1192,1231,Mauritius,MUS,2006,5784.22491883026,72.4321951219512,8.662889649463986,8.662889649463986
1193,1232,Malawi,MWI,2006,440.822149023873,53.652,6.088641503908185,6.088641503908185
1194,1233,Malaysia,MYS,2006,6158.40785533236,74.697,8.725573558076272,8.725573558076272
1195,1234,North America,NAC,2006,45741.2633538401,77.9690402937581,10.730756087524156,10.730756087524155
1196,1235,Namibia,NAM,2006,4017.1834716928,53.183,8.298336307125775,8.298336307125775
1197,1236,New Caledonia,NCL,2006,28193.2537573387,75.016,10.246837999843343,10.246837999843345
1198,1237,Niger,NER,2006,333.345078419447,54.223,5.809178224951621,5.809178224951621
1199,1238,Nigeria,NGA,2006,1599.53891556365,49.876,7.37747068892396,7.37747068892396
1200,1239,Nicaragua,NIC,2006,1248.17371577788,70.958,7.129436734577441,7.129436734577441
1201,1240,Netherlands,NLD,2006,45123.5432406426,79.6975609756098,10.71715941235824,10.71715941235824
1202,1241,Norway,NOR,2006,74434.4996835671,80.3439024390244,11.217674818767335,11.217674818767335
1203,1242,Nepal,NPL,2006,340.431796437968,65.891,5.830214801379075,5.830214801379075
1204,1243,Nauru,NRU,2006,2910.14145794684,59.409,7.9759569699623585,7.9759569699623585
1205,1244,New Zealand,NZL,2006,26654.5932018985,80.0487804878049,10.190716767534644,10.190716767534644
1206,1245,OECD members,OED,2006,31719.3360872902,78.2501352258837,10.364681745116442,10.364681745116442
1207,1246,Oman,OMN,2006,16930.8565071853,75.354,9.73689306493936,9.73689306493936
1208,1247,Other small states,OSS,2006,9046.58680529661,67.8310957913256,9.110142816969548,9.110142816969548
1209,1248,Pakistan,PAK,2006,900.873564984808,63.624,6.803364920330677,6.803364920330677
1210,1249,Panama,PAN,2006,5528.76705854901,75.429,8.61772011460378,8.61772011460378
1211,1250,Peru,PER,2006,3129.55996496982,72.337,8.0486476873794,8.0486476873794
1212,1251,Philippines,PHL,2006,1426.14649179546,68.172,7.262731324867288,7.262731324867288
1213,1252,Palau,PLW,2006,9881.65970716981,66.633,9.1984357631894,9.198435763189401
1214,1253,Papua New Guinea,PNG,2006,1238.18282926706,62.018,7.121400123493467,7.121400123493467
1215,1254,Poland,POL,2006,9068.85528307627,75.1439024390244,9.1126013260015,9.1126013260015
1216,1255,Pre-demographic dividend,PRE,2006,997.421514005206,54.9720323472427,6.905173462966824,6.905173462966824
1217,1256,Puerto Rico (US),PRI,2006,22935.9411586313,77.561,10.040460442100867,10.040460442100867
1218,1258,Portugal,PRT,2006,19839.4540499032,78.419512195122,9.895427862814238,9.895427862814238
1219,1259,Paraguay,PRY,2006,2439.43124694576,71.584,7.799520195602233,7.799520195602233
1220,1260,West Bank and Gaza,PSE,2006,1570.10439962728,71.831,7.35889739270944,7.35889739270944
1221,1261,Pacific island small states,PSS,2006,2586.87375078468,67.3577049121232,7.858205379597707,7.858205379597707
1222,1262,Post-demographic dividend,PST,2006,35820.4258144709,78.7291498117515,10.486273563161882,10.486273563161882
1223,1263,French Polynesia,PYF,2006,22330.8676659055,80.1,10.013725200590974,10.013725200590974
1224,1264,Qatar,QAT,2006,62582.4453138755,77.323,11.044240091465465,11.044240091465465
1225,1265,Romania,ROU,2006,5757.53127301178,72.1634146341463,8.65826406337992,8.65826406337992
1226,1266,Russian Federation,RUS,2006,6920.19970703125,66.7275609756098,8.842199907592871,8.842199907592871
1227,1267,Rwanda,RWA,2006,356.995022901154,58.342,5.877721840229106,5.877721840229106
1228,1268,South Asia,SAS,2006,769.378704313512,65.5691020177667,6.645583311631936,6.645583311631936
1229,1269,Saudi Arabia,SAU,2006,17563.6145370639,74.762,9.77358468524766,9.773584685247659
1230,1270,Sudan,SDN,2006,1132.474609375,60.4,7.032160437127932,7.032160437127932
1231,1271,Senegal,SEN,2006,1017.20196747987,61.801,6.924810967757527,6.924810967757527
1232,1272,Singapore,SGP,2006,33768.4528234651,80.1414634146341,10.427282297212068,10.427282297212068
1233,1273,Solomon Islands,SLB,2006,1255.62447417684,67.968,7.1353883167950665,7.1353883167950665
1234,1274,Sierra Leone,SLE,2006,580.26796974773,49.547,6.363490013649994,6.363490013649994
1235,1275,El Salvador,SLV,2006,2665.61807194853,69.612,7.888191231642117,7.888191231642117
1236,1276,San Marino,SMR,2006,63270.7780755157,82.258,11.055178859765894,11.055178859765894
1237,1277,"Somalia, Fed. Rep.",SOM,2006,457.996662206659,50.915,6.126861896329243,6.126861896329243
1238,1278,Serbia,SRB,2006,4492.7136699046,73.3853658536585,8.410212178996842,8.410212178996842
1239,1279,Sub-Saharan Africa (excluding high income),SSA,2006,1349.88715192875,54.4972154483516,7.20777627677465,7.20777627677465
1240,1281,Sub-Saharan Africa,SSF,2006,1234.13340009531,54.5902158474127,7.118124302427489,7.118124302427489
1241,1282,Small states,SST,2006,8649.72106282857,68.2773677005452,9.065282352334137,9.065282352334135
1242,1283,Sao Tome and Principe,STP,2006,861.970707697664,63.041,6.759221288297046,6.759221288297046
1243,1284,Suriname,SUR,2006,5002.65798695759,67.643,8.517724647559918,8.517724647559918
1244,1285,Slovak Republic,SVK,2006,13167.8954730379,74.2048780487805,9.485536984932573,9.485536984932573
1245,1286,Slovenia,SVN,2006,19563.005059144,78.0865853658537,9.88139556466906,9.88139556466906
1246,1287,Sweden,SWE,2006,46531.3762240485,80.7487804878049,10.747882121535374,10.747882121535374
1247,1288,Eswatini,SWZ,2006,2964.95865200682,44.563,7.994618365974325,7.9946183659743255
1248,1290,Seychelles,SYC,2006,12782.9938926475,72.2170731707317,9.455870964396452,9.455870964396453
1249,1291,Syrian Arab Republic,SYR,2006,1718.78347217338,73.04,7.449372035944309,7.449372035944309
1250,1292,Turks and Caicos Islands,TCA,2006,28734.2873064523,76.197,10.26584636835315,10.26584636835315
1251,1293,Chad,TCD,2006,906.897260572747,48.747,6.810029169799216,6.810029169799216
1252,1294,East Asia & Pacific (IDA & IBRD countries),TEA,2006,1999.86070779606,72.6983447331159,7.60083281101471,7.60083281101471
1253,1295,Europe & Central Asia (IDA & IBRD countries),TEC,2006,5632.99003233827,69.6987479861711,8.636395669381036,8.636395669381036
1254,1296,Togo,TGO,2006,552.50227125256,56.154,6.31445754424782,6.31445754424782
1255,1297,Thailand,THA,2006,3331.32043511773,73.341,8.111124031440792,8.111124031440792
1256,1298,Tajikistan,TJK,2006,401.018403316427,66.997,5.994007319810667,5.994007319810667
1257,1299,Turkmenistan,TKM,2006,1996.59310717308,66.574,7.599197560614026,7.599197560614026
1258,1300,Latin America & the Caribbean (IDA & IBRD countries),TLA,2006,5926.88266865219,72.7029489273067,8.687253665514989,8.687253665514989
1259,1301,Timor-Leste,TLS,2006,464.667016791076,61.881,6.141321056147935,6.141321056147935
1260,1302,"Middle East, North Africa, Afghanistan & Pakistan (IDA & IBRD)",TMN,2006,1885.14870247669,67.3526959987589,7.541761984026214,7.541761984026214
1261,1303,Tonga,TON,2006,2750.34778600857,70.71,7.919482650303739,7.919482650303739
1262,1304,South Asia (IDA & IBRD),TSA,2006,769.378704313512,65.5691020177667,6.645583311631936,6.645583311631936
1263,1305,Sub-Saharan Africa (IDA & IBRD countries),TSS,2006,1234.13340009531,54.5902158474127,7.118124302427489,7.118124302427489
1264,1306,Trinidad and Tobago,TTO,2006,14152.6607422113,70.437,9.557657923713217,9.557657923713215
1265,1307,Tunisia,TUN,2006,3322.56933570096,73.888,8.108493658902676,8.108493658902676
1266,1308,Turkiye,TUR,2006,7990.08251407245,73.804,8.985956365875012,8.985956365875012
1267,1309,Tuvalu,TUV,2006,2396.26844307702,64.247,7.781667990971663,7.781667990971663
1268,1310,Tanzania,TZA,2006,475.746734619141,58.512,6.164885642504025,6.164885642504025
1269,1311,Uganda,UGA,2006,346.518255310647,56.118,5.847935502121371,5.847935502121371
1270,1312,Ukraine,UKR,2006,2366.494140625,67.49,7.76916487337662,7.76916487337662
1271,1313,Upper middle income,UMC,2006,3262.39559875801,72.5738691375552,8.09021705073824,8.09021705073824
1272,1314,Uruguay,URY,2006,6001.33294783172,75.888,8.699736881508718,8.699736881508718
1273,1315,United States,USA,2006,46302.0008800056,77.6878048780488,10.742940454691436,10.742940454691437
1274,1316,Uzbekistan,UZB,2006,649.118167003925,67.905,6.475614775637175,6.475614775637175
1275,1317,St. Vincent and the Grenadines,VCT,2006,5744.8278621257,70.434,8.656055226757488,8.656055226757488
1276,1318,"Venezuela, RB",VEN,2006,6739.38065342218,72.972,8.815723308500447,8.815723308500447
1277,1320,Virgin Islands (U.S.),VIR,2006,41377.1466009652,78.3243902439024,10.630483992927886,10.630483992927886
1278,1321,Viet Nam,VNM,2006,807.756645117054,73.293,6.694260831370928,6.694260831370928
1279,1322,Vanuatu,VUT,2006,2034.79289624351,69.126,7.618149321809977,7.618149321809977
1280,1323,World,WLD,2006,7796.34931015336,69.4681205527323,8.961410865954278,8.961410865954278
1281,1324,Samoa,WSM,2006,2663.29135939532,71.62,7.887317990041359,7.887317990041359
1282,1326,"Yemen, Rep.",YEM,2006,809.713127624703,65.8,6.696680021509514,6.696680021509514
1283,1327,South Africa,ZAF,2006,6077.38293388876,54.22,8.712329443789828,8.712329443789828
1284,1328,Zambia,ZMB,2006,1051.71714895686,52.693,6.958179487332816,6.958179487332816
1285,1329,Zimbabwe,ZWE,2006,431.034994414964,47.056,6.06618928034593,6.06618928034593
1286,1330,Aruba,ABW,2007,26736.3089444046,73.642,10.19377780613962,10.19377780613962
1287,1331,Africa Eastern and Southern,AFE,2007,1381.5525968929,56.4843531784534,7.230963215946303,7.2309632159463035
1288,1332,Afghanistan,AFG,2007,376.223152003876,58.956,5.9301824567167385,5.9301824567167385
1289,1333,Africa Western and Central,AFW,2007,1405.88018847409,53.4826715613815,7.248418854283101,7.248418854283101
1290,1334,Angola,AGO,2007,3515.05678986535,54.2,8.164810960548206,8.164810960548206
1291,1335,Albania,ALB,2007,3743.05529896187,77.691,8.2276574817632,8.2276574817632
1292,1336,Andorra,AND,2007,48336.2548304926,83.632,10.785937175676702,10.785937175676702
1293,1337,Arab World,ARB,2007,4940.7022651172,68.8792264386993,8.505262759008952,8.505262759008952
1294,1338,United Arab Emirates,ARE,2007,45854.7325158162,81.438,10.733233689715018,10.733233689715018
1295,1339,Argentina,ARG,2007,7185.25155147027,74.783,8.87978580854331,8.87978580854331
1296,1340,Armenia,ARM,2007,2962.70234594569,72.8731707317073,7.993857085539807,7.993857085539807
1297,1341,American Samoa,ASM,2007,9231.37240924563,72.365,9.130363006502742,9.130363006502742
1298,1342,Antigua and Barbuda,ATG,2007,18204.5124043068,75.72,9.809424776636828,9.809424776636828
1299,1343,Australia,AUS,2007,41128.2476618402,81.2926829268293,10.62445045545034,10.62445045545034
1300,1344,Austria,AUT,2007,46622.9622913635,80.1804878048781,10.74984845178438,10.749848451784379
1301,1345,Azerbaijan,AZE,2007,3851.33015175141,68.659,8.25617386157394,8.25617386157394
1302,1346,Burundi,BDI,2007,166.162744906755,54.832,5.112967699091706,5.112967699091706
1303,1347,Belgium,BEL,2007,44319.165448813,79.7829268292683,10.699172491117816,10.699172491117816
1304,1348,Benin,BEN,2007,912.338247188342,58.249,6.816010806388399,6.816010806388399
1305,1349,Burkina Faso,BFA,2007,514.684451177238,54.377,6.243553996715776,6.243553996715776
1306,1350,Bangladesh,BGD,2007,537.955492792911,66.458,6.287775829588981,6.287775829588981
1307,1351,Bulgaria,BGR,2007,5888.57081403932,72.6634146341463,8.680768601028996,8.680768601028996
1308,1352,Bahrain,BHR,2007,20908.4042548073,76.952,9.94790647458024,9.947906474580241
1309,1353,"Bahamas, The",BHS,2007,30051.8489587756,73.463,10.310679467480666,10.310679467480666
1310,1354,Bosnia and Herzegovina,BIH,2007,3931.48948737505,76.162,8.276773637480407,8.276773637480407
1311,1355,Belarus,BLR,2007,4735.48107556066,70.2073170731707,8.462838600366473,8.462838600366473
1312,1356,Belize,BLZ,2007,5762.21023302938,70.652,8.659076401099902,8.659076401099902
1313,1357,Bermuda,BMU,2007,107395.651483891,79.006,11.584274971260394,11.584274971260394
1314,1358,Bolivia,BOL,2007,1354.54905949929,64.939,7.211223880506953,7.211223880506953
1315,1359,Brazil,BRA,2007,7409.69003822861,72.73,8.910543887216658,8.910543887216658
1316,1360,Barbados,BRB,2007,17235.4396434785,75.263,9.754722987385618,9.754722987385618
1317,1361,Brunei Darussalam,BRN,2007,36217.3290706015,74.793,10.49729298687962,10.49729298687962
1318,1362,Bhutan,BTN,2007,1850.41570433398,67.152,7.523165597875367,7.5231655978753675
1319,1363,Botswana,BWA,2007,5529.12574632532,56.735,8.617784989129651,8.617784989129651
1320,1364,Central African Republic,CAF,2007,380.887048839475,49.327,5.942502871434915,5.942502871434915
1321,1365,Canada,CAN,2007,44660.0838892281,80.5436585365854,10.706835403789787,10.706835403789789
1322,1366,Central Europe and the Baltics,CEB,2007,11997.2743828359,74.2506487210769,9.392434768207456,9.392434768207455
1323,1367,Switzerland,CHE,2007,64989.1553256031,81.7414634146342,11.081975693813677,11.081975693813675
1324,1368,Channel Islands,CHI,2007,74139.97799443,80.6,11.213710179893646,11.213710179893646
1325,1369,Chile,CHL,2007,10346.4138184533,78.652,9.244395247680954,9.244395247680954
1326,1370,China,CHN,2007,2734.72709877693,74.789,7.913786928808856,7.913786928808856
1327,1371,Cote d'Ivoire,CIV,2007,1367.53817722326,53.452,7.22076745143717,7.22076745143717
1328,1372,Cameroon,CMR,2007,1325.67248215933,55.71,7.189675143373808,7.189675143373808
1329,1373,"Congo, Dem. Rep.",COD,2007,294.101615124419,54.954,5.683925337297399,5.683925337297399
1330,1374,"Congo, Rep.",COG,2007,2206.47101863414,60.05,7.699149694081825,7.699149694081825
1331,1375,Colombia,COL,2007,4769.926147194,73.751,8.470086100993974,8.470086100993974
1332,1376,Comoros,COM,2007,1289.73631056361,61.475,7.162193066045255,7.162193066045255
1333,1377,Cabo Verde,CPV,2007,3324.57675212498,71.487,8.109097652393574,8.109097652393574
1334,1378,Costa Rica,CRI,2007,6137.71199925542,79.098,8.722207313136439,8.722207313136439
1335,1379,Caribbean small states,CSS,2007,12134.9066978741,70.2937333399205,9.40384142945163,9.40384142945163
1336,1380,Cuba,CUB,2007,4807.43888960684,77.55,8.477919765911908,8.477919765911908
1337,1381,Curacao,CUW,2007,18005.7165850772,74.137,9.798444574517733,9.798444574517733
1338,1382,Cayman Islands,CYM,2007,89888.2611264853,75.152,11.40632263492028,11.40632263492028
1339,1383,Cyprus,CYP,2007,31244.87890625,79.798,10.349610766735571,10.349610766735573
1340,1384,Czechia,CZE,2007,18452.6532812196,76.7243902439025,9.822963448409306,9.822963448409306
1341,1385,Germany,DEU,2007,42350.9217211489,79.5341463414634,10.653745464215234,10.653745464215234
1342,1386,Djibouti,DJI,2007,969.573220191902,59.362,6.876855995494581,6.876855995494581
1343,1387,Dominica,DMA,2007,6459.03503689609,71.901,8.773235210525593,8.773235210525593
1344,1388,Denmark,DNK,2007,58631.6566433635,78.1951219512195,10.979030045458158,10.979030045458158
1345,1389,Dominican Republic,DOM,2007,4649.64558875814,71.097,8.444546278205335,8.444546278205335
1346,1390,Algeria,DZA,2007,4167.45169937531,73.346,8.335060024725827,8.335060024725827
1347,1391,East Asia & Pacific (excluding high income),EAP,2007,2481.38704492063,72.9937536648265,7.816572975120084,7.816572975120084
1348,1392,Early-demographic dividend,EAR,2007,2342.68810678142,66.7605467353128,7.759054312609557,7.759054312609557
1349,1393,East Asia & Pacific,EAS,2007,5739.38750773872,73.8948513504332,8.655107777651262,8.655107777651262
1350,1394,Europe & Central Asia (excluding high income),ECA,2007,5206.48238815828,70.5579786921334,8.557659741299922,8.557659741299922
1351,1395,Europe & Central Asia,ECS,2007,24195.9334256766,75.0086537519123,10.093939857763134,10.093939857763134
1352,1396,Ecuador,ECU,2007,3478.92488770671,74.226,8.154478584722467,8.154478584722467
1353,1397,"Egypt, Arab Rep.",EGY,2007,1547.74170735909,68.627,7.344552184516528,7.344552184516528
1354,1398,Euro area,EMU,2007,38544.2258256115,80.0477786971357,10.559561583741898,10.559561583741898
1355,1399,Eritrea,ERI,2007,480.44762365456,61.998,6.174718218628331,6.174718218628331
1356,1400,Spain,ESP,2007,32652.015594702,80.8731707317073,10.393661866174403,10.393661866174403
1357,1401,Estonia,EST,2007,16745.4308011148,72.8146341463415,9.725880712046656,9.725880712046655
1358,1402,Ethiopia,ETH,2007,237.146255996319,56.566,5.4686770647071645,5.4686770647071645
1359,1403,European Union,EUU,2007,33704.6636441399,78.9060450955774,10.425391493832311,10.425391493832313
1360,1404,Fragile and conflict affected situations,FCS,2007,1578.9042249996,58.1095746645354,7.36448635693762,7.36448635693762
1361,1405,Finland,FIN,2007,48473.0240091455,79.2634146341464,10.788762716188636,10.788762716188637
1362,1406,Fiji,FJI,2007,3762.74692789299,66.161,8.232904535579541,8.232904535579541
1363,1407,France,FRA,2007,41486.1907828787,81.1121951219512,10.633115898624697,10.633115898624695
1364,1408,Faroe Islands,FRO,2007,48348.7393711011,79.9238243902439,10.786195427555,10.786195427555
1365,1409,"Micronesia, Fed. Sts.",FSM,2007,2293.51341684075,64.844,7.737840163961581,7.737840163961581
1366,1410,Gabon,GAB,2007,8003.54289696049,63.619,8.987639584747548,8.987639584747548
1367,1411,United Kingdom,GBR,2007,50629.0799172887,79.4487804878049,10.832281392120352,10.832281392120352
1368,1412,Georgia,GEO,2007,2635.36650276116,70.985,7.876777541535253,7.876777541535253
1369,1413,Ghana,GHA,2007,1050.12461524926,60.282,6.956664117299285,6.956664117299285
1370,1415,Guinea,GIN,2007,650.148575304743,55.233,6.477200914161763,6.477200914161763
1371,1416,"Gambia, The",GMB,2007,724.726407242432,60.001,6.585794214312171,6.585794214312171
1372,1417,Guinea-Bissau,GNB,2007,519.069789794741,54.87,6.252038343865029,6.252038343865029
1373,1418,Equatorial Guinea,GNQ,2007,12616.9532942011,56.857,9.442796688105965,9.442796688105965
1374,1419,Greece,GRC,2007,28440.7625328955,79.4390243902439,10.255578695544225,10.255578695544223
1375,1420,Grenada,GRD,2007,6864.54816771858,74.159,8.834125499243418,8.834125499243418
1376,1421,Greenland,GRL,2007,39780.9441368721,68.2739024390244,10.591143286084892,10.591143286084892
1377,1422,Guatemala,GTM,2007,2458.81573919384,69.299,7.807435106181165,7.807435106181165
1378,1423,Guam,GUM,2007,26605.4324214756,76.397,10.188870700289687,10.188870700289687
1379,1424,Guyana,GUY,2007,3608.28685240188,65.462,8.190988382568172,8.190988382568172
1380,1425,High income,HIC,2007,34666.0451564196,77.8631136411291,10.453515961114483,10.453515961114485
1381,1426,"Hong Kong SAR, China",HKG,2007,30593.9511738646,82.3668292682927,10.328557594343668,10.328557594343668
1382,1427,Honduras,HND,2007,1577.73789197407,69.539,7.363747386198851,7.363747386198851
1383,1428,Heavily indebted poor countries (HIPC),HPC,2007,688.372468350697,57.2460673496322,6.534330069857629,6.534330069857629
1384,1429,Croatia,HRV,2007,13755.8321073292,75.7056097560976,9.529218166427455,9.529218166427457
1385,1430,Haiti,HTI,2007,984.566983448521,61.09,6.892201933802809,6.892201933802809
1386,1431,Hungary,HUN,2007,13934.605460375,73.1512195121951,9.542130626660908,9.542130626660908
1387,1432,IBRD only,IBD,2007,3321.08117407742,70.5142450680001,8.108045663739102,8.108045663739102
1388,1433,IDA & IBRD total,IBT,2007,2742.68959561751,67.9660980961277,7.916694322163683,7.916694322163683
1389,1434,IDA total,IDA,2007,887.832604344602,59.7940488831573,6.788783216601243,6.788783216601243
1390,1435,IDA blend,IDB,2007,1296.21736128505,58.0600906051007,7.167205579890223,7.167205579890223
1391,1436,Indonesia,IDN,2007,1823.21976255073,67.914,7.508359317358648,7.508359317358648
1392,1437,IDA only,IDX,2007,666.895329303624,60.7306991735219,6.502633106020429,6.502633106020429
1393,1438,Isle of Man,IMN,2007,55040.2437046236,78.451,10.91581990037038,10.91581990037038
1394,1439,India,IND,2007,1021.88707706826,65.803,6.929406272553527,6.929406272553527
1395,1441,Ireland,IRL,2007,61396.417461176,79.6414634146341,11.0251067648951,11.0251067648951
1396,1442,"Iran, Islamic Rep.",IRN,2007,4687.99166260718,73.299,8.452759552801167,8.452759552801167
1397,1443,Iraq,IRQ,2007,3128.99010329066,64.428,8.048465580765402,8.048465580765402
1398,1444,Iceland,ISL,2007,70483.0117228535,81.4536585365854,11.16312699129263,11.16312699129263
1399,1445,Israel,ISR,2007,25721.2594077311,80.5048780487805,10.155073143238724,10.155073143238724
1400,1446,Italy,ITA,2007,37826.1754554823,81.4341463414634,10.540756614326574,10.540756614326574
1401,1447,Jamaica,JAM,2007,4716.48612542727,71.405,8.458819336376108,8.458819336376108
1402,1448,Jordan,JOR,2007,2506.20599484139,73.407,7.826525332732709,7.826525332732709
1403,1449,Japan,JPN,2007,35779.0245416427,82.5070731707317,10.485117094020389,10.485117094020387
1404,1450,Kazakhstan,KAZ,2007,6449.43931096532,66.18,8.771748477478805,8.771748477478805
1405,1451,Kenya,KEN,2007,840.201439476765,59.407,6.733641671988711,6.733641671988711
1406,1452,Kyrgyz Republic,KGZ,2007,721.771577544361,67.8951219512195,6.581708714243529,6.581708714243529
1407,1453,Cambodia,KHM,2007,731.692295125426,65.549,6.59536006373399,6.59536006373399
1408,1454,Kiribati,KIR,2007,1352.57814048911,65.677,7.20976778390505,7.2097677839050505
1409,1455,St. Kitts and Nevis,KNA,2007,14757.9579751035,71.437,9.599537740013194,9.599537740013194
1410,1456,"Korea, Rep.",KOR,2007,25078.4853957105,79.119512195122,10.129765602002616,10.129765602002617
1411,1457,Kuwait,KWT,2007,45709.4132876371,77.0101707317073,10.730059535707143,10.730059535707143
1412,1458,Latin America & Caribbean (excluding high income),LAC,2007,6672.17705130307,72.7478219327265,8.805701480152784,8.805701480152784
1413,1459,Lao PDR,LAO,2007,697.323013673925,61.694,6.54724873766044,6.54724873766044
1414,1460,Lebanon,LBN,2007,5125.25809960149,76.732,8.541936163636393,8.541936163636393
1415,1461,Liberia,LBR,2007,374.211308104278,58.147,5.924820632796214,5.924820632796214
1416,1462,Libya,LBY,2007,11144.9448413435,71.788,9.318741296623648,9.318741296623648
1417,1463,St. Lucia,LCA,2007,7964.38211480117,72.86,8.982734644294393,8.982734644294393
1418,1464,Latin America & Caribbean,LCN,2007,7035.79917204557,73.0593298775944,8.858766562534454,8.858766562534454
1419,1465,Least developed countries: UN classification,LDC,2007,648.581446944078,59.6122206860514,6.474787588690855,6.474787588690855
1420,1466,Low income,LIC,2007,689.11060676483,58.512084060261,6.535401790444428,6.5354017904444275
1421,1467,Liechtenstein,LIE,2007,130492.595349517,81.2951219512195,11.779071763518347,11.779071763518347
1422,1468,Sri Lanka,LKA,2007,1578.63451125392,72.983,7.364315518972442,7.364315518972442
1423,1469,Lower middle income,LMC,2007,1131.22988752611,64.4872672407541,7.031060715873644,7.031060715873644
1424,1470,Low & middle income,LMY,2007,2442.09195354366,68.017458734688,7.800610308975502,7.800610308975502
1425,1471,Lesotho,LSO,2007,861.188420899563,43.66,6.758313320090441,6.758313320090441
1426,1472,Late-demographic dividend,LTE,2007,4413.77838972074,73.7749281005029,8.39248637933083,8.39248637933083
1427,1473,Lithuania,LTU,2007,12295.1212779366,70.9,9.416957818606248,9.416957818606248
1428,1474,Luxembourg,LUX,2007,107475.320297978,79.3829268292683,11.585016521569187,11.585016521569187
1429,1475,Latvia,LVA,2007,13370.9789452508,71.019512195122,9.500841886955644,9.500841886955644
1430,1476,"Macao SAR, China",MAC,2007,35400.2334659409,81.7292682926829,10.474473694183194,10.474473694183194
1431,1478,Morocco,MAR,2007,2755.5859375,69.62,7.921385380461716,7.921385380461716
1432,1479,Monaco,MCO,2007,184558.556593338,83.903,12.12572207201806,12.12572207201806
1433,1480,Moldova,MDA,2007,1531.21618590748,68.674,7.333817591376545,7.333817591376545
1434,1481,Madagascar,MDG,2007,419.548001431865,61.533,6.039177944705316,6.039177944705316
1435,1482,Maldives,MDV,2007,5758.10286933053,75.711,8.658363336474594,8.658363336474594
1436,1483,"Middle East, North Africa, Afghanistan & Pakistan",MEA,2007,4010.05228061244,68.346588319376,8.296559557774838,8.296559557774838
1437,1484,Mexico,MEX,2007,10134.3327138119,73.796,9.22368421693681,9.22368421693681
1438,1485,Marshall Islands,MHL,2007,2892.28403958874,64.259,7.969801794081246,7.969801794081246
1439,1486,Middle income,MIC,2007,2583.28146959331,68.7774099788513,7.856815757191291,7.856815757191291
1440,1487,North Macedonia,MKD,2007,4204.11328760452,73.8,8.343818679208576,8.343818679208576
1441,1488,Mali,MLI,2007,670.853394973479,54.756,6.508550625727975,6.508550625727975
1442,1489,Malta,MLT,2007,19444.1741958382,79.7926829268293,9.875302776973095,9.875302776973097
1443,1490,Myanmar,MMR,2007,419.375780725042,62.367,6.038767369363658,6.038767369363658
1444,1491,"Middle East, North Africa, Afghanistan & Pakistan (excluding high income)",MNA,2007,2237.26188319836,67.6503603993861,7.713008023568968,7.713008023568968
1445,1492,Montenegro,MNE,2007,5971.84638953467,74.3390243902439,8.69481143654908,8.69481143654908
1446,1493,Mongolia,MNG,2007,1627.68787743359,66.5934146341464,7.394915806703435,7.394915806703435
1447,1494,Northern Mariana Islands,MNP,2007,15914.2193040498,77.863,9.674968284416224,9.674968284416225
1448,1495,Mozambique,MOZ,2007,507.874923914304,53.255,6.230235204496024,6.230235204496024
1449,1496,Mauritania,MRT,2007,1405.15016203368,64.885,7.247899452949217,7.247899452949217
1450,1497,Mauritius,MUS,2007,6677.34962448608,72.5707317073171,8.80647642499802,8.80647642499802
1451,1498,Malawi,MWI,2007,475.180261659331,54.687,6.163694230273571,6.163694230273571
1452,1499,Malaysia,MYS,2007,7168.93031942508,74.961,8.877511734099272,8.877511734099272
1453,1500,North America,NAC,2007,47727.7701044725,78.2395331531403,10.773268689957655,10.773268689957657
1454,1501,Namibia,NAM,2007,4379.04313682732,54.026,8.384585517592642,8.384585517592642
1455,1502,New Caledonia,NCL,2007,35177.6535261448,75.181,10.46816631698079,10.46816631698079
1456,1503,Niger,NER,2007,387.168065883301,55.063,5.95885887752627,5.95885887752627
1457,1504,Nigeria,NGA,2007,1815.52697545827,50.381,7.504131049162221,7.504131049162221
1458,1505,Nicaragua,NIC,2007,1350.38145753377,71.197,7.208142392655722,7.208142392655722
1459,1506,Netherlands,NLD,2007,52100.7996285947,80.0975609756098,10.860935575581353,10.860935575581351
1460,1507,Norway,NOR,2007,85502.2677087731,80.3951219512195,11.356298177482753,11.356298177482753
1461,1508,Nepal,NPL,2007,385.449767660642,66.169,5.954410880130779,5.954410880130779
1462,1509,Nauru,NRU,2007,2272.15291307045,59.49,7.728483080864327,7.7284830808643274
1463,1510,New Zealand,NZL,2007,32479.9817381467,80.1512195121951,10.388379232026278,10.388379232026278
1464,1511,OECD members,OED,2007,34485.4326856798,78.4729454763553,10.448292272855833,10.448292272855833
1465,1512,Oman,OMN,2007,18792.653772482,75.596,9.841221315669843,9.841221315669843
1466,1513,Other small states,OSS,2007,10758.3750236866,68.1699901591828,9.283439802207615,9.283439802207615
1467,1514,Pakistan,PAK,2007,998.090114197524,63.807,6.905843567022234,6.905843567022234
1468,1515,Panama,PAN,2007,6317.8173051466,75.675,8.751129064379615,8.751129064379615
1469,1516,Peru,PER,2007,3581.0893081917,72.746,8.183422309143383,8.183422309143383
1470,1517,Philippines,PHL,2007,1712.65543282793,68.549,7.445800329712747,7.445800329712747
1471,1518,Palau,PLW,2007,10402.5367528907,67.113,9.249804973933356,9.249804973933355
1472,1519,Papua New Guinea,PNG,2007,1370.753415829,62.211,7.22311580622269,7.22311580622269
1473,1520,Poland,POL,2007,11272.5293683383,75.2439024390244,9.33012401560019,9.33012401560019
1474,1521,Pre-demographic dividend,PRE,2007,1173.40020441153,55.5508849373718,7.067660970696219,7.067660970696219
1475,1522,Puerto Rico (US),PRI,2007,23664.8823485096,77.659,10.071747470788146,10.071747470788146
1476,1524,Portugal,PRT,2007,22811.0564844365,78.3219512195122,10.035000630928185,10.035000630928185
1477,1525,Paraguay,PRY,2007,3211.93621659546,71.817,8.07462921702249,8.07462921702249
1478,1526,West Bank and Gaza,PSE,2007,1664.24571669276,72.064,7.417127276761269,7.417127276761269
1479,1527,Pacific island small states,PSS,2007,2819.69749738645,67.3668379536838,7.944384887747939,7.944384887747939
1480,1528,Post-demographic dividend,PST,2007,38870.3636110318,78.9805173339684,10.56798737834411,10.56798737834411
1481,1529,French Polynesia,PYF,2007,24888.1781337361,80.328,10.12214819596652,10.12214819596652
1482,1530,Qatar,QAT,2007,65954.3419525051,77.741,11.096717993014009,11.096717993014009
1483,1531,Romania,ROU,2007,8360.33775916596,72.5658536585366,9.031254107076728,9.031254107076727
1484,1532,Russian Federation,RUS,2007,9101.2392578125,67.5868292682927,9.116165865410188,9.116165865410188
1485,1533,Rwanda,RWA,2007,426.234183487629,59.504,6.054988921721894,6.054988921721894
1486,1534,South Asia,SAS,2007,967.697911561283,65.9890229742237,6.874919963737708,6.874919963737708
1487,1535,Saudi Arabia,SAU,2007,18596.1502627898,75.066,9.83070986316016,9.830709863160159
1488,1536,Sudan,SDN,2007,1444.37219238281,61.442,7.275430037198325,7.275430037198325
1489,1537,Senegal,SEN,2007,1188.93877808175,62.653,7.080816405105861,7.080816405105861
1490,1538,Singapore,SGP,2007,39432.8860198877,80.4414634146342,10.582355417697793,10.582355417697793
1491,1539,Solomon Islands,SLB,2007,1390.14870956707,67.845,7.237166005702269,7.237166005702269
1492,1540,Sierra Leone,SLE,2007,631.889926264998,50.024,6.448715211675753,6.448715211675753
1493,1541,El Salvador,SLV,2007,2830.65693770733,69.82,7.948264097163967,7.948264097163967
1494,1542,San Marino,SMR,2007,70124.4634385624,82.605,11.158026991295722,11.158026991295722
1495,1543,"Somalia, Fed. Rep.",SOM,2007,479.635628065289,50.885,6.1730267074361,6.1730267074361
1496,1544,Serbia,SRB,2007,6081.08765700202,73.6317073170732,8.712938849915414,8.712938849915414
1497,1545,Sub-Saharan Africa (excluding high income),SSA,2007,1518.8219699939,55.1151614415637,7.325690293616404,7.325690293616404
1498,1547,Sub-Saharan Africa,SSF,2007,1390.58865074962,55.2634222428768,7.237482426226191,7.237482426226191
1499,1548,Small states,SST,2007,10056.3574835992,68.5761118394504,9.215960298922152,9.215960298922152
1500,1549,Sao Tome and Principe,STP,2007,878.885791918745,63.336,6.778654959685859,6.778654959685859
1501,1550,Suriname,SUR,2007,5530.17615638309,68.307,8.617974948689517,8.617974948689517
1502,1551,Slovak Republic,SVK,2007,16110.4817265237,74.2073170731707,9.687225378053173,9.687225378053173
1503,1552,Slovenia,SVN,2007,23725.1596001515,78.5609756097561,10.074291350543026,10.074291350543026
1504,1553,Sweden,SWE,2007,53568.3057787832,80.9,10.888712862068802,10.888712862068802
1505,1554,Eswatini,SWZ,2007,3109.11097608864,45.16,8.042092104529013,8.042092104529013
1506,1556,Seychelles,SYC,2007,12669.3026687222,73.1439024390244,9.44693723381492,9.44693723381492
1507,1557,Syrian Arab Republic,SYR,2007,1937.61138578027,73.256,7.569211249010026,7.569211249010026
1508,1558,Turks and Caicos Islands,TCA,2007,29443.8523030072,76.427,10.290240416966016,10.290240416966016
1509,1559,Chad,TCD,2007,980.483531485103,49.21,6.888045849457715,6.888045849457715
1510,1560,East Asia & Pacific (IDA & IBRD countries),TEA,2007,2510.42261993326,73.0450331089394,7.828206392427841,7.828206392427841
1511,1561,Europe & Central Asia (IDA & IBRD countries),TEC,2007,7247.02729943285,70.1803431982885,8.888346636099957,8.888346636099957
1512,1562,Togo,TGO,2007,607.587886721352,56.395,6.409496834251248,6.409496834251248
1513,1563,Thailand,THA,2007,3918.52817434581,73.779,8.273471396551493,8.273471396551493
1514,1564,Tajikistan,TJK,2007,516.997210618914,67.405,6.248037479172625,6.248037479172625
1515,1565,Turkmenistan,TKM,2007,2414.96071986964,67.02,7.789438300890064,7.7894383008900645
1516,1566,Latin America & the Caribbean (IDA & IBRD countries),TLA,2007,6927.88249936996,72.9337716205704,8.84330948984584,8.84330948984584
1517,1567,Timor-Leste,TLS,2007,540.154630518785,62.396,6.291855451379743,6.291855451379743
1518,1568,"Middle East, North Africa, Afghanistan & Pakistan (IDA & IBRD)",TMN,2007,2240.98836783175,67.6216572647968,7.71467228317244,7.71467228317244
1519,1569,Tonga,TON,2007,2797.06560109144,70.887,7.936326147017528,7.936326147017528
1520,1570,South Asia (IDA & IBRD),TSA,2007,967.697911561283,65.9890229742236,6.874919963737708,6.874919963737708
1521,1571,Sub-Saharan Africa (IDA & IBRD countries),TSS,2007,1390.58865074962,55.2634222428768,7.237482426226191,7.237482426226191
1522,1572,Trinidad and Tobago,TTO,2007,16606.675360681,70.797,9.717560023673476,9.717560023673476
1523,1573,Tunisia,TUN,2007,3726.91672935667,74.039,8.223336556690532,8.223336556690532
1524,1574,Turkiye,TUR,2007,9766.91734545294,74.129,9.186756172777589,9.186756172777589
1525,1575,Tuvalu,TUV,2007,2794.16310084119,64.402,7.935287913503678,7.935287913503678
1526,1576,Tanzania,TZA,2007,543.198303222656,59.26,6.297474452569976,6.2974744525699755
1527,1577,Uganda,UGA,2007,401.389130865581,57.248,5.994931357932793,5.994931357932793
1528,1578,Ukraine,UKR,2007,3160.32763671875,67.715,8.058430983712231,8.058430983712231
1529,1579,Upper middle income,UMC,2007,3982.92205517928,72.912796750858,8.289771013615137,8.289771013615137
1530,1580,Uruguay,URY,2007,7222.05403645877,76.15,8.884894684010847,8.884894684010847
1531,1581,United States,USA,2007,48050.2237771135,77.9878048780488,10.78000207155957,10.78000207155957
1532,1582,Uzbekistan,UZB,2007,824.028192334768,68.483,6.714204743322691,6.714204743322691
1533,1583,St. Vincent and the Grenadines,VCT,2007,6398.19123532172,70.446,8.76377060992237,8.76377060992237
1534,1584,"Venezuela, RB",VEN,2007,8331.62096991844,73.348,9.027813310457791,9.027813310457791
1535,1586,Virgin Islands (U.S.),VIR,2007,44158.5054044325,76.8634146341463,10.6955408353699,10.695540835369899
1536,1587,Viet Nam,VNM,2007,925.640338348717,73.385,6.830485755686894,6.830485755686894
1537,1588,Vanuatu,VUT,2007,2333.70506748914,69.144,7.755212441318314,7.7552124413183146
1538,1589,World,WLD,2007,8677.57102707632,69.8041031820031,9.068496932902825,9.068496932902825
1539,1590,Samoa,WSM,2007,3038.61904093377,71.605,8.019158428340909,8.019158428340909
1540,1592,"Yemen, Rep.",YEM,2007,890.305768114988,66.23,6.791564963402834,6.791564963402834
1541,1593,South Africa,ZAF,2007,6591.85535960564,54.948,8.793590129541185,8.793590129541185
1542,1594,Zambia,ZMB,2007,1118.73162626953,53.73,7.019950846007968,7.019950846007968
1543,1595,Zimbabwe,ZWE,2007,413.521244592925,47.576,6.024708890635926,6.024708890635926
1544,1596,Aruba,ABW,2008,28171.9094008501,73.783,10.246080639931195,10.246080639931197
1545,1597,Africa Eastern and Southern,AFE,2008,1447.54575437552,57.2401063228798,7.277624818188017,7.277624818188017
1546,1598,Afghanistan,AFG,2008,381.73323802844,59.708,5.944722034892284,5.944722034892284
1547,1599,Africa Western and Central,AFW,2008,1666.52048270501,53.9164834232944,7.418493188524353,7.418493188524353
1548,1600,Angola,AGO,2008,4578.15526451517,55.281,8.429051415296763,8.429051415296763
1549,1601,Albania,ALB,2008,4498.50486763601,78.248,8.411500368914165,8.411500368914165
1550,1602,Andorra,AND,2008,49132.4925840057,83.855,10.802275858335458,10.802275858335458
1551,1603,Arab World,ARB,2008,6091.93206445673,69.2581327561764,8.714720562353518,8.714720562353518
1552,1604,United Arab Emirates,ARE,2008,50054.1700681803,81.591,10.820861099318172,10.820861099318172
1553,1605,Argentina,ARG,2008,8944.1102657357,75.428,9.098750523777706,9.098750523777706
1554,1606,Armenia,ARM,2008,3777.66859313767,73.0731707317073,8.236862324027914,8.236862324027914
1555,1607,American Samoa,ASM,2008,10030.8089130902,72.43,9.213416527064934,9.213416527064934
1556,1608,Antigua and Barbuda,ATG,2008,18786.6743142216,76.075,9.840903084417963,9.840903084417965
1557,1609,Australia,AUS,2008,49811.2067218988,81.3951219512195,10.815995272272543,10.815995272272543
1558,1610,Austria,AUT,2008,51581.3982361071,80.4317073170732,10.85091638717391,10.85091638717391
1559,1611,Azerbaijan,AZE,2008,5574.46810432575,69.355,8.625952184480925,8.625952184480925
1560,1612,Burundi,BDI,2008,189.502074570768,55.581,5.244399972065554,5.244399972065554
1561,1613,Belgium,BEL,2008,48303.397956286,79.6804878048781,10.785257188227966,10.785257188227966
1562,1614,Benin,BEN,2008,1060.60254502099,58.099,6.966592464305082,6.966592464305082
1563,1615,Burkina Faso,BFA,2008,619.437533256264,55.199,6.42881186185477,6.42881186185477
1564,1616,Bangladesh,BGD,2008,613.06204104124,67.047,6.41846613969135,6.41846613969135
1565,1617,Bulgaria,BGR,2008,7271.30338858025,72.9634146341463,8.89169083761923,8.89169083761923
1566,1618,Bahrain,BHR,2008,23299.4992780392,77.457,10.056187149109965,10.056187149109965
1567,1619,"Bahamas, The",BHS,2008,29392.3824416397,73.445,10.288490819129906,10.288490819129906
1568,1620,Bosnia and Herzegovina,BIH,2008,4841.69311934649,76.3,8.485019756585405,8.485019756585405
1569,1621,Belarus,BLR,2008,6376.17569162063,70.4560975609756,8.760323775237941,8.760323775237941
1570,1622,Belize,BLZ,2008,5711.81458859709,70.665,8.650292043513083,8.650292043513083
1571,1623,Bermuda,BMU,2008,110268.562401264,79.101,11.610674145588426,11.610674145588426
1572,1624,Bolivia,BOL,2008,1692.67248455876,65.299,7.43406391070685,7.43406391070685
1573,1625,Brazil,BRA,2008,8908.33338467948,73.111,9.094742452988967,9.094742452988969
1574,1626,Barbados,BRB,2008,17565.6929970592,75.3,9.773703017212826,9.773703017212826
1575,1627,Brunei Darussalam,BRN,2008,42156.5685838672,74.814,10.64914578957714,10.64914578957714
1576,1628,Bhutan,BTN,2008,1919.59774896395,67.733,7.559870937324489,7.559870937324489
1577,1629,Botswana,BWA,2008,5503.07395314313,57.661,8.613062115665286,8.613062115665286
1578,1630,Central African Republic,CAF,2008,437.24827472489,49.873,6.080501168150252,6.080501168150252
1579,1631,Canada,CAN,2008,46710.2526864484,80.7246341463415,10.75171896316785,10.75171896316785
1580,1632,Central Europe and the Baltics,CEB,2008,14573.6892707792,74.5759526780779,9.58697307721106,9.586973077211061
1581,1633,Switzerland,CHE,2008,74175.1927898555,81.9926829268293,11.214185044277391,11.214185044277391
1582,1635,Chile,CHL,2008,10683.2188772511,78.752,9.27642946010548,9.27642946010548
1583,1636,China,CHN,2008,3523.44302065213,74.833,8.167193921400939,8.167193921400939
1584,1637,Cote d'Ivoire,CIV,2008,1583.97066701372,54.179,7.367690053903486,7.367690053903486
1585,1638,Cameroon,CMR,2008,1492.14269801453,56.116,7.307968418291184,7.307968418291184
1586,1639,"Congo, Dem. Rep.",COD,2008,352.900363371995,55.388,5.866185760354809,5.866185760354809
1587,1640,"Congo, Rep.",COG,2008,2832.09177777643,60.79,7.948770861695433,7.948770861695433
1588,1641,Colombia,COL,2008,5541.83629665898,74.206,8.620081186310896,8.620081186310896
1589,1642,Comoros,COM,2008,1455.02768595586,61.955,7.282780207572918,7.282780207572918
1590,1643,Cabo Verde,CPV,2008,3908.64885822576,71.888,8.270947032703532,8.270947032703532
1591,1644,Costa Rica,CRI,2008,6937.24261596055,79.18,8.844659656964371,8.844659656964371
1592,1645,Caribbean small states,CSS,2008,13890.1303094208,70.5499974705246,9.53893381723216,9.53893381723216
1593,1646,Cuba,CUB,2008,4986.12436479175,77.589,8.514414206570622,8.514414206570622
1594,1647,Curacao,CUW,2008,19423.3352430175,74.314,9.87423046978808,9.874230469788081
1595,1648,Cayman Islands,CYM,2008,89655.1185574521,75.386,11.403725572299717,11.403725572299715
1596,1649,Cyprus,CYP,2008,35397.296875,79.906,10.474390736743056,10.474390736743057
1597,1650,Czechia,CZE,2008,22774.7045076205,76.9756097560976,10.03340574762557,10.03340574762557
1598,1651,Germany,DEU,2008,46379.1647953479,79.7365853658537,10.744605602785107,10.744605602785109
1599,1652,Djibouti,DJI,2008,1119.15233346969,59.815,7.020326832620934,7.020326832620934
1600,1653,Dominica,DMA,2008,6971.32633839289,71.945,8.849560778103609,8.849560778103609
1601,1654,Denmark,DNK,2008,64616.6657583663,78.4463414634146,11.076227640374215,11.076227640374215
1602,1655,Dominican Republic,DOM,2008,5023.58513403515,71.331,8.521899127914168,8.521899127914168
1603,1656,Algeria,DZA,2008,5180.91881514686,73.618,8.552737696965488,8.552737696965488
1604,1657,East Asia & Pacific (excluding high income),EAP,2008,3117.83131105355,72.9241376220933,8.044892946503614,8.044892946503614
1605,1658,Early-demographic dividend,EAR,2008,2594.55632797993,67.0218187568003,7.861170809105919,7.861170809105919
1606,1659,East Asia & Pacific,EAS,2008,6569.11576512158,73.8481629943997,8.790134515681563,8.790134515681563
1607,1660,Europe & Central Asia (excluding high income),ECA,2008,6191.07369718277,70.9743175160426,8.73086380737065,8.73086380737065
1608,1661,Europe & Central Asia,ECS,2008,26524.5115468839,75.3023142874929,10.18582454849204,10.185824548492041
1609,1662,Ecuador,ECU,2008,4194.75750661981,74.709,8.341590811895546,8.341590811895546
1610,1663,"Egypt, Arab Rep.",EGY,2008,1896.21594269779,68.761,7.547615570157506,7.547615570157506
1611,1664,Euro area,EMU,2008,42172.9388150163,80.2510876108346,10.6495340340211,10.6495340340211
1612,1665,Eritrea,ERI,2008,490.066956003333,62.422,6.194542026674369,6.194542026674369
1613,1666,Spain,ESP,2008,35603.248328071,81.1756097560976,10.480192157848068,10.480192157848068
1614,1667,Estonia,EST,2008,18205.9064113446,73.7707317073171,9.809501348512892,9.809501348512892
1615,1668,Ethiopia,ETH,2008,316.410475118075,57.733,5.757040342545452,5.7570403425454515
1616,1669,European Union,EUU,2008,37169.0746850842,79.1296281887548,10.523232368848644,10.523232368848644
1617,1670,Fragile and conflict affected situations,FCS,2008,1971.04693971359,58.1871780629647,7.586320122046003,7.586320122046003
1618,1671,Finland,FIN,2008,53769.4726240385,79.5682926829268,10.892461161759316,10.892461161759316
1619,1672,Fiji,FJI,2008,3899.92231512129,66.32,8.268711912719679,8.268711912719679
1620,1673,France,FRA,2008,45464.8181385158,81.2146341463415,10.724694078119368,10.724694078119368
1621,1674,Faroe Islands,FRO,2008,51287.8911081663,80.1460804878049,10.845209962520366,10.845209962520366
1622,1675,"Micronesia, Fed. Sts.",FSM,2008,2369.50811741318,64.849,7.770437667193368,7.770437667193368
1623,1676,Gabon,GAB,2008,9688.64519690633,64.011,9.178709880549096,9.178709880549095
1624,1677,United Kingdom,GBR,2008,47652.4030691881,79.6,10.771688339483076,10.771688339483077
1625,1678,Georgia,GEO,2008,3324.7537205015,70.949,8.109150881324604,8.109150881324604
1626,1679,Ghana,GHA,2008,1182.65761256016,60.578,7.07551939906139,7.07551939906139
1627,1681,Guinea,GIN,2008,703.532825784369,55.703,6.556114536140167,6.556114536140167
1628,1682,"Gambia, The",GMB,2008,859.127671411226,60.473,6.755917538892748,6.755917538892748
1629,1683,Guinea-Bissau,GNB,2008,640.210331101753,55.3,6.461796764709139,6.461796764709139
1630,1684,Equatorial Guinea,GNQ,2008,18210.5552970599,57.384,9.809756666329202,9.809756666329202
1631,1685,Greece,GRC,2008,31695.8331092209,79.9390243902439,10.363940503566726,10.363940503566726
1632,1686,Grenada,GRD,2008,7448.2040563865,74.374,8.91572821605562,8.91572821605562
1633,1687,Greenland,GRL,2008,44366.7858688175,68.5660975609756,10.70024640246169,10.70024640246169
1634,1688,Guatemala,GTM,2008,2763.05988172926,69.493,7.924093997409978,7.924093997409978
1635,1689,Guam,GUM,2008,28112.2316573422,76.233,10.243960050907376,10.243960050907376
1636,1690,Guyana,GUY,2008,4008.9628671603,65.721,8.296287850230017,8.296287850230017
1637,1691,High income,HIC,2008,36900.1405697145,78.0528402965478,10.51597063949872,10.51597063949872
1638,1692,"Hong Kong SAR, China",HKG,2008,31515.5292103443,82.3404878048781,10.358235694138262,10.358235694138262
1639,1693,Honduras,HND,2008,1732.49062702803,69.657,7.457315320964593,7.457315320964593
1640,1694,Heavily indebted poor countries (HIPC),HPC,2008,797.380456091108,57.8556881228296,6.6813319251047645,6.6813319251047645
1641,1695,Croatia,HRV,2008,15888.0606949392,75.9121951219512,9.67332320645258,9.673323206452581
1642,1696,Haiti,HTI,2008,1094.66058421644,61.28,6.998199625448248,6.998199625448248
1643,1697,Hungary,HUN,2008,15762.6322515113,73.7024390243903,9.665397370500392,9.665397370500392
1644,1698,IBRD only,IBD,2008,3944.6530416302,70.7624457262186,8.280116280522561,8.280116280522561
1645,1699,IDA & IBRD total,IBT,2008,3245.39485060629,68.1835192620846,8.084992301429589,8.084992301429589
1646,1700,IDA total,IDA,2008,1033.2321035618,60.0248660999806,6.940447132711281,6.940447132711281
1647,1701,IDA blend,IDB,2008,1479.93269649198,58.4143046583873,7.299751890380869,7.299751890380869
1648,1702,Indonesia,IDN,2008,2124.55483920618,68.085,7.661317571980574,7.661317571980574
1649,1703,IDA only,IDX,2008,791.054232494495,60.8980289014662,6.673366527357334,6.673366527357334
1650,1704,Isle of Man,IMN,2008,72276.7741329461,78.899,11.188258113562812,11.188258113562812
1651,1705,India,IND,2008,992.519584923828,66.247,6.900246745287388,6.9002467452873875
1652,1707,Ireland,IRL,2008,61353.1065629523,80.0951219512195,11.02440108558,11.024401085580001
1653,1708,"Iran, Islamic Rep.",IRN,2008,5377.4115072957,73.683,8.589962404901545,8.589962404901545
1654,1709,Iraq,IRQ,2008,4542.96609046032,66.465,8.421335401602187,8.421335401602187
1655,1710,Iceland,ISL,2008,57489.3399795216,81.609756097561,10.95935481793779,10.95935481793779
1656,1711,Israel,ISR,2008,30269.217773489,80.9512195121951,10.31788656003961,10.31788656003961
1657,1712,Italy,ITA,2008,40828.5795580937,81.4853658536585,10.617137594536132,10.617137594536132
1658,1713,Jamaica,JAM,2008,5029.80095281745,71.502,8.52313569030631,8.52313569030631
1659,1714,Jordan,JOR,2008,3241.6524135556,73.563,8.08383848296227,8.08383848296227
1660,1715,Japan,JPN,2008,39876.3039685725,82.5875609756098,10.593537540958671,10.593537540958673
1661,1716,Kazakhstan,KAZ,2008,8123.54705891736,66.759,9.002522167689243,9.002522167689243
1662,1717,Kenya,KEN,2008,915.54435473604,59.955,6.819518811587653,6.819518811587653
1663,1718,Kyrgyz Republic,KGZ,2008,966.388569370494,68.4512195121951,6.873565999058544,6.873565999058544
1664,1719,Cambodia,KHM,2008,866.283999789749,66.147,6.764212799130411,6.764212799130411
1665,1720,Kiribati,KIR,2008,1410.62246914058,65.746,7.251786353429707,7.251786353429707
1666,1721,St. Kitts and Nevis,KNA,2008,16604.9448615905,71.479,9.717455813214578,9.717455813214578
1667,1722,"Korea, Rep.",KOR,2008,22252.3125108061,79.5170731707317,10.010201215263656,10.010201215263656
1668,1723,Kuwait,KWT,2008,55585.1889344442,77.1890487804878,10.925672058680457,10.925672058680455
1669,1724,Latin America & Caribbean (excluding high income),LAC,2008,7623.43840731336,73.0004008102304,8.938982781460554,8.938982781460554
1670,1725,Lao PDR,LAO,2008,885.747376088762,62.248,6.786431781380213,6.786431781380213
1671,1726,Lebanon,LBN,2008,5912.04532820842,76.956,8.684747129751626,8.684747129751626
1672,1727,Liberia,LBR,2008,451.713856283285,58.675,6.113048918044138,6.113048918044138
1673,1728,Libya,LBY,2008,13906.1407818125,71.936,9.540085804425674,9.540085804425674
1674,1729,St. Lucia,LCA,2008,8516.96075488787,72.963,9.049814837274162,9.049814837274162
1675,1730,Latin America & Caribbean,LCN,2008,8077.96588935619,73.2561404095911,8.996895373454898,8.996895373454898
1676,1731,Least developed countries: UN classification,LDC,2008,778.614114766785,59.8118947534064,6.657515563405032,6.657515563405032
1677,1732,Low income,LIC,2008,799.48401657603,59.0062141725377,6.683966540299349,6.683966540299349
1678,1733,Liechtenstein,LIE,2008,143249.227302093,82.6829268292683,11.872341240510732,11.872341240510732
1679,1734,Sri Lanka,LKA,2008,1973.58476901287,72.556,7.587606847822615,7.587606847822615
1680,1735,Lower middle income,LMC,2008,1229.9549188542,64.7365443618488,7.114732796356738,7.114732796356738
1681,1736,Low & middle income,LMY,2008,2860.66030359115,68.2255462576961,7.958807752547799,7.958807752547799
1682,1737,Lesotho,LSO,2008,898.482517882593,44.304,6.800707249031088,6.800707249031088
1683,1738,Late-demographic dividend,LTE,2008,5455.12758700264,73.9252633570756,8.604311286995053,8.604311286995053
1684,1739,Lithuania,LTU,2008,14955.5345462921,71.8121951219512,9.612836714075684,9.612836714075684
1685,1740,Luxembourg,LUX,2008,120422.137934157,80.5390243902439,11.698758664839888,11.698758664839888
1686,1741,Latvia,LVA,2008,15677.6080864506,72.419512195122,9.659988736761171,9.659988736761173
1687,1742,"Macao SAR, China",MAC,2008,38888.5118044503,82.0268292682927,10.568454159625372,10.568454159625373
1688,1744,Morocco,MAR,2008,3183.20043945313,70.051,8.065642397166595,8.065642397166595
1689,1745,Monaco,MCO,2008,204263.797114294,83.827,12.227167560572024,12.227167560572024
1690,1746,Moldova,MDA,2008,2110.55305353857,69.0,7.654705302806896,7.654705302806896
1691,1747,Madagascar,MDG,2008,512.579800058444,61.992,6.23945640632253,6.23945640632253
1692,1748,Maldives,MDV,2008,6757.43280929292,75.999,8.818398334970267,8.818398334970267
1693,1749,"Middle East, North Africa, Afghanistan & Pakistan",MEA,2008,4834.32204392542,68.7041650814368,8.483496179633002,8.483496179633002
1694,1750,Mexico,MEX,2008,10523.7685403244,73.695,9.26139164841057,9.26139164841057
1695,1751,Marshall Islands,MHL,2008,2817.60522775322,64.3,7.943642593132476,7.943642593132476
1696,1752,Middle income,MIC,2008,3029.34246580388,68.9744447215503,8.016100866968257,8.016100866968257
1697,1753,North Macedonia,MKD,2008,5026.4202989873,74.4,8.522463339554898,8.522463339554898
1698,1754,Mali,MLI,2008,767.19483895009,55.187,6.6427407964221095,6.6427407964221095
1699,1755,Malta,MLT,2008,22315.3104212988,79.6365853658537,10.013028287847137,10.013028287847135
1700,1756,Myanmar,MMR,2008,658.442487229705,56.364,6.489877178310143,6.489877178310143
1701,1757,"Middle East, North Africa, Afghanistan & Pakistan (excluding high income)",MNA,2008,2652.79039146265,67.9910660173056,7.883367342898322,7.883367342898322
1702,1758,Montenegro,MNE,2008,7359.95118960869,75.1365853658537,8.903808579854285,8.903808579854285
1703,1759,Mongolia,MNG,2008,2127.42678594737,67.2460975609756,7.662668446669657,7.662668446669657
1704,1760,Northern Mariana Islands,MNP,2008,16430.4461942257,77.938,9.70689136794958,9.706891367949579
1705,1761,Mozambique,MOZ,2008,592.159111184122,53.799,6.383775367664216,6.3837753676642155
1706,1762,Mauritania,MRT,2008,1635.5630623124,65.233,7.399742404665164,7.399742404665164
1707,1763,Mauritius,MUS,2008,8140.50808595895,72.5707317073171,9.004607875471113,9.004607875471113
1708,1764,Malawi,MWI,2008,554.048820396119,55.715,6.317252806323339,6.317252806323339
1709,1765,Malaysia,MYS,2008,8371.82156086005,75.151,9.03262676953799,9.03262676953799
1710,1766,North America,NAC,2008,48398.3601410965,78.3038592516027,10.787221210748433,10.787221210748433
1711,1767,Namibia,NAM,2008,4204.78555422749,54.74,8.343978573301024,8.343978573301024
1712,1768,New Caledonia,NCL,2008,35723.9033194947,75.398,10.483575304482084,10.483575304482084
1713,1769,Niger,NER,2008,475.044955398162,55.852,6.16340944249978,6.16340944249978
1714,1770,Nigeria,NGA,2008,2154.10543545364,50.748,7.6751308051969565,7.6751308051969565
1715,1771,Nicaragua,NIC,2008,1523.68437086409,71.404,7.328886609065013,7.328886609065013
1716,1772,Netherlands,NLD,2008,58246.7026905874,80.2512195121951,10.972442763655584,10.972442763655584
1717,1773,Norway,NOR,2008,97503.5407803783,80.5926829268293,11.487643972022727,11.487643972022727
1718,1774,Nepal,NPL,2008,464.817391891529,66.442,6.1416446228487,6.1416446228487
1719,1775,Nauru,NRU,2008,3756.84531228766,59.675,8.231334871526345,8.231334871526345
1720,1776,New Zealand,NZL,2008,31324.7397977102,80.3512195121951,10.352163473192189,10.352163473192187
1721,1777,OECD members,OED,2008,36330.0253989704,78.6146332445559,10.500399824333371,10.500399824333373
1722,1778,Oman,OMN,2008,26576.779241509,76.124,10.18779315267205,10.18779315267205
1723,1779,Other small states,OSS,2008,11515.1421303682,68.5798272966725,9.351418155241417,9.351418155241415
1724,1780,Pakistan,PAK,2008,1067.04324565284,64.002,6.9726467806143,6.9726467806143
1725,1781,Panama,PAN,2008,7347.59049046839,75.937,8.90212771403464,8.90212771403464
1726,1782,Peru,PER,2008,4197.58444634142,72.743,8.34226450699624,8.34226450699624
1727,1783,Philippines,PHL,2008,1959.29233534978,68.643,7.580338633636124,7.580338633636124
1728,1784,Palau,PLW,2008,10577.501907762,67.562,9.266484562954592,9.266484562954593
1729,1785,Papua New Guinea,PNG,2008,1624.79319935188,62.511,7.393135824728046,7.393135824728046
1730,1786,Poland,POL,2008,14048.5604672654,75.5439024390244,9.550275211666849,9.550275211666849
1731,1787,Pre-demographic dividend,PRE,2008,1423.20106621059,56.1358484284758,7.260663885515616,7.260663885515616
1732,1788,Puerto Rico (US),PRI,2008,24898.3345857045,78.111,10.122556196107704,10.122556196107704
1733,1790,Portugal,PRT,2008,24949.0413566739,78.5243902439025,10.124590677863296,10.124590677863297
1734,1791,Paraguay,PRY,2008,4384.95469437803,72.047,8.38593457279807,8.38593457279807
1735,1792,West Bank and Gaza,PSE,2008,2035.20234121766,72.204,7.618350523507592,7.618350523507592
1736,1793,Pacific island small states,PSS,2008,2989.2238467677,67.5747311016589,8.002769049666393,8.002769049666393
1737,1794,Post-demographic dividend,PST,2008,40922.2537544049,79.1456240590947,10.619429295635994,10.619429295635994
1738,1795,French Polynesia,PYF,2008,26592.0262835732,80.587,10.188366686056206,10.188366686056206
1739,1796,Qatar,QAT,2008,80781.4039187792,78.262,11.299502068500662,11.299502068500662
1740,1797,Romania,ROU,2008,10435.1561230787,72.5658536585366,9.252935780882725,9.252935780882723
1741,1798,Russian Federation,RUS,2008,11635.2841796875,67.9492682926829,9.361797499992264,9.361797499992264
1742,1799,Rwanda,RWA,2008,528.326391755502,60.641,6.269714258923839,6.269714258923839
1743,1800,South Asia,SAS,2008,958.275511460297,66.4314116387286,6.865135326875543,6.865135326875543
1744,1801,Saudi Arabia,SAU,2008,22320.4888964331,75.301,10.013260320217416,10.013260320217416
1745,1802,Sudan,SDN,2008,1527.58239746094,61.261,7.331441632282182,7.331441632282182
1746,1803,Senegal,SEN,2008,1398.79218010021,63.201,7.243364414739086,7.243364414739086
1747,1804,Singapore,SGP,2008,40008.5720489092,80.790243902439,10.596849011359575,10.596849011359577
1748,1805,Solomon Islands,SLB,2008,1525.84666261203,68.336,7.330304723579394,7.330304723579394
1749,1806,Sierra Leone,SLE,2008,705.359014080005,50.693,6.558706913023464,6.558706913023464
1750,1807,El Salvador,SLV,2008,2983.24829577976,70.138,8.000768017986637,8.000768017986637
1751,1808,San Marino,SMR,2008,75902.1320521765,82.894,11.237200053268202,11.237200053268202
1752,1809,"Somalia, Fed. Rep.",SOM,2008,507.03744334738,51.456,6.228584853620376,6.228584853620376
1753,1810,Serbia,SRB,2008,7376.73517910716,73.8853658536585,8.906086432057375,8.906086432057375
1754,1811,Sub-Saharan Africa (excluding high income),SSA,2008,1672.71983508686,55.6779751268164,7.422206224373357,7.422206224373357
1755,1812,South Sudan,SSD,2008,1654.21153546555,56.28,7.411079760674158,7.411079760674158
1756,1813,Sub-Saharan Africa,SSF,2008,1536.66763137174,55.8874045134135,7.337371475113108,7.337371475113108
1757,1814,Small states,SST,2008,10974.8922038731,68.9208192339965,9.303365415924576,9.303365415924576
1758,1815,Sao Tome and Principe,STP,2008,1081.8684584729,63.448,6.986444879440004,6.986444879440004
1759,1816,Suriname,SUR,2008,6576.08546307249,68.873,8.791194932860886,8.791194932860886
1760,1817,Slovak Republic,SVK,2008,18744.3192278346,74.7048780487805,9.838646010977016,9.838646010977017
1761,1818,Slovenia,SVN,2008,27461.9764165315,78.7658536585366,10.220557651113996,10.220557651113996
1762,1819,Sweden,SWE,2008,55817.1759726485,81.1,10.929836914134562,10.929836914134562
1763,1820,Eswatini,SWZ,2008,2946.8606613746,45.853,7.988495700104653,7.988495700104653
1764,1822,Seychelles,SYC,2008,11265.4376270005,73.1634146341463,9.329494700491749,9.329494700491749
1765,1823,Syrian Arab Republic,SYR,2008,2429.12477087189,73.368,7.795286294859495,7.795286294859495
1766,1824,Turks and Caicos Islands,TCA,2008,31453.8228752689,76.084,10.356275808804094,10.356275808804094
1767,1825,Chad,TCD,2008,1166.36883453841,49.503,7.061650641537352,7.0616506415373514
1768,1826,East Asia & Pacific (IDA & IBRD countries),TEA,2008,3154.16872851062,72.9707321912267,8.05648026276635,8.05648026276635
1769,1827,Europe & Central Asia (IDA & IBRD countries),TEC,2008,8951.25356376805,70.5451641405676,9.09954886445184,9.09954886445184
1770,1828,Togo,TGO,2008,718.948386717473,56.663,6.57778957032864,6.5777895703286395
1771,1829,Thailand,THA,2008,4309.13509292986,74.221,8.36849248846574,8.36849248846574
1772,1830,Tajikistan,TJK,2008,703.327375898643,67.924,6.55582246747984,6.55582246747984
1773,1831,Turkmenistan,TKM,2008,3605.50395120549,67.584,8.19021683223903,8.19021683223903
1774,1832,Latin America & the Caribbean (IDA & IBRD countries),TLA,2008,7989.38067187903,73.133810817189,8.985868522849787,8.985868522849787
1775,1833,Timor-Leste,TLS,2008,628.153191495026,62.858,6.4427840722224055,6.4427840722224055
1776,1834,"Middle East, North Africa, Afghanistan & Pakistan (IDA & IBRD)",TMN,2008,2656.83046140986,67.9635063066435,7.884889135447675,7.884889135447675
1777,1835,Tonga,TON,2008,3218.45303993196,71.041,8.076656100717269,8.076656100717269
1778,1836,South Asia (IDA & IBRD),TSA,2008,958.275511460297,66.4314116387286,6.865135326875543,6.865135326875543
1779,1837,Sub-Saharan Africa (IDA & IBRD countries),TSS,2008,1536.66763137174,55.8874045134135,7.337371475113108,7.337371475113108
1780,1838,Trinidad and Tobago,TTO,2008,21298.9945258063,71.117,9.966415145222102,9.966415145222102
1781,1839,Tunisia,TUN,2008,4255.05008019523,74.192,8.35586181066682,8.35586181066682
1782,1840,Turkiye,TUR,2008,10913.4079047769,74.38,9.297747395292031,9.297747395292031
1783,1841,Tuvalu,TUV,2008,3088.30877413836,64.516,8.035378897770954,8.035378897770954
1784,1842,Tanzania,TZA,2008,675.977233886719,59.896,6.51615939779349,6.51615939779349
1785,1843,Uganda,UGA,2008,472.842681495852,58.253,6.158762735908842,6.158762735908842
1786,1844,Ukraine,UKR,2008,4017.806640625,68.262,8.298491420927967,8.298491420927967
1787,1845,Upper middle income,UMC,2008,4780.19249304455,73.0980299785479,8.472236095186078,8.472236095186078
1788,1846,Uruguay,URY,2008,9423.96562595893,76.275,9.151011258384605,9.151011258384603
1789,1847,United States,USA,2008,48570.0459804586,78.0390243902439,10.790762282023689,10.790762282023687
1790,1848,Uzbekistan,UZB,2008,1074.72928796701,69.035,6.979824083701519,6.979824083701519
1791,1849,St. Vincent and the Grenadines,VCT,2008,6598.90531450859,70.611,8.794659052819895,8.794659052819895
1792,1850,"Venezuela, RB",VEN,2008,11262.4514256759,72.578,9.329229588981734,9.329229588981734
1793,1852,Virgin Islands (U.S.),VIR,2008,39152.3750657306,77.1634146341463,10.575216365370183,10.575216365370185
1794,1853,Viet Nam,VNM,2008,1163.83195772873,73.455,7.059473251657147,7.059473251657147
1795,1854,Vanuatu,VUT,2008,2603.60883136724,69.302,7.864653773675595,7.864653773675595
1796,1855,World,WLD,2008,9415.35786125181,70.0034785203503,9.150097450061075,9.150097450061075
1797,1856,Samoa,WSM,2008,3373.60639884263,71.531,8.123737599170719,8.123737599170719
1798,1857,Kosovo,XKX,2008,2877.39331402724,74.711,7.964640063984205,7.964640063984205
1799,1858,"Yemen, Rep.",YEM,2008,1071.63583282105,66.609,6.976941575727531,6.976941575727531
1800,1859,South Africa,ZAF,2008,6184.75474328399,55.982,8.729842630569712,8.729842630569712
1801,1860,Zambia,ZMB,2008,1375.50211006997,54.835,7.226574114401962,7.226574114401962
1802,1861,Zimbabwe,ZWE,2008,340.917447588572,48.456,5.831640358792127,5.831640358792127
1803,1862,Aruba,ABW,2009,25134.7712303589,73.974,10.13200747444845,10.13200747444845
1804,1863,Africa Eastern and Southern,AFE,2009,1408.75346659428,58.0955271436463,7.250460526109986,7.250460526109986
1805,1864,Afghanistan,AFG,2009,452.053705477043,60.248,6.113800990201086,6.113800990201086
1806,1865,Africa Western and Central,AFW,2009,1453.4952836253,53.8524858337372,7.281726475153831,7.281726475153831
1807,1866,Angola,AGO,2009,3645.14846562976,56.225,8.20115237492458,8.20115237492458
1808,1867,Albania,ALB,2009,4213.65007574693,78.509,8.346084552412908,8.346084552412908
1809,1868,Andorra,AND,2009,43975.0000888133,84.1,10.69137657162539,10.69137657162539
1810,1869,Arab World,ARB,2009,5134.45006055159,69.7069035410593,8.543728020337586,8.543728020337586
1811,1870,United Arab Emirates,ARE,2009,37803.0663738777,81.679,10.540145499319603,10.540145499319603
1812,1871,Argentina,ARG,2009,8150.23527028221,75.577,9.00580207333754,9.00580207333754
1813,1872,Armenia,ARM,2009,2820.5926553347,73.0731707317073,7.944702303317538,7.944702303317538
1814,1873,American Samoa,ASM,2009,12156.0293905777,70.839,9.40558057181738,9.405580571817381
1815,1874,Antigua and Barbuda,ATG,2009,16472.2478528568,76.386,9.709432295513848,9.709432295513848
1816,1875,Australia,AUS,2009,42954.8494884573,81.5439024390244,10.667904831130674,10.667904831130674
1817,1876,Austria,AUT,2009,47857.4446635266,80.3317073170732,10.775981968134053,10.775981968134053
1818,1877,Azerbaijan,AZE,2009,4950.39949009423,69.874,8.507223557375799,8.507223557375799
1819,1878,Burundi,BDI,2009,198.431524048225,56.422,5.290444073600977,5.290444073600977
1820,1879,Belgium,BEL,2009,44923.3400135081,80.0341463414634,10.712712760796755,10.712712760796755
1821,1880,Benin,BEN,2009,1024.10277858112,58.258,6.931572170270876,6.931572170270876
1822,1881,Burkina Faso,BFA,2009,601.569520671859,55.791,6.399542107575347,6.399542107575347
1823,1882,Bangladesh,BGD,2009,679.211477428056,67.527,6.520932533305562,6.520932533305562
1824,1883,Bulgaria,BGR,2009,6988.27316296465,73.4121951219512,8.851988760782536,8.851988760782536
1825,1884,Bahrain,BHR,2009,19465.3140745038,78.016,9.87638939526007,9.87638939526007
1826,1885,"Bahamas, The",BHS,2009,27512.9130950084,73.455,10.22241074053375,10.22241074053375
1827,1886,Bosnia and Herzegovina,BIH,2009,4539.91863774968,76.701,8.420664369674297,8.420664369674297
1828,1887,Belarus,BLR,2009,5352.48809190697,70.4073170731707,8.585316795689195,8.585316795689195
1829,1888,Belize,BLZ,2009,5399.67100001919,70.806,8.594093304773935,8.594093304773935
1830,1889,Bermuda,BMU,2009,104711.712420357,79.229,11.558966257081094,11.558966257081094
1831,1890,Bolivia,BOL,2009,1731.18172112209,65.656,7.456559530094855,7.4565595300948555
1832,1891,Brazil,BRA,2009,8678.6584730653,73.457,9.068622241915406,9.068622241915406
1833,1892,Barbados,BRB,2009,16294.9099491834,75.458,9.698608064971236,9.698608064971237
1834,1893,Brunei Darussalam,BRN,2009,30946.4673773828,74.814,10.340014131933785,10.340014131933785
1835,1894,Bhutan,BTN,2009,1918.39599211093,68.156,7.559244695087857,7.559244695087857
1836,1895,Botswana,BWA,2009,5082.93388332404,58.297,8.533643909950156,8.533643909950156
1837,1896,Central African Republic,CAF,2009,456.471673898404,14.665,6.1235266475038985,6.1235266475038985
1838,1897,Canada,CAN,2009,40874.8831932903,81.0660975609756,10.618271050538963,10.618271050538965
1839,1898,Central Europe and the Baltics,CEB,2009,12302.0391574104,74.9303639266576,9.417520312774986,9.417520312774986
1840,1899,Switzerland,CHE,2009,71568.3123885672,82.0439024390244,11.17840769058272,11.17840769058272
1841,1900,Channel Islands,CHI,2009,57778.5407063052,81.0,10.964372717666418,10.964372717666418
1842,1901,Chile,CHL,2009,10098.8017167286,78.89,9.220172053882784,9.220172053882784
1843,1902,China,CHN,2009,3898.24459158811,75.317,8.268281626069204,8.268281626069204
1844,1903,Cote d'Ivoire,CIV,2009,1540.45393569596,54.744,7.339832415412403,7.339832415412403
1845,1904,Cameroon,CMR,2009,1461.38999232337,56.486,7.287143311327217,7.287143311327217
1846,1905,"Congo, Dem. Rep.",COD,2009,280.178991035792,55.798,5.635428652632895,5.635428652632895
1847,1906,"Congo, Rep.",COG,2009,2271.15219175966,61.215,7.728042555166016,7.728042555166016
1848,1907,Colombia,COL,2009,5250.97292433518,74.531,8.566168657337226,8.566168657337226
1849,1908,Comoros,COM,2009,1410.30516959473,62.302,7.251561392290802,7.251561392290802
1850,1909,Cabo Verde,CPV,2009,3659.72046361628,72.142,8.205142047417487,8.205142047417487
1851,1910,Costa Rica,CRI,2009,6832.69829924138,79.372,8.829474940321626,8.829474940321626
1852,1911,Caribbean small states,CSS,2009,11554.0589194758,70.797737511813,9.354792075815467,9.354792075815467
1853,1912,Cuba,CUB,2009,5089.23519757167,77.584,8.534882842375193,8.534882842375193
1854,1913,Curacao,CUW,2009,19540.2476579348,74.485,9.88023159992458,9.880231599924581
1855,1914,Cayman Islands,CYM,2009,81373.5721242232,75.671,11.306805832496378,11.306805832496378
1856,1915,Cyprus,CYP,2009,32236.44921875,80.375,10.38085305466031,10.38085305466031
1857,1916,Czechia,CZE,2009,19817.4215836554,77.0780487804878,9.89431670777932,9.89431670777932
1858,1917,Germany,DEU,2009,42471.8868625226,79.8365853658537,10.656597650446685,10.656597650446685
1859,1918,Djibouti,DJI,2009,1150.9375857489,60.351,7.048332181142906,7.048332181142906
1860,1919,Dominica,DMA,2009,7487.49010395154,71.835,8.92098892074691,8.92098892074691
1861,1920,Denmark,DNK,2009,58412.7472358513,78.5975609756098,10.975289419584382,10.975289419584382
1862,1921,Dominican Republic,DOM,2009,4973.95186999952,71.587,8.51196994799959,8.51196994799959
1863,1922,Algeria,DZA,2009,4235.42990456612,73.871,8.351240114228373,8.351240114228373
1864,1923,East Asia & Pacific (excluding high income),EAP,2009,3359.51721584875,73.4677878146597,8.119552556874162,8.119552556874162
1865,1924,Early-demographic dividend,EAR,2009,2457.28657966372,67.496408245139,7.806813003759264,7.806813003759264
1866,1925,East Asia & Pacific,EAS,2009,6713.65045131004,74.3683471715786,8.811898113526055,8.811898113526055
1867,1926,Europe & Central Asia (excluding high income),ECA,2009,5125.12331489484,71.442292156273,8.541909865160033,8.541909865160033
1868,1927,Europe & Central Asia,ECS,2009,23259.5334613272,75.6891993831489,10.05447036831893,10.05447036831893
1869,1928,Ecuador,ECU,2009,4053.36331139298,74.901,8.307302262727573,8.307302262727573
1870,1929,"Egypt, Arab Rep.",EGY,2009,2161.63964573927,68.915,7.678622307960794,7.678622307960794
1871,1930,Euro area,EMU,2009,38464.1586390033,80.4554611719191,10.557482142236502,10.557482142236502
1872,1931,Eritrea,ERI,2009,642.92572288007,63.203,6.466029201048852,6.466029201048852
1873,1932,Spain,ESP,2009,32279.8208476151,81.4756097560976,10.382197572418518,10.382197572418518
1874,1933,Estonia,EST,2009,14712.4494217916,74.8243902439024,9.59644931379145,9.59644931379145
1875,1934,Ethiopia,ETH,2009,368.574712267445,58.715,5.90964343807342,5.90964343807342
1876,1935,European Union,EUU,2009,33632.0748456258,79.362438680677,10.423235499103132,10.423235499103132
1877,1936,Fragile and conflict affected situations,FCS,2009,1739.10283567866,58.9379605951645,7.461124647556232,7.461124647556232
1878,1937,Finland,FIN,2009,47478.3495310999,79.719512195122,10.76802908676937,10.76802908676937
1879,1938,Fiji,FJI,2009,3164.13275408169,66.347,8.05963428568171,8.05963428568171
1880,1939,France,FRA,2009,41728.0884164132,81.4146341463415,10.638929764159013,10.638929764159013
1881,1940,Faroe Islands,FRO,2009,47059.1947296738,80.3695317073171,10.759161550568306,10.759161550568306
1882,1941,"Micronesia, Fed. Sts.",FSM,2009,2544.11114550961,64.865,7.841536612778309,7.8415366127783095
1883,1942,Gabon,GAB,2009,7290.57526093114,64.361,8.894337732853888,8.894337732853888
1884,1943,United Kingdom,GBR,2009,39009.3715547821,80.0512195121951,10.571557192521722,10.571557192521722
1885,1944,Georgia,GEO,2009,2822.68939668797,71.058,7.9454453962306415,7.9454453962306415
1886,1945,Ghana,GHA,2009,1047.70430093586,60.928,6.954356669472054,6.954356669472054
1887,1947,Guinea,GIN,2009,662.185914665575,56.052,6.495546354372843,6.495546354372843
1888,1948,"Gambia, The",GMB,2009,774.888030908091,60.735,6.652718542668024,6.652718542668024
1889,1949,Guinea-Bissau,GNB,2009,583.190020139094,56.297,6.36851306830368,6.36851306830368
1890,1950,Equatorial Guinea,GNQ,2009,13232.5019378102,57.881,9.490431350175374,9.490431350175374
1891,1951,Greece,GRC,2009,29425.4573200263,80.1878048780488,10.289615473894749,10.289615473894749
1892,1952,Grenada,GRD,2009,6932.56472176781,74.567,8.843985113438825,8.843985113438825
1893,1953,Greenland,GRL,2009,44918.8413832155,69.0321951219512,10.712612615626048,10.712612615626048
1894,1954,Guatemala,GTM,2009,2611.64632773352,69.676,7.867736078369997,7.867736078369997
1895,1955,Guam,GUM,2009,29054.0581201519,76.141,10.27691344684908,10.27691344684908
1896,1956,Guyana,GUY,2009,4209.13230624565,66.03,8.345011802404743,8.345011802404743
1897,1957,High income,HIC,2009,34111.8446047683,78.4049799618528,10.43739995207331,10.43739995207331
1898,1958,"Hong Kong SAR, China",HKG,2009,30697.5383861641,82.7751219512195,10.331937747499367,10.331937747499367
1899,1959,Honduras,HND,2009,1781.15703614674,69.823,7.485018452421594,7.485018452421594
1900,1960,Heavily indebted poor countries (HIPC),HPC,2009,764.823758486232,58.2393408027777,6.639645426220993,6.639645426220993
1901,1961,Croatia,HRV,2009,14474.6519774194,76.1682926829268,9.580154259141407,9.580154259141409
1902,1962,Haiti,HTI,2009,1196.8528706018,61.694,7.087450782883659,7.087450782883659
1903,1963,Hungary,HUN,2009,13051.1831777184,73.9048780487805,9.476634073600286,9.476634073600286
1904,1964,IBRD only,IBD,2009,3790.0835825848,71.1602132108325,8.240143351285752,8.240143351285752
1905,1965,IDA & IBRD total,IBT,2009,3109.25120385232,68.587127358268,8.042137205717927,8.042137205717927
1906,1966,IDA total,IDA,2009,983.707474856151,60.5540098554413,6.891328571205051,6.891328571205051
1907,1967,IDA blend,IDB,2009,1350.16810903148,58.7507843707772,7.207984388888359,7.207984388888359
1908,1968,Indonesia,IDN,2009,2218.48541852977,68.267,7.704579998126537,7.704579998126537
1909,1969,IDA only,IDX,2009,784.340956107062,61.5350232409748,6.66484381880556,6.66484381880556
1910,1970,Isle of Man,IMN,2009,66156.105656847,79.303,11.099772465462795,11.099772465462795
1911,1971,India,IND,2009,1094.94974598436,66.7,6.998463747119226,6.998463747119226
1912,1973,Ireland,IRL,2009,52133.0906162544,80.190243902439,10.861555162715955,10.861555162715955
1913,1974,"Iran, Islamic Rep.",IRN,2009,5415.52280553446,74.041,8.59702470242646,8.59702470242646
1914,1975,Iraq,IRQ,2009,3714.71205987194,67.834,8.220056446711109,8.220056446711109
1915,1976,Iceland,ISL,2009,41483.7843682814,81.7512195121951,10.63305789174706,10.633057891747061
1916,1977,Israel,ISR,2009,28508.4938886475,81.4048780487805,10.257957353034886,10.257957353034886
1917,1978,Italy,ITA,2009,37099.6133958219,81.6365853658537,10.52136182794344,10.521361827943439
1918,1979,Jamaica,JAM,2009,4428.38153333557,71.717,8.395789453923227,8.395789453923227
1919,1980,Jordan,JOR,2009,3435.8337590698,73.707,8.142014899823625,8.142014899823625
1920,1981,Japan,JPN,2009,41308.9968370512,82.9314634146342,10.628835596316026,10.628835596316026
1921,1982,Kazakhstan,KAZ,2009,6938.01175663001,67.46,8.844770522055502,8.844770522055502
1922,1983,Kenya,KEN,2009,1047.9678324485,60.483,6.95460817018138,6.95460817018138
1923,1984,Kyrgyz Republic,KGZ,2009,870.198894546917,69.1024390243903,6.768721799942078,6.768721799942078
1924,1985,Cambodia,KHM,2009,875.748936193569,66.747,6.775079447339284,6.775079447339284
1925,1986,Kiribati,KIR,2009,1316.62753853678,65.808,7.18282885121848,7.1828288512184795
1926,1987,St. Kitts and Nevis,KNA,2009,16503.4119292794,71.488,9.711322422104583,9.711322422104583
1927,1988,"Korea, Rep.",KOR,2009,19937.3029137734,79.9682926829268,9.900347774275753,9.900347774275753
1928,1989,Kuwait,KWT,2009,37907.1001320042,77.4333658536585,10.542893712100147,10.542893712100147
1929,1990,Latin America & Caribbean (excluding high income),LAC,2009,6981.206567743,73.1845433768983,8.850977041525894,8.850977041525894
1930,1991,Lao PDR,LAO,2009,935.03237283283,63.023,6.840581152039933,6.840581152039933
1931,1992,Lebanon,LBN,2009,7090.85493856621,77.262,8.86656119597533,8.86656119597533
1932,1993,Liberia,LBR,2009,448.386367025545,59.106,6.105655287135327,6.105655287135327
1933,1994,Libya,LBY,2009,9551.05403869755,72.071,9.164406797928642,9.164406797928642
1934,1995,St. Lucia,LCA,2009,8250.52180732734,72.946,9.01803172670158,9.018031726701581
1935,1996,Latin America & Caribbean,LCN,2009,7495.05944025108,73.4422623291815,8.921999341159164,8.921999341159164
1936,1997,Least developed countries: UN classification,LDC,2009,751.671383860855,60.5725256311134,6.622299238895348,6.622299238895348
1937,1998,Low income,LIC,2009,752.635927287489,59.1918689542637,6.623581614579714,6.623581614579714
1938,1999,Liechtenstein,LIE,2009,126024.714567466,81.5,11.74423331406008,11.744233314060079
1939,2000,Sri Lanka,LKA,2009,2026.65939950702,70.298,7.614144100516111,7.6141441005161115
1940,2001,Lower middle income,LMC,2009,1260.98799326347,65.2095484182311,7.139650814320437,7.139650814320437
1941,2002,Low & middle income,LMY,2009,2829.0413443136,68.6163673456432,7.947693185656989,7.9476931856569895
1942,2003,Lesotho,LSO,2009,878.847950537772,45.055,6.778611902674362,6.778611902674362
1943,2004,Late-demographic dividend,LTE,2009,5245.33524774178,74.3481601286124,8.565094436374368,8.565094436374368
1944,2005,Lithuania,LTU,2009,11854.3711053096,72.9146341463415,9.380451948193974,9.380451948193974
1945,2006,Luxembourg,LUX,2009,109419.746953106,80.6365853658537,11.60294665499502,11.60294665499502
1946,2007,Latvia,LVA,2009,11996.0322729773,73.0804878048781,9.392331230176826,9.392331230176826
1947,2008,"Macao SAR, China",MAC,2009,40354.2810293673,82.1756097560976,10.605452765452254,10.605452765452254
1948,2010,Morocco,MAR,2009,3119.58862304688,70.454,8.045456420522806,8.045456420522806
1949,2011,Monaco,MCO,2009,169150.267344616,84.187,12.038542754725585,12.038542754725583
1950,2012,Moldova,MDA,2009,1898.43975710988,69.406,7.548787647332669,7.548787647332669
1951,2013,Madagascar,MDG,2009,446.315238370592,62.304,6.101025514835874,6.101025514835874
1952,2014,Maldives,MDV,2009,6734.03165601895,76.371,8.814929300633485,8.814929300633485
1953,2015,"Middle East, North Africa, Afghanistan & Pakistan",MEA,2009,4256.64048356928,68.9987213130448,8.356235509259513,8.356235509259513
1954,2016,Mexico,MEX,2009,8423.56933214711,73.628,9.038788928592778,9.038788928592778
1955,2017,Marshall Islands,MHL,2009,2906.63026970914,64.395,7.974749706267459,7.974749706267459
1956,2018,Middle income,MIC,2009,3001.53141895573,69.3941546629876,8.006877910388479,8.006877910388479
1957,2019,North Macedonia,MKD,2009,4799.78722768888,74.4463414634146,8.47632686834867,8.47632686834867
1958,2020,Mali,MLI,2009,787.482564287398,55.588,6.66884122986725,6.66884122986725
1959,2021,Malta,MLT,2009,21176.3218262672,80.2414634146342,9.960638941480688,9.960638941480687
1960,2022,Myanmar,MMR,2009,758.442935789255,63.095,6.6312675629844895,6.6312675629844895
1961,2023,"Middle East, North Africa, Afghanistan & Pakistan (excluding high income)",MNA,2009,2510.74762666028,68.2744546682628,7.82833584700178,7.82833584700178
1962,2024,Montenegro,MNE,2009,6700.11405052395,75.1439024390244,8.809879827700438,8.809879827700438
1963,2025,Mongolia,MNG,2009,1703.32756790019,67.9690243902439,7.440339009729503,7.440339009729503
1964,2026,Northern Mariana Islands,MNP,2009,14369.6339810212,77.903,9.572872507699351,9.572872507699353
1965,2027,Mozambique,MOZ,2009,547.697144193651,54.4,6.30572247759615,6.30572247759615
1966,2028,Mauritania,MRT,2009,1435.43010811893,65.485,7.269219810196731,7.269219810196731
1967,2029,Mauritius,MUS,2009,7426.88645617593,72.8824390243903,8.91286199957289,8.91286199957289
1968,2030,Malawi,MWI,2009,625.869729869625,56.714,6.439142250194645,6.439142250194645
1969,2031,Malaysia,MYS,2009,7191.43287234626,75.269,8.880645717695472,8.880645717695472
1970,2032,North America,NAC,2009,46581.4062631638,78.6547128363776,10.748956733260927,10.748956733260927
1971,2033,Namibia,NAM,2009,4302.91374148376,55.347,8.367047686503293,8.367047686503293
1972,2034,New Caledonia,NCL,2009,33836.494080472,75.676,10.429295205530083,10.429295205530085
1973,2035,Niger,NER,2009,461.131533961487,56.487,6.133683325426616,6.133683325426616
1974,2036,Nigeria,NGA,2009,1820.48633854782,51.08,7.506858963356526,7.506858963356526
1975,2037,Nicaragua,NIC,2009,1467.08288052845,71.499,7.291031273158185,7.291031273158185
1976,2038,Netherlands,NLD,2009,53172.0261581418,80.5487804878049,10.881287712940686,10.881287712940686
1977,2039,Norway,NOR,2009,80347.5700665184,80.7951219512195,11.294117128847985,11.294117128847983
1978,2040,Nepal,NPL,2009,473.078751198621,66.6,6.159261867653848,6.159261867653848
1979,2041,Nauru,NRU,2009,4410.56764668962,59.852,8.39175867822764,8.39175867822764
1980,2042,New Zealand,NZL,2009,28276.7255416225,80.7024390243902,10.249794326235328,10.249794326235328
1981,2043,OECD members,OED,2009,33747.3871210811,78.8670589595977,10.426658274669064,10.426658274669064
1982,2044,Oman,OMN,2009,20655.9180249218,76.631,9.935757144494206,9.935757144494206
1983,2045,Other small states,OSS,2009,9809.38880958963,69.0687004196222,9.191095247824384,9.191095247824384
1984,2046,Pakistan,PAK,2009,963.788066395225,64.206,6.870871422302668,6.870871422302668
1985,2047,Panama,PAN,2009,7796.92618363433,76.228,8.9614848559869,8.9614848559869
1986,2048,Peru,PER,2009,4181.18755462253,72.631,8.338350589145591,8.338350589145591
1987,2049,Philippines,PHL,2009,1864.45043406471,68.631,7.530721615229424,7.530721615229424
1988,2050,Palau,PLW,2009,10147.7741092815,67.99,9.225009660842089,9.225009660842087
1989,2051,Papua New Guinea,PNG,2009,1568.83193368607,62.772,7.358086630160733,7.358086630160733
1990,2052,Poland,POL,2009,11556.3026866026,75.6951219512195,9.354986254268589,9.354986254268587
1991,2053,Pre-demographic dividend,PRE,2009,1252.32925493054,56.5094557087048,7.132760500257389,7.132760500257389
1992,2054,Puerto Rico (US),PRI,2009,25768.7258883384,78.377,10.156916860760894,10.156916860760894
1993,2056,Portugal,PRT,2009,23151.2154130712,78.7268292682927,10.049802559780762,10.049802559780762
1994,2057,Paraguay,PRY,2009,3941.84815479431,72.282,8.279404967131669,8.279404967131669
1995,2058,West Bank and Gaza,PSE,2009,2191.78178736868,72.306,7.692470093554436,7.692470093554436
1996,2059,Pacific island small states,PSS,2009,2668.40106360978,67.4527929020498,7.889234719429861,7.8892347194298615
1997,2060,Post-demographic dividend,PST,2009,38339.4065630367,79.4684041481196,10.55423353820746,10.554233538207459
1998,2061,French Polynesia,PYF,2009,24434.2197555208,80.867,10.103739877764962,10.103739877764962
1999,2062,Qatar,QAT,2009,60785.7351551657,78.837,11.01511042126842,11.01511042126842
2000,2063,Romania,ROU,2009,8548.4543409242,73.309756097561,9.053505766749067,9.053505766749067
2001,2064,Russian Federation,RUS,2009,8562.82421875,68.6846341463415,9.055185346817124,9.055185346817124
2002,2065,Rwanda,RWA,2009,564.039095842449,61.813,6.335123567965208,6.335123567965208
2003,2066,South Asia,SAS,2009,1054.43555885745,66.84109704634,6.960760887437417,6.960760887437417
2004,2067,Saudi Arabia,SAU,2009,17718.3911648365,75.447,9.782358427985107,9.782358427985107
2005,2068,Sudan,SDN,2009,1178.22180175781,62.676,7.071761633209213,7.071761633209213
2006,2069,Senegal,SEN,2009,1308.69404336205,63.751,7.176785005482382,7.176785005482382
2007,2070,Singapore,SGP,2009,38926.8054365453,81.2414634146342,10.56943837806832,10.569438378068321
2008,2071,Solomon Islands,SLB,2009,1554.70671006386,68.397,7.349042195932655,7.349042195932655
2009,2072,Sierra Leone,SLE,2009,652.845806767943,51.312,6.481340970869406,6.481340970869406
2010,2073,El Salvador,SLV,2009,2910.18651752011,70.359,7.975972453479253,7.975972453479253
2011,2074,San Marino,SMR,2009,62428.9943269418,83.224,11.041785099115245,11.041785099115243
2012,2075,"Somalia, Fed. Rep.",SOM,2009,246.513251675105,52.101,5.507415751368819,5.507415751368819
2013,2076,Serbia,SRB,2009,6414.0448463847,73.9853658536585,8.76624537218137,8.76624537218137
2014,2077,Sub-Saharan Africa (excluding high income),SSA,2009,1545.11577892078,56.102152162122,7.3428541243369505,7.3428541243369505
2015,2078,South Sudan,SSD,2009,1323.22068747862,56.848,7.187823958577848,7.187823958577848
2016,2079,Sub-Saharan Africa,SSF,2009,1426.96916919949,56.3680608990521,7.263308011917222,7.263308011917222
2017,2080,Small states,SST,2009,9296.64440865481,69.2706797451225,9.137408797757818,9.137408797757818
2018,2081,Sao Tome and Principe,STP,2009,1128.28046213305,63.669,7.028450037795811,7.028450037795811
2019,2082,Suriname,SUR,2009,7129.5768626291,69.323,8.87200716559247,8.87200716559247
2020,2083,Slovak Republic,SVK,2009,16586.7527805228,74.909756097561,9.71635963048325,9.71635963048325
2021,2084,Slovenia,SVN,2009,24501.7897290425,78.9707317073171,10.106501444029783,10.106501444029785
2022,2085,Sweden,SWE,2009,46707.6425044751,81.3512195121951,10.751663081327038,10.751663081327038
2023,2086,Eswatini,SWZ,2009,3189.79679956637,46.913,8.067712494554515,8.067712494554515
2024,2087,Sint Maarten (Dutch part),SXM,2009,25528.412619483,74.796,10.147547331235591,10.147547331235593
2025,2088,Seychelles,SYC,2009,9747.09180546291,73.0829268292683,9.184724243135872,9.184724243135872
2026,2089,Syrian Arab Republic,SYR,2009,2462.20193643202,73.496,7.808811324677351,7.808811324677351
2027,2090,Turks and Caicos Islands,TCA,2009,24596.8938015951,76.672,10.11037544572011,10.11037544572011
2028,2091,Chad,TCD,2009,1035.63719694254,49.828,6.94277216548508,6.94277216548508
2029,2092,East Asia & Pacific (IDA & IBRD countries),TEA,2009,3398.52989667846,73.5161019563417,8.131098233769762,8.131098233769762
2030,2093,Europe & Central Asia (IDA & IBRD countries),TEC,2009,7074.02354262313,71.0832338433596,8.864184697809526,8.864184697809526
2031,2094,Togo,TGO,2009,720.693768151415,56.94,6.5802143149545,6.5802143149545
2032,2095,Thailand,THA,2009,4135.43986952819,74.669,8.327348978953273,8.327348978953273
2033,2096,Tajikistan,TJK,2009,664.795655734657,68.248,6.499479708824726,6.499479708824726
2034,2097,Turkmenistan,TKM,2009,3707.97850699617,68.155,8.218242130281721,8.218242130281721
2035,2098,Latin America & the Caribbean (IDA & IBRD countries),TLA,2009,7386.60018995036,73.3248238756312,8.907422852597158,8.907422852597158
2036,2099,Timor-Leste,TLS,2009,686.579329690731,63.265,6.531721775255432,6.531721775255432
2037,2100,"Middle East, North Africa, Afghanistan & Pakistan (IDA & IBRD)",TMN,2009,2512.84382036535,68.2479599816693,7.829170386931563,7.829170386931563
2038,2101,Tonga,TON,2009,2914.23774004564,70.949,7.977363568892454,7.977363568892454
2039,2102,South Asia (IDA & IBRD),TSA,2009,1054.43555885745,66.84109704634,6.960760887437417,6.960760887437417
2040,2103,Sub-Saharan Africa (IDA & IBRD countries),TSS,2009,1426.96916919949,56.3680608990521,7.263308011917222,7.263308011917222
2041,2104,Trinidad and Tobago,TTO,2009,14634.0565003912,71.404,9.591106728335197,9.591106728335197
2042,2105,Tunisia,TUN,2009,4080.09032448781,74.32,8.313874405508013,8.313874405508013
2043,2106,Turkiye,TUR,2009,9076.92472236977,74.679,9.113490727264274,9.113490727264274
2044,2107,Tuvalu,TUV,2009,2683.96749549583,64.693,7.895051387547237,7.8950513875472375
2045,2108,Tanzania,TZA,2009,693.823547363281,60.494,6.542217673658876,6.542217673658876
2046,2109,Uganda,UGA,2009,798.947089938247,59.157,6.683294723220978,6.683294723220978
2047,2110,Ukraine,UKR,2009,2607.08764648438,69.159,7.865989033040172,7.865989033040172
2048,2111,Upper middle income,UMC,2009,4710.56351783068,73.5030015253387,8.457562822705352,8.457562822705352
2049,2112,Uruguay,URY,2009,9881.39573127081,76.67,9.198409049111728,9.198409049111728
2050,2113,United States,USA,2009,47194.9433547336,78.390243902439,10.762042033519604,10.762042033519604
2051,2114,Uzbekistan,UZB,2009,1205.7993547038,69.517,7.094897990894936,7.094897990894936
2052,2115,St. Vincent and the Grenadines,VCT,2009,6463.78777336717,70.712,8.773970767571472,8.773970767571472
2053,2116,"Venezuela, RB",VEN,2009,11596.6021921731,72.785,9.358467419718798,9.358467419718798
2054,2118,Virgin Islands (U.S.),VIR,2009,38753.1825393897,77.5146341463415,10.564968161457772,10.564968161457772
2055,2119,Viet Nam,VNM,2009,1226.16976051536,73.525,7.1116505738887605,7.1116505738887605
2056,2120,Vanuatu,VUT,2009,2546.38324565986,69.422,7.842429296327897,7.842429296327897
2057,2121,World,WLD,2009,8816.8105604156,70.3795311943904,9.084415469137207,9.084415469137209
2058,2122,Samoa,WSM,2009,3279.18269477295,69.486,8.095349491905207,8.095349491905207
2059,2123,Kosovo,XKX,2009,2794.86699473069,74.79,7.93553979759848,7.93553979759848
2060,2124,"Yemen, Rep.",YEM,2009,969.243509864478,66.905,6.876515880489907,6.876515880489907
2061,2125,South Africa,ZAF,2009,6374.70560042992,57.413,8.760093188635565,8.760093188635565
2062,2126,Zambia,ZMB,2009,1136.24168316848,55.886,7.035481325921209,7.035481325921209
2063,2127,Zimbabwe,ZWE,2009,735.821693871697,49.75,6.60098782561699,6.60098782561699
2064,2128,Aruba,ABW,2010,24093.1401510626,74.297,10.08968243792605,10.08968243792605
2065,2129,Africa Eastern and Southern,AFE,2010,1628.90524793139,58.827279206282,7.395663441122376,7.395663441122376
2066,2130,Afghanistan,AFG,2010,560.621505463146,60.702,6.329045999506046,6.329045999506046
2067,2131,Africa Western and Central,AFW,2010,1662.63365844147,54.603593426599,7.416158165353439,7.416158165353439
2068,2132,Angola,AGO,2010,4101.63715566712,57.242,8.319141479251144,8.319141479251144
2069,2133,Albania,ALB,2010,4149.14469936847,78.414,8.330657495446216,8.330657495446216
2070,2134,Andorra,AND,2010,42746.830391567,84.197,10.663050328728865,10.663050328728865
2071,2135,Arab World,ARB,2010,5944.95217290432,69.8073221012027,8.690297764164736,8.690297764164736
2072,2136,United Arab Emirates,ARE,2010,44795.2949302268,81.886,10.709858389008817,10.709858389008817
2073,2137,Argentina,ARG,2010,10260.1313108254,75.68,9.236020916968926,9.236020916968926
2074,2138,Armenia,ARM,2010,3041.34450723339,73.1731707317073,8.020054968743029,8.020054968743029
2075,2139,American Samoa,ASM,2010,10375.1720141957,72.587,9.24717092464297,9.24717092464297
2076,2140,Antigua and Barbuda,ATG,2010,15217.3950790922,76.701,9.630194465591046,9.630194465591046
2077,2141,Australia,AUS,2010,52313.8939041213,81.6951219512195,10.86501727259481,10.86501727259481
2078,2142,Austria,AUT,2010,46611.1393420232,80.5804878048781,10.749594833222146,10.749594833222146
2079,2143,Azerbaijan,AZE,2010,5843.5337683582,70.309,8.673090990146315,8.673090990146315
2080,2144,Burundi,BDI,2010,216.727705301976,57.088,5.378641751325204,5.378641751325204
2081,2145,Belgium,BEL,2010,44197.393671162,80.1829268292683,10.696421099611392,10.696421099611392
2082,2146,Benin,BEN,2010,973.244254931526,58.387,6.880635083500141,6.880635083500141
2083,2147,Burkina Faso,BFA,2010,624.957252224766,56.343,6.437683250956884,6.4376832509568835
2084,2148,Bangladesh,BGD,2010,757.385280361508,68.009,6.629872080847246,6.629872080847246
2085,2149,Bulgaria,BGR,2010,6853.94805511171,73.5121951219512,8.832580123636024,8.832580123636024
2086,2150,Bahrain,BHR,2010,21819.3291098099,78.593,9.990551512342876,9.990551512342877
2087,2151,"Bahamas, The",BHS,2010,27473.100430502,73.449,10.220962638774376,10.220962638774376
2088,2152,Bosnia and Herzegovina,BIH,2010,4506.47828548389,76.827,8.41327125949687,8.41327125949687
2089,2153,Belarus,BLR,2010,6034.67885177216,70.4048780487805,8.705277917827742,8.705277917827742
2090,2154,Belize,BLZ,2010,5461.40735999001,70.875,8.605461793764931,8.605461793764931
2091,2155,Bermuda,BMU,2010,104111.824244802,79.414,11.553220833597504,11.553220833597505
2092,2156,Bolivia,BOL,2010,1929.78373077158,66.003,7.565163219025085,7.565163219025085
2093,2157,Brazil,BRA,2010,11403.2840038694,73.779,9.341656663413104,9.341656663413103
2094,2158,Barbados,BRB,2010,20610.5150721363,75.488,9.933556664942255,9.933556664942255
2095,2159,Brunei Darussalam,BRN,2010,34937.5555357155,74.82,10.461317619469444,10.461317619469444
2096,2160,Bhutan,BTN,2010,2435.5798056672,68.765,7.797940120382588,7.797940120382588
2097,2161,Botswana,BWA,2010,6215.73216077919,59.137,8.734838802441404,8.734838802441404
2098,2162,Central African Republic,CAF,2010,476.873786950728,46.871,6.167251858288651,6.167251858288651
2099,2163,Canada,CAN,2010,47560.6666009406,81.3221951219512,10.769761366706089,10.769761366706087
2100,2164,Central Europe and the Baltics,CEB,2010,12635.7541209869,75.2939657786314,9.4442857031213,9.444285703121299
2101,2165,Switzerland,CHE,2010,76531.3729407691,82.2463414634147,11.245456039545951,11.245456039545951
2102,2166,Channel Islands,CHI,2010,56123.4597963451,81.2,10.935309182286629,10.935309182286627
2103,2167,Chile,CHL,2010,12632.8704724192,79.095,9.444057463664135,9.444057463664135
2104,2168,China,CHN,2010,4629.24551710077,75.668,8.440149178531815,8.440149178531815
2105,2169,Cote d'Ivoire,CIV,2010,1553.54887048143,55.282,7.348297186646269,7.348297186646269
2106,2170,Cameroon,CMR,2010,1398.58702025047,56.965,7.243217734696508,7.243217734696508
2107,2171,"Congo, Dem. Rep.",COD,2010,352.400398754692,56.411,5.864768025601373,5.864768025601373
2108,2172,"Congo, Rep.",COG,2010,2946.55798067708,61.731,7.988392981897728,7.988392981897728
2109,2173,Colombia,COL,2010,6398.2958447102,74.876,8.763786959626445,8.763786959626445
2110,2174,Comoros,COM,2010,1386.5742428453,62.747,7.234591410571615,7.234591410571615
2111,2175,Cabo Verde,CPV,2010,3579.46006137809,72.507,8.18296724717603,8.18296724717603
2112,2176,Costa Rica,CRI,2010,8265.78820275582,79.354,9.019880372042689,9.019880372042687
2113,2177,Caribbean small states,CSS,2010,12711.087492863,71.0114366987074,9.450229922510928,9.450229922510928
2114,2178,Cuba,CUB,2010,5272.26755824835,77.876,8.570215825700398,8.570215825700398
2115,2179,Curacao,CUW,2010,19847.2310127979,75.117,9.895819780807992,9.895819780807992
2116,2180,Cayman Islands,CYM,2010,76837.6710064442,76.069,11.249450306772498,11.249450306772498
2117,2181,Cyprus,CYP,2010,31105.02734375,80.632,10.34512473602766,10.34512473602766
2118,2182,Czechia,CZE,2010,20160.4355077059,77.4243902439025,9.91147732451675,9.91147732451675
2119,2183,Germany,DEU,2010,42396.9665976293,79.9878048780488,10.65483209615202,10.654832096152019
2120,2184,Djibouti,DJI,2010,1213.23352553429,60.743,7.101044409404169,7.101044409404169
2121,2185,Dominica,DMA,2010,7549.61964680375,71.68,8.929252463067273,8.929252463067273
2122,2186,Denmark,DNK,2010,58104.5445594981,79.1,10.969999159393712,10.969999159393712
2123,2187,Dominican Republic,DOM,2010,5478.62470398954,72.039,8.608609382019452,8.608609382019452
2124,2188,Algeria,DZA,2010,4912.78585503672,74.144,8.499596443805036,8.499596443805036
2125,2189,East Asia & Pacific (excluding high income),EAP,2010,4057.86521472833,73.7616390609633,8.30841230512944,8.30841230512944
2126,2190,Early-demographic dividend,EAR,2010,2938.79859415379,67.8244434669729,7.98575613537177,7.98575613537177
2127,2191,East Asia & Pacific,EAS,2010,7784.344658223,74.6299790050688,8.959869900663486,8.959869900663486
2128,2192,Europe & Central Asia (excluding high income),ECA,2010,6019.29491137959,71.9125911481178,8.702725407087724,8.702725407087724
2129,2193,Europe & Central Asia,ECS,2010,23702.4750230082,75.9953558348547,10.073334753021204,10.073334753021205
2130,2194,Ecuador,ECU,2010,4520.30959039763,75.188,8.41633576393151,8.41633576393151
2131,2195,"Egypt, Arab Rep.",EGY,2010,2455.08194645282,69.078,7.805915419082058,7.8059154190820585
2132,2196,Euro area,EMU,2010,37491.6114073082,80.6989426195589,10.531872491129748,10.531872491129748
2133,2197,Eritrea,ERI,2010,539.699512069686,63.665,6.291012525547268,6.291012525547268
2134,2198,Spain,ESP,2010,30658.7422282912,81.6268292682927,10.330673128371387,10.330673128371389
2135,2199,Estonia,EST,2010,14663.7041018705,75.4292682926829,9.59313061077466,9.59313061077466
2136,2200,Ethiopia,ETH,2010,330.619412798644,59.709,5.800967903562083,5.800967903562083
2137,2201,European Union,EUU,2010,33119.5673211775,79.6354307923887,10.407879544439751,10.407879544439751
2138,2202,Fragile and conflict affected situations,FCS,2010,2017.56741418682,59.3431607628088,7.609647814300501,7.6096478143005015
2139,2203,Finland,FIN,2010,46506.2919016566,79.8707317073171,10.74734289213496,10.74734289213496
2140,2204,Fiji,FJI,2010,3449.14452883369,66.778,8.145881516620681,8.145881516620681
2141,2205,France,FRA,2010,40694.8211697025,81.6634146341463,10.61385611934683,10.61385611934683
2142,2206,Faroe Islands,FRO,2010,47923.1515374991,80.604956097561,10.777353997269104,10.777353997269103
2143,2207,"Micronesia, Fed. Sts.",FSM,2010,2702.61165204772,64.892,7.901973863016182,7.901973863016182
2144,2208,Gabon,GAB,2010,8356.74662013345,64.715,9.03082447006512,9.03082447006512
2145,2209,United Kingdom,GBR,2010,39778.3220528565,80.4024390243902,10.59107737084605,10.59107737084605
2146,2210,Georgia,GEO,2010,3281.72930937343,71.732,8.096125790909602,8.096125790909602
2147,2211,Ghana,GHA,2010,1263.89251760539,61.297,7.141951537551207,7.141951537551207
2148,2213,Guinea,GIN,2010,659.235326211315,56.431,6.491080566678987,6.491080566678987
2149,2214,"Gambia, The",GMB,2010,801.033372714536,61.167,6.68590261001385,6.68590261001385
2150,2215,Guinea-Bissau,GNB,2010,600.194298540768,56.999,6.397253433695517,6.397253433695517
2151,2216,Equatorial Guinea,GNQ,2010,13720.1658723222,58.344,9.526621991026197,9.526621991026197
2152,2217,Greece,GRC,2010,26653.0488008626,80.3878048780488,10.19065882458394,10.19065882458394
2153,2218,Grenada,GRD,2010,6909.60169568597,74.731,8.840667273376196,8.840667273376196
2154,2219,Greenland,GRL,2010,44277.1993400972,69.349756097561,10.698225135953653,10.698225135953653
2155,2220,Guatemala,GTM,2010,2805.25960237322,69.885,7.939251363539998,7.939251363539998
2156,2221,Guam,GUM,2010,29719.7967836082,76.095,10.299568661110074,10.299568661110074
2157,2222,Guyana,GUY,2010,4581.76179693492,66.204,8.429838874960845,8.429838874960845
2158,2223,High income,HIC,2010,35778.2487328682,78.5956664173842,10.485095410444726,10.485095410444726
2159,2224,"Hong Kong SAR, China",HKG,2010,32550.136489179,82.9575609756098,10.390536840843868,10.390536840843868
2160,2225,Honduras,HND,2010,1893.32722662035,69.77,7.54609099766531,7.54609099766531
2161,2226,Heavily indebted poor countries (HIPC),HPC,2010,812.08054988398,58.7325941662949,6.699599534606254,6.699599534606254
2162,2227,Croatia,HRV,2010,13729.7654965022,76.4756097560976,9.527321418973202,9.527321418973202
2163,2228,Haiti,HTI,2010,1209.72733503094,45.577,7.098150270247613,7.098150270247613
2164,2229,Hungary,HUN,2010,13189.8433874768,74.2073170731707,9.487202372060642,9.487202372060642
2165,2230,IBRD only,IBD,2010,4561.25191754242,71.5021795019761,8.425352408149017,8.425352408149017
2166,2231,IDA & IBRD total,IBT,2010,3715.56679095123,68.9258524146461,8.22028651373826,8.22028651373826
2167,2232,IDA total,IDA,2010,1109.84138279455,60.9876721864592,7.011972385712145,7.011972385712145
2168,2233,IDA blend,IDB,2010,1535.29922315138,59.0515129063523,7.33648057467331,7.33648057467331
2169,2234,Indonesia,IDN,2010,3065.68348377765,68.364,8.028025819848873,8.028025819848873
2170,2235,IDA only,IDX,2010,877.624039786351,62.0444390879458,6.777218301232101,6.777218301232101
2171,2236,Isle of Man,IMN,2010,70587.3140283741,79.613,11.164605719352144,11.164605719352144
2172,2237,India,IND,2010,1347.51939071367,67.162,7.20602069281963,7.20602069281963
2173,2239,Ireland,IRL,2010,48623.9666422487,80.7439024390244,10.791871829121638,10.791871829121638
2174,2240,"Iran, Islamic Rep.",IRN,2010,6291.19443655454,74.39,8.746906226190578,8.746906226190578
2175,2241,Iraq,IRQ,2010,4461.75196161555,68.092,8.403296784387633,8.403296784387633
2176,2242,Iceland,ISL,2010,43776.4677400475,81.8975609756097,10.686851685776372,10.686851685776372
2177,2243,Israel,ISR,2010,31439.0887027614,81.6024390243903,10.355807260841935,10.355807260841935
2178,2244,Italy,ITA,2010,35856.8625485539,82.0365853658537,10.487290251657043,10.487290251657045
2179,2245,Jamaica,JAM,2010,4809.977380312,71.979,8.478447660450911,8.478447660450911
2180,2246,Jordan,JOR,2010,3718.46571622945,73.797,8.221066420315845,8.221066420315845
2181,2247,Japan,JPN,2010,44968.1562349739,82.8426829268293,10.71370987903484,10.71370987903484
2182,2248,Kazakhstan,KAZ,2010,8793.07589980782,68.257,9.08171986118615,9.08171986118615
2183,2249,Kenya,KEN,2010,1091.51873101194,60.915,6.995325336641599,6.995325336641599
2184,2250,Kyrgyz Republic,KGZ,2010,876.954476440354,69.3,6.776455082747084,6.776455082747084
2185,2251,Cambodia,KHM,2010,952.274616324008,67.311,6.858853455719269,6.858853455719269
2186,2252,Kiribati,KIR,2010,1522.10068744154,65.859,7.327846690925714,7.327846690925714
2187,2253,St. Kitts and Nevis,KNA,2010,16622.9457908577,71.452,9.71853929643754,9.718539296437541
2188,2254,"Korea, Rep.",KOR,2010,24071.2620526362,80.1170731707317,10.088773962000674,10.088773962000674
2189,2255,Kuwait,KWT,2010,39212.252220155,77.7262195121951,10.576744533579513,10.576744533579511
2190,2256,Latin America & Caribbean (excluding high income),LAC,2010,8637.63171485475,73.1190309784384,9.063883717146894,9.063883717146894
2191,2257,Lao PDR,LAO,2010,1125.91610151261,63.69,7.026352295721668,7.026352295721668
2192,2258,Lebanon,LBN,2010,7625.81051551165,77.529,8.939293892942755,8.939293892942755
2193,2259,Liberia,LBR,2010,492.252808033724,59.358,6.198992421989961,6.198992421989961
2194,2260,Libya,LBY,2010,11600.9068649472,72.196,9.358838552051404,9.358838552051404
2195,2261,St. Lucia,LCA,2010,8673.68720340529,72.768,9.068049262343802,9.068049262343802
2196,2262,Latin America & Caribbean,LCN,2010,9183.9687871441,73.4093227755616,9.125214719941214,9.125214719941214
2197,2263,Least developed countries: UN classification,LDC,2010,831.532954611079,61.0409945449626,6.723270930572917,6.723270930572917
2198,2264,Low income,LIC,2010,825.735188857174,59.9258675530958,6.716274127515636,6.716274127515636
2199,2265,Liechtenstein,LIE,2010,141089.812849014,81.8414634146342,11.857151937141046,11.857151937141046
2200,2266,Sri Lanka,LKA,2010,2808.36244503709,74.463,7.940356832684039,7.940356832684039
2201,2267,Lower middle income,LMC,2010,1491.30888839804,65.554398103155,7.307409461918641,7.307409461918641
2202,2268,Low & middle income,LMY,2010,3394.26296887076,68.9548034984238,8.12984192330855,8.12984192330855
2203,2269,Lesotho,LSO,2010,1119.47557793042,46.045,7.020615620642678,7.020615620642678
2204,2270,Late-demographic dividend,LTE,2010,6276.4619904196,74.7108209347901,8.744561723383892,8.744561723383892
2205,2271,Lithuania,LTU,2010,11829.122609457,73.2682926829268,9.378319787650272,9.378319787650273
2206,2272,Luxembourg,LUX,2010,110885.991378721,80.6317073170732,11.616257847764778,11.616257847764778
2207,2273,Latvia,LVA,2010,11188.4191700977,73.4829268292683,9.322634519663788,9.322634519663787
2208,2274,"Macao SAR, China",MAC,2010,52596.2250160214,82.2731707317073,10.870399628394123,10.870399628394125
2209,2276,Morocco,MAR,2010,3067.9853515625,70.821,8.028776387887254,8.028776387887254
2210,2277,Monaco,MCO,2010,161853.920622244,84.644,11.994449482862322,11.994449482862322
2211,2278,Moldova,MDA,2010,2436.79935102421,69.876,7.798440715817901,7.798440715817901
2212,2279,Madagascar,MDG,2010,450.009391645726,62.597,6.109268452870419,6.109268452870419
2213,2280,Maldives,MDV,2010,7173.59601844692,76.756,8.878162344609096,8.878162344609096
2214,2281,"Middle East, North Africa, Afghanistan & Pakistan",MEA,2010,4867.92943497015,69.2105446964534,8.490423958310108,8.490423958310108
2215,2282,Mexico,MEX,2010,9728.80078377082,73.718,9.182845918228708,9.182845918228708
2216,2283,Marshall Islands,MHL,2010,3095.45768964722,64.498,8.037691054523835,8.037691054523835
2217,2284,Middle income,MIC,2010,3610.66323367037,69.7116856504068,8.191646755690577,8.191646755690577
2218,2285,North Macedonia,MKD,2010,4833.36586759968,74.9975609756098,8.483298370945421,8.483298370945421
2219,2286,Mali,MLI,2010,797.151541135109,55.993,6.681044800157795,6.681044800157795
2220,2287,Malta,MLT,2010,21946.6069636029,81.3975609756098,9.996367826308678,9.996367826308678
2221,2288,Myanmar,MMR,2010,1010.53417343401,63.479,6.918234354613274,6.918234354613274
2222,2289,"Middle East, North Africa, Afghanistan & Pakistan (excluding high income)",MNA,2010,2816.19347268465,68.4912505131132,7.94314141970645,7.94314141970645
2223,2290,Montenegro,MNE,2010,6678.63930800758,75.990243902439,8.80666954937571,8.80666954937571
2224,2291,Mongolia,MNG,2010,2625.21881402433,68.5056097560976,7.872919529275216,7.872919529275216
2225,2292,Northern Mariana Islands,MNP,2010,14771.4037455399,77.8,9.600448411330294,9.600448411330294
2226,2293,Mozambique,MOZ,2010,496.185839392659,55.04,6.206950532746206,6.206950532746206
2227,2294,Mauritania,MRT,2010,1659.96369705455,65.661,7.414551011867206,7.414551011867206
2228,2295,Mauritius,MUS,2010,8113.17670740212,72.9673170731707,9.00124477292973,9.00124477292973
2229,2296,Malawi,MWI,2010,683.124694716799,57.787,6.526677412038552,6.526677412038552
2230,2297,Malaysia,MYS,2010,8899.34505544675,75.376,9.09373296373676,9.09373296373676
2231,2298,North America,NAC,2010,48545.7752706944,78.8169547045614,10.790262451821835,10.790262451821835
2232,2299,Namibia,NAM,2010,5418.21633365814,56.093,8.597521950540813,8.597521950540813
2233,2300,New Caledonia,NCL,2010,35798.9084757829,75.992,10.485672682420706,10.485672682420706
2234,2301,Niger,NER,2010,474.425692340831,57.08,6.162105003765174,6.162105003765174
2235,2302,Nigeria,NGA,2010,2202.25672957344,51.315,7.697237899757034,7.697237899757034
2236,2303,Nicaragua,NIC,2010,1526.56706951408,71.761,7.330776748002456,7.330776748002456
2237,2304,Netherlands,NLD,2010,51305.7338533973,80.7024390243902,10.845557795934337,10.845557795934335
2238,2305,Norway,NOR,2010,88163.2085931423,80.9975609756098,11.386945018837231,11.386945018837231
2239,2306,Nepal,NPL,2010,585.278491984574,66.772,6.372087788628265,6.372087788628265
2240,2307,Nauru,NRU,2010,4735.92000502092,60.074,8.462931285589459,8.462931285589459
2241,2308,New Zealand,NZL,2010,33761.9009639947,80.9048780487805,10.427088255299848,10.427088255299847
2242,2309,OECD members,OED,2010,35162.1991743522,79.0473008520596,10.467726897464033,10.467726897464031
2243,2310,Oman,OMN,2010,23570.1798147325,77.184,10.067737624867242,10.067737624867242
2244,2311,Other small states,OSS,2010,10149.5632621314,69.566524844548,9.225185955182749,9.225185955182749
2245,2312,Pakistan,PAK,2010,987.304571124485,64.378,6.894978574531212,6.894978574531212
2246,2313,Panama,PAN,2010,8331.46422259967,76.417,9.027794496736687,9.027794496736687
2247,2314,Peru,PER,2010,5072.11494019615,72.886,8.531513157570886,8.531513157570886
2248,2315,Philippines,PHL,2010,2162.91375885614,68.883,7.679211554079194,7.679211554079194
2249,2316,Palau,PLW,2010,10221.9163762354,68.347,9.232289358531252,9.232289358531252
2250,2317,Papua New Guinea,PNG,2010,1866.86889851208,63.056,7.532017920675555,7.532017920675555
2251,2318,Poland,POL,2010,12567.7317676382,76.2463414634146,9.438887837221882,9.438887837221882
2252,2319,Pre-demographic dividend,PRE,2010,1421.48905142231,57.1221147404173,7.259460228931466,7.2594602289314665
2253,2320,Puerto Rico (US),PRI,2010,26414.8810634548,78.717,10.181682806974417,10.181682806974417
2254,2322,Portugal,PRT,2010,22551.935098809,79.0268292682927,10.023576154943452,10.023576154943452
2255,2323,Paraguay,PRY,2010,4750.96273669458,72.551,8.466102557900971,8.466102557900971
2256,2324,West Bank and Gaza,PSE,2010,2557.07562356699,73.302,7.846619549968044,7.846619549968044
2257,2325,Pacific island small states,PSS,2010,2900.92919415648,67.9059171883101,7.97278637643177,7.97278637643177
2258,2326,Post-demographic dividend,PST,2010,39801.8641147794,79.6785405516336,10.591669027230466,10.591669027230466
2259,2327,French Polynesia,PYF,2010,22494.806706186,81.141,10.021039748492678,10.021039748492678
2260,2328,Qatar,QAT,2010,76462.6119486736,79.444,11.244557167648798,11.244557167648798
2261,2329,Romania,ROU,2010,8399.5374234284,73.4585365853659,9.035931914675595,9.035931914675595
2262,2330,Russian Federation,RUS,2010,10674.990234375,68.8412195121951,9.27565892328376,9.27565892328376
2263,2331,Rwanda,RWA,2010,593.624927744346,62.804,6.38624768514992,6.38624768514992
2264,2332,South Asia,SAS,2010,1294.02734404973,67.3525068406787,7.165514606251591,7.165514606251591
2265,2333,Saudi Arabia,SAU,2010,22028.3901426586,75.616,10.000087361441192,10.000087361441192
2266,2334,Sudan,SDN,2010,1305.63598632813,62.979,7.174445546887686,7.174445546887686
2267,2335,Senegal,SEN,2010,1275.88357492357,64.221,7.151394217519003,7.151394217519003
2268,2336,Singapore,SGP,2010,47236.683084953,81.5414634146342,10.762926053725788,10.762926053725787
2269,2337,Solomon Islands,SLB,2010,1685.14535823757,68.669,7.429607105082125,7.429607105082125
2270,2338,Sierra Leone,SLE,2010,685.039673490948,51.927,6.529476754090105,6.529476754090105
2271,2339,El Salvador,SLV,2010,3040.07300952878,70.909,8.019636810404243,8.019636810404243
2272,2340,San Marino,SMR,2010,56543.1898204098,83.464,10.942760046713325,10.942760046713323
2273,2341,"Somalia, Fed. Rep.",SOM,2010,219.202453852397,48.9,5.389995749593305,5.389995749593305
2274,2342,Serbia,SRB,2010,5970.92660940072,74.3365853658537,8.694657405297567,8.694657405297567
2275,2343,Sub-Saharan Africa (excluding high income),SSA,2010,1789.34374213402,56.8123821457291,7.489604207105471,7.489604207105471
2276,2344,South Sudan,SSD,2010,1498.27034985194,57.485,7.312066621660164,7.312066621660164
2277,2345,Sub-Saharan Africa,SSF,2010,1642.64134193596,57.1071582744601,7.404060799585472,7.404060799585472
2278,2346,Small states,SST,2010,9813.58319583757,69.6933118913694,9.191522745382924,9.191522745382924
2279,2347,Sao Tome and Principe,STP,2010,1045.20958234528,63.867,6.951972701558201,6.951972701558201
2280,2348,Suriname,SUR,2010,7943.60482816915,69.626,8.980122459796002,8.980122459796002
2281,2349,Slovak Republic,SVK,2010,16899.448680529,75.1121951219512,9.735036277925136,9.735036277925136
2282,2350,Slovenia,SVN,2010,23329.8417691156,79.4219512195122,10.05748858269996,10.05748858269996
2283,2351,Sweden,SWE,2010,52542.5759090299,81.4512195121951,10.869379089617276,10.869379089617276
2284,2352,Eswatini,SWZ,2010,3922.74039390733,48.331,8.274545768620253,8.274545768620253
2285,2353,Sint Maarten (Dutch part),SXM,2010,26403.8143692163,74.821,10.18126376238008,10.18126376238008
2286,2354,Seychelles,SYC,2010,10934.79494629,73.1975609756098,9.29970518088109,9.29970518088109
2287,2355,Syrian Arab Republic,SYR,2010,2730.61477118949,73.542,7.912282053739239,7.912282053739239
2288,2356,Turks and Caicos Islands,TCA,2010,23093.8498268267,76.784,10.047321619798474,10.047321619798474
2289,2357,Chad,TCD,2010,1141.80069268412,50.107,7.04036185018974,7.04036185018974
2290,2358,East Asia & Pacific (IDA & IBRD countries),TEA,2010,4104.80262362259,73.8065980873171,8.319912938787215,8.319912938787215
2291,2359,Europe & Central Asia (IDA & IBRD countries),TEC,2010,8280.72343768265,71.4358973425353,9.021685615263424,9.021685615263424
2292,2360,Togo,TGO,2010,704.986772286079,57.24,6.558179039921465,6.558179039921465
2293,2361,Thailand,THA,2010,4973.86288823778,75.012,8.511952058289356,8.511952058289356
2294,2362,Tajikistan,TJK,2010,737.338883219356,68.37,6.603047600915982,6.603047600915982
2295,2363,Turkmenistan,TKM,2010,4058.53937000739,68.608,8.308578426784312,8.308578426784312
2296,2364,Latin America & the Caribbean (IDA & IBRD countries),TLA,2010,9115.80144590362,73.2840381673624,9.117764609292871,9.117764609292873
2297,2365,Timor-Leste,TLS,2010,813.060220670369,63.66,6.700805178969879,6.700805178969879
2298,2366,"Middle East, North Africa, Afghanistan & Pakistan (IDA & IBRD)",TMN,2010,2817.90380218571,68.4594967501144,7.94374855496527,7.94374855496527
2299,2367,Tonga,TON,2010,3416.08356601207,71.319,8.13625001772753,8.13625001772753
2300,2368,South Asia (IDA & IBRD),TSA,2010,1294.02734404973,67.3525068406787,7.165514606251591,7.165514606251591
2301,2369,Sub-Saharan Africa (IDA & IBRD countries),TSS,2010,1642.64134193596,57.1071582744601,7.404060799585472,7.404060799585472
2302,2370,Trinidad and Tobago,TTO,2010,16815.424737361,71.809,9.730051883288064,9.730051883288064
2303,2371,Tunisia,TUN,2010,4291.86120891575,74.438,8.364475766069239,8.364475766069239
2304,2372,Turkiye,TUR,2010,10698.9699409757,74.964,9.27790274861748,9.27790274861748
2305,2373,Tuvalu,TUV,2010,3024.8170790571,64.834,8.014605898903383,8.014605898903383
2306,2374,Tanzania,TZA,2010,736.530151367188,61.127,6.601950173784593,6.601950173784593
2307,2375,Uganda,UGA,2010,823.488144282,59.959,6.713549152770892,6.7135491527708915
2308,2376,Ukraine,UKR,2010,3039.63232421875,70.188,8.019491841105038,8.019491841105038
2309,2377,Upper middle income,UMC,2010,5710.9010671794,73.8314745903693,8.650132095310367,8.650132095310367
2310,2378,Uruguay,URY,2010,12641.0576849008,76.691,9.444705341802983,9.444705341802985
2311,2379,United States,USA,2010,48642.6100179312,78.5414634146342,10.792255175108531,10.792255175108533
2312,2380,Uzbekistan,UZB,2010,1753.20730243278,69.836,7.469202133738341,7.469202133738341
2313,2381,St. Vincent and the Grenadines,VCT,2010,6551.96835992405,70.66,8.787520796449824,8.787520796449824
2314,2382,"Venezuela, RB",VEN,2010,13646.3046622664,73.092,9.521224043248557,9.521224043248555
2315,2384,Virgin Islands (U.S.),VIR,2010,39905.1284180994,77.8658536585366,10.594260126400393,10.594260126400393
2316,2385,Viet Nam,VNM,2010,1683.16182443979,73.611,7.428429341939105,7.428429341939105
2317,2386,Vanuatu,VUT,2010,2815.18828985779,69.57,7.942784426385834,7.942784426385834
2318,2387,World,WLD,2010,9542.72886249208,70.6818497084676,9.163534767825846,9.163534767825846
2319,2388,Samoa,WSM,2010,3524.2479246203,71.451,8.167422337765368,8.167422337765368
2320,2389,Kosovo,XKX,2010,2987.54519574464,74.609,8.00220732440806,8.00220732440806
2321,2390,"Yemen, Rep.",YEM,2010,1155.20305261418,67.223,7.052031410633495,7.052031410633495
2322,2391,South Africa,ZAF,2010,7973.47195771517,58.886,8.98387530524639,8.98387530524639
2323,2392,Zambia,ZMB,2010,1451.10616017155,56.896,7.280081413661732,7.2800814136617324
2324,2393,Zimbabwe,ZWE,2010,902.010759067388,51.925,6.804626448004111,6.804626448004111
2325,2394,Aruba,ABW,2011,25712.3843015186,74.578,10.154728034253225,10.154728034253223
2326,2395,Africa Eastern and Southern,AFE,2011,1761.98926096159,59.2000040300701,7.474198711677092,7.474198711677092
2327,2396,Afghanistan,AFG,2011,606.694676337726,61.25,6.4080256601244,6.4080256601244
2328,2397,Africa Western and Central,AFW,2011,1844.05436728177,54.9641949401188,7.519721887023437,7.5197218870234375
2329,2398,Angola,AGO,2011,5184.15269149912,58.093,8.553361691977027,8.553361691977027
2330,2399,Albania,ALB,2011,4465.70914328865,78.303,8.40418330338464,8.40418330338464
2331,2400,Andorra,AND,2011,46657.1495384811,84.296,10.750581453663935,10.750581453663937
2332,2401,Arab World,ARB,2011,6915.82768123695,69.3633376859826,8.841567930535131,8.841567930535131
2333,2402,United Arab Emirates,ARE,2011,51921.904511613,81.898,10.85749603236186,10.85749603236186
2334,2403,Argentina,ARG,2011,12704.2831819684,76.1,9.449694474010553,9.449694474010553
2335,2404,Armenia,ARM,2011,3349.55309771906,73.8170731707317,8.1165822122541,8.1165822122541
2336,2405,American Samoa,ASM,2011,10383.459331451,72.662,9.24796937012404,9.247969370124041
2337,2406,Antigua and Barbuda,ATG,2011,14911.7275084471,77.023,9.609903263451486,9.609903263451486
2338,2407,Australia,AUS,2011,62799.3895017032,81.8951219512195,11.04770063109858,11.047700631098579
2339,2408,Austria,AUT,2011,51116.8953522042,80.9829268292683,10.841870354660257,10.841870354660255
2340,2409,Azerbaijan,AZE,2011,7189.81869211976,70.565,8.880421233723956,8.880421233723956
2341,2410,Burundi,BDI,2011,230.069761381132,57.804,5.438382573286657,5.438382573286657
2342,2411,Belgium,BEL,2011,47760.8298776546,80.5853658536585,10.773961123913317,10.773961123913315
2343,2412,Benin,BEN,2011,1059.41358852588,58.462,6.965470815652557,6.965470815652557
2344,2413,Burkina Faso,BFA,2011,725.024767725475,57.001,6.58620581665112,6.58620581665112
2345,2414,Bangladesh,BGD,2011,837.336944695647,68.499,6.730226551843378,6.730226551843378
2346,2415,Bulgaria,BGR,2011,7849.58061302818,74.1634146341463,8.96821538425733,8.96821538425733
2347,2416,Bahrain,BHR,2011,25032.7867743333,79.141,10.127941715596766,10.127941715596766
2348,2417,"Bahamas, The",BHS,2011,27090.8376801379,73.571,10.206950856717633,10.206950856717633
2349,2418,Bosnia and Herzegovina,BIH,2011,4982.69375768263,76.963,8.513725938974122,8.513725938974122
2350,2419,Belarus,BLR,2011,6527.6593428786,70.5536585365854,8.783803711286998,8.783803711286998
2351,2420,Belize,BLZ,2011,5596.05222152289,70.975,8.629816667679444,8.629816667679444
2352,2421,Bermuda,BMU,2011,99049.0169927667,79.651,11.503370127723755,11.503370127723757
2353,2422,Bolivia,BOL,2011,2315.52121930607,66.282,7.747390089906487,7.747390089906487
2354,2423,Brazil,BRA,2011,13396.6263158041,74.047,9.502758186762945,9.502758186762945
2355,2424,Barbados,BRB,2011,20508.1498810382,75.599,9.928577641294977,9.928577641294975
2356,2425,Brunei Darussalam,BRN,2011,46382.8274255349,74.835,10.744684571123353,10.744684571123353
2357,2426,Bhutan,BTN,2011,2787.97967608562,69.28,7.933072482071068,7.933072482071068
2358,2427,Botswana,BWA,2011,7287.38295334919,59.715,8.893899769239773,8.893899769239773
2359,2428,Central African Republic,CAF,2011,534.057281471636,50.107,6.2805031018807975,6.2805031018807975
2360,2429,Canada,CAN,2011,52223.8588398531,81.4826829268293,10.8632947353455,10.8632947353455
2361,2430,Central Europe and the Baltics,CEB,2011,13997.3000771488,75.8884748834282,9.5466197383669,9.5466197383669
2362,2431,Switzerland,CHE,2011,90476.7589651577,82.6951219512195,11.412848289692617,11.412848289692617
2363,2432,Channel Islands,CHI,2011,60415.2632075658,81.4,11.008997054111122,11.008997054111122
2364,2433,Chile,CHL,2011,14487.3927832032,79.236,9.58103408697891,9.58103408697891
2365,2434,China,CHN,2011,5703.76027973346,75.889,8.64888093451629,8.64888093451629
2366,2435,Cote d'Ivoire,CIV,2011,1596.62826565998,55.972,7.3756493507127505,7.3756493507127505
2367,2436,Cameroon,CMR,2011,1513.96056994878,57.482,7.322484390031291,7.322484390031291
2368,2437,"Congo, Dem. Rep.",COD,2011,372.514273875789,56.911,5.92027535621509,5.92027535621509
2369,2438,"Congo, Rep.",COG,2011,3396.16505817952,62.286,8.130402149954334,8.130402149954334
2370,2439,Colombia,COL,2011,7400.9940695669,75.18,8.90936960389555,8.90936960389555
2371,2440,Comoros,COM,2011,1531.43789372951,63.105,7.333962372874326,7.333962372874326
2372,2441,Cabo Verde,CPV,2011,4002.01386888785,72.913,8.294552980626891,8.294552980626891
2373,2442,Costa Rica,CRI,2011,9276.39107511347,79.624,9.1352278573739,9.135227857373899
2374,2443,Caribbean small states,CSS,2011,13526.9467562,71.266093287793,9.512439030968489,9.512439030968489
2375,2444,Cuba,CUB,2011,6104.46105236166,78.051,8.716775102936483,8.716775102936483
2376,2445,Curacao,CUW,2011,19426.3264002202,75.576,9.87438445605628,9.87438445605628
2377,2446,Cayman Islands,CYM,2011,75280.9617699986,76.562,11.228982550080923,11.228982550080925
2378,2447,Cyprus,CYP,2011,32485.798828125,80.855,10.388558313688751,10.388558313688751
2379,2448,Czechia,CZE,2011,22049.1080788682,77.8731707317073,10.00102743011892,10.00102743011892
2380,2449,Germany,DEU,2011,47630.9761883572,80.4365853658537,10.771238588826478,10.771238588826478
2381,2450,Djibouti,DJI,2011,1306.34552844977,61.337,7.174988844866695,7.174988844866695
2382,2451,Dominica,DMA,2011,7705.40717248319,71.517,8.949677591586145,8.949677591586145
2383,2452,Denmark,DNK,2011,61809.737898222,79.8,11.03181620220139,11.03181620220139
2384,2453,Dominican Republic,DOM,2011,5826.51014109195,72.496,8.670173496523594,8.670173496523594
2385,2454,Algeria,DZA,2011,5916.31364364343,74.383,8.685468838592291,8.685468838592291
2386,2455,East Asia & Pacific (excluding high income),EAP,2011,4913.89394942906,73.9857453156401,8.499821971535477,8.499821971535477
2387,2456,Early-demographic dividend,EAR,2011,3262.90999134968,68.2600380693651,8.09037471158205,8.09037471158205
2388,2457,East Asia & Pacific,EAS,2011,8955.74869819951,74.8252830592191,9.100050917722411,9.100050917722411
2389,2458,Europe & Central Asia (excluding high income),ECA,2011,6785.87680428259,72.1509502224104,8.822598790785422,8.822598790785422
2390,2459,Europe & Central Asia,ECS,2011,26239.3600613076,76.4793686081824,10.17501585485315,10.17501585485315
2391,2460,Ecuador,ECU,2011,5153.6916424375,75.179,8.547468560636602,8.547468560636602
2392,2461,"Egypt, Arab Rep.",EGY,2011,2590.64384891965,69.232,7.859661714116598,7.859661714116598
2393,2462,Euro area,EMU,2011,40569.5862836129,81.1826341807676,10.610773958554534,10.610773958554534
2394,2463,Eritrea,ERI,2011,688.68165957684,64.231,6.534779131699235,6.534779131699235
2395,2464,Spain,ESP,2011,31824.6219134777,82.4756097560976,10.367995543181516,10.367995543181516
2396,2465,Estonia,EST,2011,17555.5455239426,76.2292682926829,9.77312516325173,9.77312516325173
2397,2466,Ethiopia,ETH,2011,343.024942351887,60.595,5.837803162749173,5.837803162749173
2398,2467,European Union,EUU,2011,35963.3147849808,80.1439505204152,10.49025466411982,10.49025466411982
2399,2468,Fragile and conflict affected situations,FCS,2011,2053.715805371,59.6276355887061,7.627406019363081,7.627406019363081
2400,2469,Finland,FIN,2011,51060.3242589767,80.4707317073171,10.840763041323228,10.840763041323228
2401,2470,Fiji,FJI,2011,4139.60288609702,66.88,8.328355140986021,8.328355140986021
2402,2471,France,FRA,2011,43929.7840873812,82.1146341463415,10.690347822033576,10.690347822033576
2403,2472,Faroe Islands,FRO,2011,51618.9907766392,80.8518097560976,10.85164492206713,10.85164492206713
2404,2473,"Micronesia, Fed. Sts.",FSM,2011,2848.70077003105,64.969,7.954618299157759,7.954618299157759
2405,2474,Gabon,GAB,2011,10219.1139339454,65.102,9.232015160776536,9.232015160776537
2406,2475,United Kingdom,GBR,2011,42295.9273835322,80.9512195121951,10.652446081050094,10.652446081050094
2407,2476,Georgia,GEO,2011,4119.66818307193,72.485,8.323527901010868,8.323527901010868
2408,2477,Ghana,GHA,2011,1507.43573198753,61.617,7.31816529551182,7.31816529551182
2409,2479,Guinea,GIN,2011,636.694958747648,56.778,6.456290669208766,6.456290669208766
2410,2480,"Gambia, The",GMB,2011,710.608411468152,61.561,6.5661215206518975,6.5661215206518975
2411,2481,Guinea-Bissau,GNB,2011,719.539573498937,57.663,6.578611526203278,6.578611526203278
2412,2482,Equatorial Guinea,GNQ,2011,17198.2136668275,58.827,9.75256080082828,9.75256080082828
2413,2483,Greece,GRC,2011,25504.7866510124,80.7317073170732,10.146621425335267,10.146621425335269
2414,2484,Grenada,GRD,2011,6947.38136096464,74.861,8.846120084963426,8.846120084963426
2415,2485,Greenland,GRL,2011,47186.8759969388,69.6146341463415,10.761871081998011,10.761871081998011
2416,2486,Guatemala,GTM,2011,3168.98370607705,70.321,8.061166218016941,8.061166218016941
2417,2487,Guam,GUM,2011,29926.2052442913,76.153,10.306489805113594,10.306489805113594
2418,2488,Guyana,GUY,2011,4947.22170589917,66.469,8.506581426455384,8.506581426455384
2419,2489,High income,HIC,2011,38785.8817355705,78.9211245701351,10.565811586599022,10.565811586599022
2420,2490,"Hong Kong SAR, China",HKG,2011,35142.4879344543,83.4119512195122,10.467166159873836,10.467166159873837
2421,2491,Honduras,HND,2011,2073.66121088074,70.116,7.637071024858434,7.637071024858434
2422,2492,Heavily indebted poor countries (HIPC),HPC,2011,873.222093086024,59.2302011045875,6.772189925645254,6.772189925645254
2423,2493,Croatia,HRV,2011,14691.558296292,76.7756097560976,9.59502834225484,9.59502834225484
2424,2494,Haiti,HTI,2011,1312.03953552013,61.581,7.179338102830608,7.179338102830608
2425,2495,Hungary,HUN,2011,14211.460557822,74.8585365853659,9.561803999610945,9.561803999610943
2426,2496,IBRD only,IBD,2011,5342.86138124845,71.8270333930904,8.583516627628791,8.583516627628791
2427,2497,IDA & IBRD total,IBT,2011,4324.06826881192,69.2348980453297,8.371951966981346,8.371951966981346
2428,2498,IDA total,IDA,2011,1224.50986155293,61.3486306453767,7.11029592989424,7.11029592989424
2429,2499,IDA blend,IDB,2011,1705.64443688917,59.364406133511,7.441698287155338,7.441698287155338
2430,2500,Indonesia,IDN,2011,3579.46442466152,68.629,8.182968466153389,8.182968466153389
2431,2501,IDA only,IDX,2011,961.368579226082,62.4338392527852,6.868357872614655,6.868357872614655
2432,2502,Isle of Man,IMN,2011,77808.8579649376,79.836,11.262010559275884,11.262010559275884
2433,2503,India,IND,2011,1445.46127486037,67.623,7.276183770962893,7.276183770962893
2434,2505,Ireland,IRL,2011,52613.8540355689,80.7463414634146,10.870734748752772,10.870734748752772
2435,2506,"Iran, Islamic Rep.",IRN,2011,8025.68743364356,74.721,8.990402605842695,8.990402605842695
2436,2507,Iraq,IRQ,2011,5775.54229080293,68.435,8.661387434150706,8.661387434150706
2437,2508,Iceland,ISL,2011,48254.953927254,82.3585365853659,10.784253773564156,10.784253773564156
2438,2509,Israel,ISR,2011,34522.5215979073,81.6560975609756,10.449367189977597,10.449367189977597
2439,2510,Italy,ITA,2011,38432.3742820019,82.1878048780488,10.556655463643745,10.556655463643745
2440,2511,Jamaica,JAM,2011,5232.63644918132,72.245,8.56267053122455,8.56267053122455
2441,2512,Jordan,JOR,2011,3946.85503855525,73.929,8.28067434799454,8.28067434799454
2442,2513,Japan,JPN,2011,48760.0789494211,82.5912195121951,10.79466720273707,10.79466720273707
2443,2514,Kazakhstan,KAZ,2011,11287.1464926039,69.108,9.331419878750102,9.331419878750102
2444,2515,Kenya,KEN,2011,1096.14499807675,61.283,6.999554756272699,6.999554756272699
2445,2516,Kyrgyz Republic,KGZ,2011,1117.40174350185,69.6024390243903,7.018761397344083,7.018761397344083
2446,2517,Cambodia,KHM,2011,1088.98152823081,67.869,6.992998160650268,6.992998160650268
2447,2518,Kiribati,KIR,2011,1771.12926848792,65.896,7.479372626924776,7.479372626924776
2448,2519,St. Kitts and Nevis,KNA,2011,17832.4572919975,71.4,9.78877551919615,9.78877551919615
2449,2520,"Korea, Rep.",KOR,2011,26175.2398553363,80.5682926829269,10.172569199224403,10.172569199224405
2450,2521,Kuwait,KWT,2011,49169.6063813095,78.052243902439,10.803030955112796,10.803030955112797
2451,2522,Latin America & Caribbean (excluding high income),LAC,2011,9979.9897262503,73.6885627028693,9.208337339871145,9.208337339871143
2452,2523,Lao PDR,LAO,2011,1361.54704394913,64.505,7.21637686454598,7.21637686454598
2453,2524,Lebanon,LBN,2011,7834.96257108993,77.768,8.966351377636391,8.966351377636391
2454,2525,Liberia,LBR,2011,568.087865520004,59.486,6.34227609957436,6.3422760995743594
2455,2526,Libya,LBY,2011,7593.8391525702,69.95,8.9350925597102,8.9350925597102
2456,2527,St. Lucia,LCA,2011,9128.99442011613,72.962,9.119210827338708,9.119210827338707
2457,2528,Latin America & Caribbean,LCN,2011,10334.20548878,73.9248923022491,9.243214593377514,9.243214593377514
2458,2529,Least developed countries: UN classification,LDC,2011,925.130488690388,61.5005516851242,6.829934796417623,6.829934796417623
2459,2530,Low income,LIC,2011,869.718827485855,59.8653025517524,6.768169972614653,6.768169972614653
2460,2531,Liechtenstein,LIE,2011,158066.369379163,81.7926829268293,11.97077028317066,11.97077028317066
2461,2532,Sri Lanka,LKA,2011,3224.95745150496,74.74,8.078675035811045,8.078675035811045
2462,2533,Lower middle income,LMC,2011,1636.38338498875,65.9915065219331,7.400243832611342,7.400243832611342
2463,2534,Low & middle income,LMY,2011,3942.65348704731,69.2434781142801,8.2796092494801,8.2796092494801
2464,2535,Lesotho,LSO,2011,1280.73390931581,46.93,7.155188559254785,7.155188559254785
2465,2536,Late-demographic dividend,LTE,2011,7598.75722812692,74.9999962879426,8.935739990288264,8.935739990288264
2466,2537,Lithuania,LTU,2011,14261.8433787325,73.5634146341464,9.565342954809571,9.565342954809571
2467,2538,Luxembourg,LUX,2011,119025.057203467,80.9878048780488,11.68708931466304,11.68708931466304
2468,2539,Latvia,LVA,2011,12902.574053337,73.5756097560976,9.465182109462871,9.465182109462873
2469,2540,"Macao SAR, China",MAC,2011,67046.7284292101,82.4707317073171,11.11314509451732,11.113145094517321
2470,2541,St. Martin (French part),MAF,2011,20930.5821177758,79.016,9.948966627656043,9.948966627656043
2471,2542,Morocco,MAR,2011,3301.98876953125,71.263,8.10228022336322,8.10228022336322
2472,2543,Monaco,MCO,2011,179363.984221513,85.01,12.097172451604726,12.097172451604726
2473,2544,Moldova,MDA,2011,2941.36224066021,70.173,7.986628100183914,7.986628100183914
2474,2545,Madagascar,MDG,2011,506.163691559309,62.86,6.226860118077619,6.226860118077619
2475,2546,Maldives,MDV,2011,7424.520410971,77.141,8.912543370469788,8.912543370469788
2476,2547,"Middle East, North Africa, Afghanistan & Pakistan",MEA,2011,5731.46333788345,69.3940300698411,8.653726158933969,8.653726158933969
2477,2548,Mexico,MEX,2011,10664.4944032313,73.921,9.274675222677272,9.274675222677272
2478,2549,Marshall Islands,MHL,2011,3319.39815439151,64.641,8.10753876667981,8.10753876667981
2479,2550,Middle income,MIC,2011,4205.16300649743,70.0417625323479,8.344068336577807,8.344068336577807
2480,2551,North Macedonia,MKD,2011,5416.86672931659,75.1,8.59727283305077,8.59727283305077
2481,2552,Mali,MLI,2011,938.292902583696,56.367,6.844062163144723,6.844062163144723
2482,2553,Malta,MLT,2011,23516.9691234302,80.7463414634146,10.065477529909174,10.065477529909174
2483,2554,Myanmar,MMR,2011,1213.62898703376,63.859,7.10137031291203,7.10137031291203
2484,2555,"Middle East, North Africa, Afghanistan & Pakistan (excluding high income)",MNA,2011,3232.55085445141,68.6624095113408,8.08102684275781,8.08102684275781
2485,2556,Montenegro,MNE,2011,7265.51668681954,76.0829268292683,8.890894693478165,8.890894693478165
2486,2557,Mongolia,MNG,2011,3736.04201455077,69.109268292683,8.225782045150266,8.225782045150266
2487,2558,Northern Mariana Islands,MNP,2011,13598.7166094613,77.688,9.517730700319929,9.517730700319927
2488,2559,Mozambique,MOZ,2011,618.17649286789,55.733,6.426774003850309,6.426774003850309
2489,2560,Mauritania,MRT,2011,1931.19975525465,65.754,7.565896723610994,7.565896723610994
2490,2561,Mauritius,MUS,2011,9324.24232310496,73.2668292682927,9.140372988996932,9.140372988996932
2491,2562,Malawi,MWI,2011,763.061000394572,58.859,6.637337976181271,6.637337976181271
2492,2563,Malaysia,MYS,2011,10217.1068585031,75.488,9.231818737429077,9.231818737429077
2493,2564,North America,NAC,2011,50251.9815319984,78.9234323511493,10.824805258616449,10.824805258616449
2494,2565,Namibia,NAM,2011,5834.7917675794,56.647,8.671593857293704,8.671593857293704
2495,2566,New Caledonia,NCL,2011,38835.9401851385,76.315,10.56710139029775,10.56710139029775
2496,2567,Niger,NER,2011,510.75956176268,57.6,6.235898954545853,6.235898954545853
2497,2568,Nigeria,NGA,2011,2418.41316975875,51.49,7.79086688909992,7.79086688909992
2498,2569,Nicaragua,NIC,2011,1679.71192084633,72.033,7.426377582006959,7.4263775820069595
2499,2570,Netherlands,NLD,2011,54701.7728030611,81.2048780487805,10.909651397447254,10.909651397447254
2500,2571,Norway,NOR,2011,101221.813476644,81.2951219512195,11.525069560796512,11.525069560796512
2501,2572,Nepal,NPL,2011,785.518656222132,67.123,6.666344208173824,6.6663442081738244
2502,2573,Nauru,NRU,2011,6444.03642094634,60.287,8.770910396196836,8.770910396196836
2503,2574,New Zealand,NZL,2011,38431.7766788499,81.1560975609756,10.55663991405022,10.556639914050221
2504,2575,OECD members,OED,2011,37631.4111773315,79.2685938676768,10.53559438427501,10.53559438427501
2505,2576,Oman,OMN,2011,25188.0074151885,77.74,10.13412326400229,10.13412326400229
2506,2577,Other small states,OSS,2011,11469.9518928722,69.9373436903887,9.347486015944805,9.347486015944805
2507,2578,Pakistan,PAK,2011,1131.73513834324,64.659,7.031507254657717,7.031507254657717
2508,2579,Panama,PAN,2011,9662.29590911979,76.659,9.17598657071864,9.175986570718639
2509,2580,Peru,PER,2011,5861.35793645245,73.327,8.676136585495906,8.676136585495906
2510,2581,Philippines,PHL,2011,2383.91892522087,69.096,7.776501019729808,7.776501019729808
2511,2582,Palau,PLW,2011,10993.6038613491,68.638,9.30506891551284,9.305068915512841
2512,2583,Papua New Guinea,PNG,2011,2288.37591141234,63.382,7.735597635950376,7.735597635950376
2513,2584,Poland,POL,2011,13867.6669408192,76.6951219512195,9.53731529013486,9.53731529013486
2514,2585,Pre-demographic dividend,PRE,2011,1596.90914437848,57.3119604713827,7.375825255161743,7.375825255161743
2515,2586,Puerto Rico (US),PRI,2011,27170.0766543278,78.766,10.209871523701942,10.209871523701942
2516,2588,Portugal,PRT,2011,23246.5425416481,80.4707317073171,10.053911692071283,10.053911692071285
2517,2589,Paraguay,PRY,2011,5805.40154542925,72.787,8.666544064078929,8.666544064078929
2518,2590,West Bank and Gaza,PSE,2011,2880.79843707909,73.557,7.965822769804349,7.965822769804349
2519,2591,Pacific island small states,PSS,2011,3339.33261214487,68.0222810195532,8.113526249281632,8.113526249281632
2520,2592,Post-demographic dividend,PST,2011,42635.8220864603,79.9443824717696,10.6604500729525,10.6604500729525
2521,2593,French Polynesia,PYF,2011,22831.5185348524,81.434,10.035897252198044,10.035897252198044
2522,2594,Qatar,QAT,2011,103261.510293068,79.994,11.545019984445874,11.545019984445874
2523,2595,Romania,ROU,2011,9560.6755277458,74.409756097561,9.165413665447108,9.165413665447108
2524,2596,Russian Federation,RUS,2011,14305.33203125,69.6839024390244,9.568387616067692,9.568387616067692
2525,2597,Rwanda,RWA,2011,651.133677964662,63.476,6.478714963624325,6.478714963624325
2526,2598,South Asia,SAS,2011,1397.00682550999,67.8108394834024,7.242087245078949,7.242087245078949
2527,2599,Saudi Arabia,SAU,2011,27126.7498747702,75.808,10.208275600274249,10.208275600274249
2528,2600,Sudan,SDN,2011,1332.6572265625,63.181,7.194930142747212,7.194930142747212
2529,2601,Senegal,SEN,2011,1374.67591873844,64.799,7.225973286857178,7.225973286857178
2530,2602,Singapore,SGP,2011,53891.4570264372,81.7439024390244,10.894727247608571,10.894727247608573
2531,2603,Solomon Islands,SLB,2011,1924.05795643133,68.824,7.562191753657274,7.562191753657274
2532,2604,Sierra Leone,SLE,2011,761.146365577281,52.594,6.634825672583899,6.634825672583899
2533,2605,El Salvador,SLV,2011,3330.60049486653,71.192,8.110907895505955,8.110907895505955
2534,2606,San Marino,SMR,2011,55601.3929703047,83.713,10.925963533347588,10.925963533347588
2535,2607,"Somalia, Fed. Rep.",SOM,2011,235.325945610434,32.453,5.460971555742151,5.460971555742151
2536,2608,Serbia,SRB,2011,7082.2861666075,74.5365853658537,8.865352039453267,8.865352039453267
2537,2609,Sub-Saharan Africa (excluding high income),SSA,2011,1958.08105419725,57.1200267509504,7.579720218657166,7.579720218657166
2538,2610,South Sudan,SSD,2011,1448.98435006408,57.674,7.2786181417544755,7.2786181417544755
2539,2611,Sub-Saharan Africa,SSF,2011,1795.43814856316,57.4735321042472,7.493004365043362,7.493004365043362
2540,2612,Small states,SST,2011,10893.6298369854,70.0014375655617,9.295933478752913,9.295933478752913
2541,2613,Sao Tome and Principe,STP,2011,1219.80189089671,64.122,7.106443740030617,7.106443740030617
2542,2614,Suriname,SUR,2011,7949.88867218383,69.82,8.980913204051438,8.980913204051438
2543,2615,Slovak Republic,SVK,2011,18469.4354316836,75.9585365853659,9.823872505952078,9.823872505952078
2544,2616,Slovenia,SVN,2011,24940.6284841605,79.9707317073171,10.124253418762567,10.124253418762567
2545,2617,Sweden,SWE,2011,60379.4814599322,81.8024390243903,11.008404615279805,11.008404615279803
2546,2618,Eswatini,SWZ,2011,4225.06049411911,49.057,8.348788857823472,8.348788857823472
2547,2619,Sint Maarten (Dutch part),SXM,2011,27317.5178881974,74.868,10.215283456270251,10.215283456270251
2548,2620,Seychelles,SYC,2011,12110.0937461973,72.7243902439024,9.401794577739082,9.401794577739082
2549,2621,Syrian Arab Republic,SYR,2011,2952.14349372257,72.259,7.9902867935235955,7.9902867935235955
2550,2622,Turks and Caicos Islands,TCA,2011,27327.4006354146,76.87,10.21564516409568,10.215645164095681
2551,2623,Chad,TCD,2011,1308.1421872538,50.426,7.17636323196062,7.17636323196062
2552,2624,East Asia & Pacific (IDA & IBRD countries),TEA,2011,4970.50535493565,74.0266932049917,8.511276794995077,8.511276794995077
2553,2625,Europe & Central Asia (IDA & IBRD countries),TEC,2011,10028.6545563598,71.9266644042886,9.21320173001994,9.213201730019941
2554,2626,Togo,TGO,2011,783.988944671672,57.624,6.664394919066893,6.664394919066893
2555,2627,Thailand,THA,2011,5373.6232832898,75.302,8.589257686846684,8.589257686846684
2556,2628,Tajikistan,TJK,2011,833.601978202852,68.698,6.725756044080322,6.725756044080322
2557,2629,Turkmenistan,TKM,2011,5143.61929334647,68.87,8.545512253331482,8.545512253331482
2558,2630,Latin America & the Caribbean (IDA & IBRD countries),TLA,2011,10277.6079254264,73.8112572375492,9.23772281985301,9.23772281985301
2559,2631,Timor-Leste,TLS,2011,939.045238884406,64.022,6.844863655773426,6.844863655773426
2560,2632,"Middle East, North Africa, Afghanistan & Pakistan (IDA & IBRD)",TMN,2011,3234.88259884042,68.6299635824863,8.081747915346151,8.081747915346151
2561,2633,Tonga,TON,2011,3849.99375750134,71.437,8.255826805852292,8.255826805852292
2562,2634,South Asia (IDA & IBRD),TSA,2011,1397.00682550999,67.8108394834024,7.242087245078949,7.242087245078949
2563,2635,Sub-Saharan Africa (IDA & IBRD countries),TSS,2011,1795.43814856316,57.4735321042472,7.493004365043362,7.493004365043362
2564,2636,Trinidad and Tobago,TTO,2011,19151.0870229722,72.232,9.86011475659948,9.860114756599481
2565,2637,Tunisia,TUN,2011,4420.64772206537,74.471,8.394041507789005,8.394041507789005
2566,2638,Turkiye,TUR,2011,11373.6355760885,74.823,9.339053287269795,9.339053287269795
2567,2639,Tuvalu,TUV,2011,3636.08139989792,64.96,8.19866184225743,8.19866184225743
2568,2640,Tanzania,TZA,2011,775.392761230469,61.618,6.653369689663808,6.653369689663808
2569,2641,Uganda,UGA,2011,835.620060555838,60.791,6.728174036761206,6.728174036761206
2570,2642,Ukraine,UKR,2011,3656.69799804688,70.711,8.204315832854398,8.204315832854398
2571,2643,Upper middle income,UMC,2011,6773.01375512825,74.090553966773,8.820701430089594,8.820701430089594
2572,2644,Uruguay,URY,2011,15132.2675725587,76.614,9.6245846681606,9.624584668160601
2573,2645,United States,USA,2011,50024.868799398,78.6414634146341,10.820275536747806,10.820275536747806
2574,2646,Uzbekistan,UZB,2011,2087.86386135694,70.143,7.643896746377335,7.643896746377335
2575,2647,St. Vincent and the Grenadines,VCT,2011,6527.68996854448,70.609,8.783808402952483,8.783808402952483
2576,2648,"Venezuela, RB",VEN,2011,10843.9229703167,73.09,9.291360107155176,9.291360107155176
2577,2650,Virgin Islands (U.S.),VIR,2011,38997.1373164651,78.3170731707317,10.571243520275791,10.571243520275793
2578,2651,Viet Nam,VNM,2011,1950.92504174913,73.713,7.576058919459159,7.576058919459159
2579,2652,Vanuatu,VUT,2011,3163.1861645138,69.729,8.059335078517623,8.059335078517623
2580,2653,World,WLD,2011,10485.1771943036,70.9680197134964,9.25771784298374,9.257717842983741
2581,2654,Samoa,WSM,2011,3821.50678264479,71.393,8.248400069545891,8.248400069545891
2582,2655,Kosovo,XKX,2011,3538.94759838576,75.323,8.171584673337213,8.171584673337213
2583,2656,"Yemen, Rep.",YEM,2011,1186.47500581215,67.412,7.078742010177453,7.078742010177453
2584,2657,South Africa,ZAF,2011,8646.05571071635,60.602,9.064858508731724,9.064858508731724
2585,2658,Zambia,ZMB,2011,1624.86817763443,57.843,7.393181970017579,7.393181970017579
2586,2659,Zimbabwe,ZWE,2011,1037.77565157218,53.911,6.94483490507832,6.94483490507832
2587,2660,Aruba,ABW,2012,25119.6655449838,74.841,10.131406306201454,10.131406306201454
2588,2661,Africa Eastern and Southern,AFE,2012,1732.03802145335,60.2495123598467,7.457054041221703,7.457054041221703
2589,2662,Afghanistan,AFG,2012,651.417134470046,61.735,6.479150196564419,6.479150196564419
2590,2663,Africa Western and Central,AFW,2012,1941.11824321812,55.2929453627,7.571019500024576,7.571019500024576
2591,2664,Angola,AGO,2012,5702.45306277434,58.916,8.648651723133758,8.648651723133758
2592,2665,Albania,ALB,2012,4280.93316338873,78.084,8.361926293640154,8.361926293640154
2593,2666,Andorra,AND,2012,41500.5499988288,84.334,10.633461959114795,10.633461959114797
2594,2667,Arab World,ARB,2012,7384.10682814613,69.842316602094,8.907085243595116,8.907085243595116
2595,2668,United Arab Emirates,ARE,2012,53141.6124340099,81.913,10.880715561984998,10.880715561984998
2596,2669,Argentina,ARG,2012,12949.717486654,75.802,9.468829251187325,9.468829251187325
2597,2670,Armenia,ARM,2012,3511.56399687426,74.119512195122,8.163816800372278,8.163816800372278
2598,2671,American Samoa,ASM,2012,11745.4899153958,72.709,9.37122460890044,9.371224608900441
2599,2672,Antigua and Barbuda,ATG,2012,15639.8078114787,77.1,9.657574725755175,9.657574725755175
2600,2673,Australia,AUS,2012,68301.4402512587,82.0463414634146,11.131686132470646,11.131686132470646
2601,2674,Austria,AUT,2012,48250.4059142637,80.9365853658537,10.7841595194626,10.7841595194626
2602,2675,Azerbaijan,AZE,2012,7495.86527658099,71.08,8.922106851048769,8.922106851048769
2603,2676,Burundi,BDI,2012,231.098787811507,58.501,5.442845271968037,5.442845271968037
2604,2677,Belgium,BEL,2012,44874.1709182123,80.3853658536585,10.711617650259736,10.711617650259736
2605,2678,Benin,BEN,2012,1071.5258366283,58.559,6.976838927201836,6.976838927201836
2606,2679,Burkina Faso,BFA,2012,731.470138867833,57.457,6.595056397846815,6.595056397846815
2607,2680,Bangladesh,BGD,2012,859.680536375497,68.989,6.756560850904913,6.756560850904913
2608,2681,Bulgaria,BGR,2012,7431.95789508871,74.3146341463415,8.913544615123577,8.913544615123577
2609,2682,Bahrain,BHR,2012,26438.6733230428,79.622,10.182583115817264,10.182583115817264
2610,2683,"Bahamas, The",BHS,2012,28552.0242683151,73.707,10.259483115138645,10.259483115138643
2611,2684,Bosnia and Herzegovina,BIH,2012,4693.78899115381,77.037,8.453995422514705,8.453995422514705
2612,2685,Belarus,BLR,2012,6953.21591683101,71.9658536585366,8.846959553382286,8.846959553382286
2613,2686,Belize,BLZ,2012,5732.66519942347,71.134,8.653935832358428,8.653935832358428
2614,2687,Bermuda,BMU,2012,100213.493385287,79.847,11.51505812309027,11.51505812309027
2615,2688,Bolivia,BOL,2012,2575.59857098084,66.586,7.853837240834258,7.853837240834258
2616,2689,Brazil,BRA,2012,12521.7238454434,74.335,9.435220322511793,9.435220322511793
2617,2690,Barbados,BRB,2012,20804.1150004694,75.737,9.942906082683368,9.942906082683367
2618,2691,Brunei Darussalam,BRN,2012,46968.5971164922,74.843,10.757234510925263,10.757234510925263
2619,2692,Bhutan,BTN,2012,2751.2128864294,69.759,7.919797143037517,7.919797143037517
2620,2693,Botswana,BWA,2012,6595.53845015424,60.384,8.79414870702776,8.79414870702776
2621,2694,Central African Republic,CAF,2012,544.395849142785,51.336,6.299676646102367,6.299676646102367
2622,2695,Canada,CAN,2012,52670.3447335415,81.6636585365854,10.871807857615336,10.871807857615337
2623,2696,Central Europe and the Baltics,CEB,2012,13104.066588243,76.0033944660035,9.480677887600317,9.480677887600315
2624,2697,Switzerland,CHE,2012,85836.2076767359,82.6975609756098,11.360196197353076,11.360196197353076
2625,2698,Channel Islands,CHI,2012,58809.5698945413,81.3,10.98205987395236,10.98205987395236
2626,2699,Chile,CHL,2012,15241.9069981119,79.221,9.631803952522098,9.631803952522098
2627,2700,China,CHN,2012,6405.0574241349,76.2,8.764843179807412,8.764843179807412
2628,2701,Cote d'Ivoire,CIV,2012,1546.9460184731,56.57,7.344037955635286,7.344037955635286
2629,2702,Cameroon,CMR,2012,1449.09874362279,58.17,7.27869708604632,7.27869708604632
2630,2703,"Congo, Dem. Rep.",COD,2012,409.931424783784,57.35,6.015989889084487,6.015989889084487
2631,2704,"Congo, Rep.",COG,2012,3732.32737320389,62.662,8.22478727869983,8.22478727869983
2632,2705,Colombia,COL,2012,8108.59838244229,75.611,9.00068030633393,9.00068030633393
2633,2706,Comoros,COM,2012,1490.31511351281,63.463,7.306742862158649,7.306742862158649
2634,2707,Cabo Verde,CPV,2012,3736.81517011087,73.315,8.225988968832535,8.225988968832535
2635,2708,Costa Rica,CRI,2012,10126.9991024177,79.925,9.222960314699684,9.222960314699685
2636,2709,Caribbean small states,CSS,2012,14290.6349320103,71.4019143290264,9.567359701847993,9.567359701847993
2637,2710,Cuba,CUB,2012,6470.83673392653,78.162,8.77506070431501,8.77506070431501
2638,2711,Curacao,CUW,2012,19809.8223170482,75.96,9.893933170295895,9.893933170295895
2639,2712,Cayman Islands,CYM,2012,75101.5906883232,77.121,11.226597018464307,11.226597018464307
2640,2713,Cyprus,CYP,2012,28991.935546875,81.128,10.274772985705404,10.274772985705404
2641,2714,Czechia,CZE,2012,20014.0354015165,78.0756097560976,9.904189076486476,9.904189076486476
2642,2715,Germany,DEU,2012,44718.0159214069,80.5390243902439,10.708131740149913,10.708131740149913
2643,2716,Djibouti,DJI,2012,1400.19357858954,61.719,7.244365776465976,7.244365776465976
2644,2717,Dominica,DMA,2012,7528.51001990155,71.391,8.926452428691555,8.926452428691555
2645,2718,Denmark,DNK,2012,58443.7747103968,80.0512195121951,10.975820454990158,10.975820454990158
2646,2719,Dominican Republic,DOM,2012,6013.81965002603,72.817,8.701815374742651,8.701815374742651
2647,2720,Algeria,DZA,2012,6033.64884689543,74.609,8.70510722228401,8.70510722228401
2648,2721,East Asia & Pacific (excluding high income),EAP,2012,5434.82527120289,74.2597872053228,8.60058265022581,8.60058265022581
2649,2722,Early-demographic dividend,EAR,2012,3359.13086538369,68.6094630284121,8.119437548479373,8.119437548479373
2650,2723,East Asia & Pacific,EAS,2012,9507.12974075371,75.1059726864745,9.15979729513177,9.15979729513177
2651,2724,Europe & Central Asia (excluding high income),ECA,2012,7093.45607745799,72.6735984954506,8.866927958790669,8.866927958790669
2652,2725,Europe & Central Asia,ECS,2012,25164.7626116947,76.6804966674157,10.133199985893354,10.133199985893354
2653,2726,Ecuador,ECU,2012,5634.08393191094,75.486,8.636589845718136,8.636589845718136
2654,2727,"Egypt, Arab Rep.",EGY,2012,2996.0677072015,69.464,8.005055943581185,8.005055943581185
2655,2728,Euro area,EMU,2012,37481.4502473034,81.1827315779388,10.531601429501938,10.531601429501938
2656,2730,Spain,ESP,2012,28456.4438151477,82.4268292682927,10.25612991004686,10.256129910046859
2657,2731,Estonia,EST,2012,17568.2137969714,76.3268292682927,9.773846513917094,9.773846513917094
2658,2732,Ethiopia,ETH,2012,452.101031885754,61.443,6.113905676726077,6.113905676726077
2659,2733,European Union,EUU,2012,33324.7709896821,80.1657773209271,10.414056272995753,10.414056272995753
2660,2734,Fragile and conflict affected situations,FCS,2012,2233.12675819557,60.1008402450513,7.711158016102557,7.711158016102557
2661,2735,Finland,FIN,2012,47551.6740841369,80.6268292682927,10.76957227417055,10.76957227417055
2662,2736,Fiji,FJI,2012,4341.40338748749,65.812,8.375952935996727,8.375952935996727
2663,2737,France,FRA,2012,40863.5814412333,81.9682926829268,10.617994516053528,10.617994516053528
2664,2738,Faroe Islands,FRO,2012,50261.9616267693,81.1060951219512,10.82500383991751,10.82500383991751
2665,2739,"Micronesia, Fed. Sts.",FSM,2012,2992.28916099077,65.08,8.003793979140735,8.003793979140735
2666,2740,Gabon,GAB,2012,9296.96587941088,65.438,9.13744337638468,9.137443376384681
2667,2741,United Kingdom,GBR,2012,42688.3263728372,80.9048780487805,10.66168077478667,10.66168077478667
2668,2742,Georgia,GEO,2012,4530.69533409431,72.672,8.418630702082925,8.418630702082925
2669,2743,Ghana,GHA,2012,1543.77524235764,61.995,7.341986151567393,7.341986151567393
2670,2745,Guinea,GIN,2012,699.353377212197,57.117,6.550156161286645,6.550156161286645
2671,2746,"Gambia, The",GMB,2012,692.579361628102,61.9,6.540422833124257,6.540422833124257
2672,2747,Guinea-Bissau,GNB,2012,635.461653303881,58.27,6.45435174782368,6.45435174782368
2673,2748,Equatorial Guinea,GNQ,2012,17308.5723924575,59.301,9.758957171774226,9.758957171774226
2674,2749,Greece,GRC,2012,21624.346052551,80.6341463414634,9.98157509099837,9.98157509099837
2675,2750,Grenada,GRD,2012,7092.71985352677,74.961,8.866824164232435,8.866824164232435
2676,2751,Greenland,GRL,2012,45936.9562817724,69.959512195122,10.735025219842097,10.735025219842097
2677,2752,Guatemala,GTM,2012,3286.61959336267,70.722,8.097614836319716,8.097614836319716
2678,2753,Guam,GUM,2012,31653.7506538168,76.237,10.36261192462131,10.36261192462131
2679,2754,Guyana,GUY,2012,5444.39751913913,66.443,8.602342380785771,8.602342380785771
2680,2755,High income,HIC,2012,38693.845536167,79.0753405215115,10.563435836298046,10.563435836298046
2681,2756,"Hong Kong SAR, China",HKG,2012,36730.796195815,83.450243902439,10.511370815568016,10.511370815568016
2682,2757,Honduras,HND,2012,2126.03474686503,70.46,7.662013902543044,7.662013902543044
2683,2758,Heavily indebted poor countries (HIPC),HPC,2012,881.192621901094,60.0856015886966,6.781276242107269,6.781276242107269
2684,2759,Croatia,HRV,2012,13507.7805260991,77.1682926829268,9.511021133675737,9.511021133675737
2685,2760,Haiti,HTI,2012,1361.39396587374,62.273,7.216264428709141,7.216264428709141
2686,2761,Hungary,HUN,2012,12950.1594488143,75.0634146341463,9.468863379701636,9.468863379701636
2687,2762,IBRD only,IBD,2012,5617.65268604461,72.1636704451454,8.63366918411638,8.63366918411638
2688,2763,IDA & IBRD total,IBT,2012,4531.17008727409,69.5733260531969,8.418735482535546,8.418735482535546
2689,2764,IDA total,IDA,2012,1263.41124156596,61.7824780361197,7.141570676292641,7.141570676292641
2690,2765,IDA blend,IDB,2012,1844.1586935183,59.6305637403653,7.519778459805344,7.5197784598053445
2691,2766,Indonesia,IDN,2012,3632.27254030331,68.862,8.197613775535693,8.197613775535693
2692,2767,IDA only,IDX,2012,945.581958388053,62.9601696054597,6.851800566930956,6.851800566930956
2693,2768,Isle of Man,IMN,2012,79329.2034347434,80.007,11.281361605085207,11.281361605085209
2694,2769,India,IND,2012,1429.32199520032,68.076,7.264955481588603,7.264955481588603
2695,2771,Ireland,IRL,2012,49335.8408099555,80.8463414634146,10.80640609001531,10.80640609001531
2696,2772,"Iran, Islamic Rep.",IRN,2012,8114.08099831877,75.039,9.001356226255238,9.001356226255238
2697,2773,Iraq,IRQ,2012,6477.59618450955,68.827,8.776104761343317,8.776104761343317
2698,2774,Iceland,ISL,2012,46594.9869146614,82.9170731707317,10.749248237388327,10.749248237388327
2699,2775,Israel,ISR,2012,33321.4300881602,81.7048780487805,10.41395601517248,10.41395601517248
2700,2776,Italy,ITA,2012,34854.3949441965,82.2390243902439,10.458934518544364,10.458934518544364
2701,2777,Jamaica,JAM,2012,5340.83333232158,72.405,8.583136974520835,8.583136974520835
2702,2778,Jordan,JOR,2012,4169.50470054618,74.087,8.33555253089088,8.33555253089088
2703,2779,Japan,JPN,2012,49145.2804308193,83.0960975609756,10.802536097176723,10.802536097176723
2704,2780,Kazakhstan,KAZ,2012,12018.7966527993,69.939,9.394227090997724,9.394227090997724
2705,2781,Kenya,KEN,2012,1285.00536171512,61.537,7.158518169861565,7.158518169861565
2706,2782,Kyrgyz Republic,KGZ,2012,1168.62244675446,70.0024390243902,7.063580938180307,7.063580938180307
2707,2783,Cambodia,KHM,2012,1192.80263041673,68.371,7.084060968693511,7.084060968693511
2708,2784,Kiribati,KIR,2012,1843.55336349889,65.908,7.519450164094895,7.519450164094895
2709,2785,St. Kitts and Nevis,KNA,2012,17532.0559008608,71.362,9.771786250038112,9.771786250038112
2710,2786,"Korea, Rep.",KOR,2012,26600.5477433903,80.819512195122,10.18868708641456,10.188687086414559
2711,2787,Kuwait,KWT,2012,52155.2225833921,78.3950243902439,10.8619796008297,10.861979600829699
2712,2788,Latin America & Caribbean (excluding high income),LAC,2012,9823.2489447351,73.9499064237775,9.192507196399154,9.192507196399154
2713,2789,Lao PDR,LAO,2012,1563.5650771337,65.126,7.354723798758717,7.354723798758717
2714,2790,Lebanon,LBN,2012,8406.98405608118,77.941,9.036818074628346,9.036818074628346
2715,2791,Liberia,LBR,2012,638.368751462083,59.785,6.458916096726574,6.458916096726574
2716,2792,Libya,LBY,2012,14975.8902795144,72.188,9.61419687226922,9.61419687226922
2717,2793,St. Lucia,LCA,2012,9260.30006551714,72.86,9.133491731598705,9.133491731598703
2718,2794,Latin America & Caribbean,LCN,2012,10330.3504679629,74.1643943654901,9.242841488736902,9.242841488736902
2719,2795,Least developed countries: UN classification,LDC,2012,947.489031265643,62.2255421822475,6.853815360388933,6.853815360388933
2720,2796,Low income,LIC,2012,773.887672422173,60.434759060214,6.651426736988376,6.651426736988376
2721,2797,Liechtenstein,LIE,2012,148842.035144342,82.3829268292683,11.910640855736752,11.910640855736752
2722,2798,Sri Lanka,LKA,2012,3327.77613691283,75.187,8.110059533125968,8.110059533125968
2723,2799,Lower middle income,LMC,2012,1701.13738449151,66.3602661185581,7.4390523560312225,7.4390523560312225
2724,2800,Low & middle income,LMY,2012,4133.76162366082,69.5822876390444,8.326943076184596,8.326943076184596
2725,2801,Lesotho,LSO,2012,1217.93071228944,48.235,7.104908560189874,7.104908560189874
2726,2802,Late-demographic dividend,LTE,2012,8073.2094428812,75.2993648872023,8.996306382683061,8.996306382683061
2727,2803,Lithuania,LTU,2012,14288.1853493139,73.8634146341464,9.567188275408531,9.567188275408533
2728,2804,Luxembourg,LUX,2012,112584.676270958,81.3926829268293,11.63146089547068,11.631460895470681
2729,2805,Latvia,LVA,2012,13329.3499931271,73.7780487804878,9.49772364927767,9.49772364927767
2730,2806,"Macao SAR, China",MAC,2012,76058.0224963659,82.4707317073171,11.239251781885336,11.239251781885336
2731,2808,Morocco,MAR,2012,3164.17724609375,71.674,8.059648346943582,8.059648346943582
2732,2809,Monaco,MCO,2012,165444.651378771,85.045,12.01639198510748,12.016391985107479
2733,2810,Moldova,MDA,2012,3044.8084324815,70.344,8.021193266007801,8.021193266007801
2734,2811,Madagascar,MDG,2012,493.511162904211,63.007,6.2015454784844,6.2015454784844
2735,2812,Maldives,MDV,2012,7461.29703686309,77.512,8.917484543616192,8.917484543616192
2736,2813,"Middle East, North Africa, Afghanistan & Pakistan",MEA,2012,6048.09249990772,69.4551250054338,8.707498212039324,8.707498212039324
2737,2814,Mexico,MEX,2012,10744.1335242686,74.128,9.28211516592449,9.28211516592449
2738,2815,Marshall Islands,MHL,2012,3514.26515490383,64.776,8.16458572261741,8.16458572261741
2739,2816,Middle income,MIC,2012,4424.22119652773,70.3718997552264,8.39484954116738,8.39484954116738
2740,2817,North Macedonia,MKD,2012,5049.8265386157,74.9024390243903,8.527109172890501,8.527109172890501
2741,2818,Mali,MLI,2012,872.506092465564,56.696,6.771369636820758,6.771369636820758
2742,2819,Malta,MLT,2012,22878.3130866521,80.7463414634146,10.037944714045397,10.037944714045397
2743,2820,Myanmar,MMR,2012,1202.6658960055,64.251,7.092295951720546,7.092295951720546
2744,2821,"Middle East, North Africa, Afghanistan & Pakistan (excluding high income)",MNA,2012,3412.57302470262,68.6913310388784,8.135221838444512,8.135221838444512
2745,2822,Montenegro,MNE,2012,6552.48071710904,76.3,8.78759899236363,8.78759899236363
2746,2823,Mongolia,MNG,2012,4328.89001905655,69.500243902439,8.37306644149591,8.37306644149591
2747,2824,Northern Mariana Islands,MNP,2012,14013.6003306158,77.566,9.547783589229931,9.547783589229933
2748,2825,Mozambique,MOZ,2012,685.685748199513,56.46,6.5304194297656055,6.5304194297656055
2749,2826,Mauritania,MRT,2012,1859.11733247641,65.808,7.527857101639568,7.527857101639568
2750,2827,Mauritius,MUS,2012,9421.52514098225,73.8634146341464,9.15075225902815,9.15075225902815
2751,2828,Malawi,MWI,2012,558.46208832772,59.87,6.325186734965685,6.325186734965685
2752,2829,Malaysia,MYS,2012,10600.5744240026,75.552,9.268663469575523,9.268663469575523
2753,2830,North America,NAC,2012,51812.8921210048,79.0322253270364,10.855394279926308,10.855394279926307
2754,2831,Namibia,NAM,2012,5942.64680978673,57.733,8.689909903983745,8.689909903983745
2755,2832,New Caledonia,NCL,2012,35559.5672006157,76.615,10.47896451859246,10.478964518592461
2756,2833,Niger,NER,2012,528.510104469655,57.987,6.270061924275405,6.270061924275405
2757,2834,Nigeria,NGA,2012,2633.19734671361,51.688,7.875954107965085,7.875954107965085
2758,2835,Nicaragua,NIC,2012,1784.69836017555,72.435,7.487004694037964,7.487004694037964
2759,2836,Netherlands,NLD,2012,50473.9442002689,81.1048780487805,10.829212525681813,10.829212525681811
2760,2837,Norway,NOR,2012,102175.919298374,81.4512195121951,11.534451305684629,11.534451305684629
2761,2838,Nepal,NPL,2012,788.202937148377,67.364,6.669755591153829,6.669755591153829
2762,2839,Nauru,NRU,2012,9842.77032731856,60.533,9.194492487751225,9.194492487751225
2763,2840,New Zealand,NZL,2012,40053.6991536369,81.4073170731707,10.59797631161796,10.597976311617959
2764,2841,OECD members,OED,2012,37353.4975162109,79.429885982955,10.528181827842475,10.528181827842475
2765,2842,Oman,OMN,2012,24642.2978768596,78.187,10.112219671288631,10.112219671288631
2766,2843,Other small states,OSS,2012,11084.1020617547,70.3920318149408,9.31326711396598,9.313267113965981
2767,2844,Pakistan,PAK,2012,1204.36475491585,64.883,7.093707532575813,7.093707532575813
2768,2845,Panama,PAN,2012,11064.8063662003,76.877,9.311524752666443,9.311524752666443
2769,2846,Peru,PER,2012,6519.37852981527,73.979,8.782534332864701,8.782534332864701
2770,2847,Philippines,PHL,2012,2614.61644401308,69.237,7.868872690411539,7.868872690411539
2771,2848,Palau,PLW,2012,12137.1732239921,68.863,9.404028189394072,9.404028189394072
2772,2849,Papua New Guinea,PNG,2012,2635.0873631547,63.639,7.8766716153232705,7.8766716153232705
2773,2850,Poland,POL,2012,13087.420943321,76.7463414634146,9.4794068145356,9.4794068145356
2774,2851,Pre-demographic dividend,PRE,2012,1686.96007926334,58.0154619154891,7.430683418521662,7.430683418521662
2775,2852,Puerto Rico (US),PRI,2012,27742.024476618,79.258,10.230703671617489,10.230703671617489
2776,2854,Portugal,PRT,2012,20593.4274224109,80.3731707317073,9.932727246703587,9.932727246703587
2777,2855,Paraguay,PRY,2012,5642.16991672846,73.105,8.638024007508392,8.638024007508392
2778,2856,West Bank and Gaza,PSE,2012,3067.43872735614,73.722,8.028598201603543,8.028598201603543
2779,2857,Pacific island small states,PSS,2012,3493.08705679511,67.6660532253593,8.158541167712718,8.158541167712718
2780,2858,Post-demographic dividend,PST,2012,42374.8223653419,80.088710974095,10.654309652705631,10.654309652705633
2781,2859,French Polynesia,PYF,2012,20846.5457478364,81.695,9.9449435419353,9.944943541935299
2782,2860,Qatar,QAT,2012,108470.387023229,80.499,11.594232484048815,11.594232484048817
2783,2861,Romania,ROU,2012,8929.95366231474,74.4121951219512,9.097166484866571,9.097166484866571
2784,2862,Russian Federation,RUS,2012,15401.8515625,70.0721951219512,9.642243012505682,9.642243012505682
2785,2863,Rwanda,RWA,2012,706.817269168561,64.189,6.560772173039764,6.560772173039764
2786,2864,South Asia,SAS,2012,1387.18205956625,68.2629615309516,7.235029673104016,7.235029673104016
2787,2865,Saudi Arabia,SAU,2012,28733.4375513452,76.09,10.265816795054077,10.265816795054077
2788,2866,Sudan,SDN,2012,1019.22210693359,63.427,6.9267949750591065,6.9267949750591065
2789,2867,Senegal,SEN,2012,1326.83798848379,65.229,7.190553938320986,7.190553938320986
2790,2868,Singapore,SGP,2012,55547.5553077786,81.9951219512195,10.924994785238486,10.924994785238486
2791,2869,Solomon Islands,SLB,2012,2066.25738638356,68.961,7.633494223906127,7.633494223906127
2792,2870,Sierra Leone,SLE,2012,937.504428180231,53.159,6.843221481225657,6.843221481225657
2793,2871,El Salvador,SLV,2012,3497.91256915509,71.42,8.15992166074219,8.15992166074219
2794,2872,San Marino,SMR,2012,47945.8991734281,83.943,10.77782855368094,10.77782855368094
2795,2873,"Somalia, Fed. Rep.",SOM,2012,350.261946720512,49.138,5.858681293758931,5.858681293758931
2796,2874,Serbia,SRB,2012,6263.04086072815,74.8365853658537,8.74242110665041,8.74242110665041
2797,2875,Sub-Saharan Africa (excluding high income),SSA,2012,1970.23745756606,57.8638362761954,7.585909351303617,7.585909351303617
2798,2876,South Sudan,SSD,2012,1109.26050083408,58.241,7.01144885682145,7.01144885682145
2799,2877,Sub-Saharan Africa,SSF,2012,1817.30125816633,58.2282166983329,7.505107854414236,7.505107854414236
2800,2878,Small states,SST,2012,10844.5207585756,70.2725959153837,9.291415232203937,9.291415232203937
2801,2879,Sao Tome and Principe,STP,2012,1192.0202911189,64.505,7.083404870231165,7.083404870231165
2802,2880,Suriname,SUR,2012,8851.24050668908,69.957,9.088312898426398,9.088312898426398
2803,2881,Slovak Republic,SVK,2012,17516.9691054078,76.109756097561,9.770925353258123,9.770925353258123
2804,2882,Slovenia,SVN,2012,22442.1417859955,80.1243902439024,10.01869580009076,10.018695800090759
2805,2883,Sweden,SWE,2012,57749.5615420853,81.7048780487805,10.963871036010374,10.963871036010374
2806,2884,Eswatini,SWZ,2012,4224.54789174487,50.714,8.348667526194486,8.348667526194486
2807,2885,Sint Maarten (Dutch part),SXM,2012,28149.0997855041,75.125,10.245270653855926,10.245270653855926
2808,2886,Seychelles,SYC,2012,12337.1554669388,74.2756097560976,9.420370757673089,9.420370757673089
2809,2887,Syrian Arab Republic,SYR,2012,1897.66115018696,66.206,7.548377433298399,7.548377433298399
2810,2888,Turks and Caicos Islands,TCA,2012,25923.6156503875,76.969,10.162909633422714,10.162909633422714
2811,2889,Chad,TCD,2012,1354.34344701937,50.765,7.211072074940789,7.211072074940789
2812,2890,East Asia & Pacific (IDA & IBRD countries),TEA,2012,5497.15517271917,74.2971126258118,8.611985996081335,8.611985996081335
2813,2891,Europe & Central Asia (IDA & IBRD countries),TEC,2012,10418.3484935481,72.3336150257883,9.251323808844536,9.251323808844537
2814,2892,Togo,TGO,2012,762.39162379069,57.953,6.636460365646231,6.636460365646231
2815,2893,Thailand,THA,2012,5725.52802835463,75.59,8.652690056196338,8.652690056196338
2816,2894,Tajikistan,TJK,2012,952.452819695469,69.13,6.859040572645934,6.859040572645934
2817,2895,Turkmenistan,TKM,2012,6053.8748468749,68.961,8.708453816568987,8.708453816568987
2818,2896,Latin America & the Caribbean (IDA & IBRD countries),TLA,2012,10263.4820243547,74.0531427389642,9.236347439740948,9.236347439740948
2819,2897,Timor-Leste,TLS,2012,1022.61906675901,64.384,6.930122327845644,6.930122327845644
2820,2898,"Middle East, North Africa, Afghanistan & Pakistan (IDA & IBRD)",TMN,2012,3414.87165876956,68.6578262057094,8.135895189679228,8.135895189679228
2821,2899,Tonga,TON,2012,4384.17058724217,71.546,8.385755739194312,8.385755739194312
2822,2900,South Asia (IDA & IBRD),TSA,2012,1387.18205956625,68.2629615309516,7.235029673104016,7.235029673104016
2823,2901,Sub-Saharan Africa (IDA & IBRD countries),TSS,2012,1817.30125816633,58.2282166983329,7.505107854414236,7.505107854414236
2824,2902,Trinidad and Tobago,TTO,2012,20332.1389531925,72.513,9.91995811275515,9.91995811275515
2825,2903,Tunisia,TUN,2012,4297.26782454273,74.599,8.365734710094882,8.365734710094882
2826,2904,Turkiye,TUR,2012,11776.7593362033,75.552,9.373883320564676,9.373883320564676
2827,2905,Tuvalu,TUV,2012,3598.46163091053,65.079,8.188261708367888,8.188261708367888
2828,2906,Tanzania,TZA,2012,861.969909667969,62.286,6.759220362476647,6.759220362476647
2829,2907,Uganda,UGA,2012,795.222867553127,61.579,6.678622411912198,6.678622411912198
2830,2908,Ukraine,UKR,2012,3951.34228515625,71.09,8.281810619196659,8.281810619196659
2831,2909,Upper middle income,UMC,2012,7166.76033698733,74.4121948857386,8.877208995639531,8.877208995639531
2832,2910,Uruguay,URY,2012,16259.5940814256,76.691,9.696438418548222,9.696438418548222
2833,2911,United States,USA,2012,51708.4011556577,78.7414634146342,10.85337554547032,10.85337554547032
2834,2912,Uzbekistan,UZB,2012,2307.34649117185,70.411,7.743853438128018,7.743853438128018
2835,2913,St. Vincent and the Grenadines,VCT,2012,6713.80768643865,70.539,8.811921533465556,8.811921533465556
2836,2914,"Venezuela, RB",VEN,2012,12607.2361246243,73.086,9.44202622370006,9.442026223700061
2837,2916,Virgin Islands (U.S.),VIR,2012,37795.3192590675,78.5170731707317,10.53994054481502,10.539940544815021
2838,2917,Viet Nam,VNM,2012,2185.11767654291,73.762,7.689424962620857,7.689424962620857
2839,2918,Vanuatu,VUT,2012,3004.78416664293,69.898,8.007961019645338,8.007961019645338
2840,2919,World,WLD,2012,10583.9966715989,71.2637251826139,9.26709839131996,9.26709839131996
2841,2920,Samoa,WSM,2012,3934.60320799981,71.159,8.27756531917244,8.27756531917244
2842,2921,Kosovo,XKX,2012,3410.65550749316,75.75,8.134659782739973,8.134659782739973
2843,2922,"Yemen, Rep.",YEM,2012,1245.05068272078,67.569,7.126931517082894,7.126931517082894
2844,2923,South Africa,ZAF,2012,8076.97678479741,61.737,8.996772921202362,8.996772921202362
2845,2924,Zambia,ZMB,2012,1710.05061343728,58.704,7.444278247560012,7.444278247560012
2846,2925,Zimbabwe,ZWE,2012,1239.22709745709,55.386,7.122243155759232,7.122243155759232
2847,2926,Aruba,ABW,2013,25813.5714408438,75.072,10.15865565744605,10.15865565744605
2848,2927,Africa Eastern and Southern,AFE,2013,1706.02274412621,60.895739752772,7.441920059806959,7.441920059806959
2849,2928,Afghanistan,AFG,2013,637.087099117099,62.188,6.456906379532865,6.456906379532865
2850,2929,Africa Western and Central,AFW,2013,2131.60609132899,55.5551097655387,7.664631008050835,7.664631008050835
2851,2930,Angola,AGO,2013,5688.57916215215,59.705,8.6462157880563,8.6462157880563
2852,2931,Albania,ALB,2013,4542.92903556739,77.995,8.421327245027097,8.421327245027097
2853,2932,Andorra,AND,2013,42470.3230369366,84.406,10.656560829516597,10.656560829516595
2854,2933,Arab World,ARB,2013,7376.02829575498,70.1921058451273,8.905990601421449,8.905990601421449
2855,2934,United Arab Emirates,ARE,2013,53247.2409495441,81.95,10.882701269075222,10.882701269075222
2856,2935,Argentina,ARG,2013,12963.675773326,75.829,9.469906554177475,9.469906554177475
2857,2936,Armenia,ARM,2013,3680.16692158886,74.6219512195122,8.21071338926169,8.21071338926169
2858,2937,American Samoa,ASM,2013,11813.5022034589,72.769,9.376998410823926,9.376998410823926
2859,2938,Antigua and Barbuda,ATG,2013,15051.5113587425,77.05,9.619233687642827,9.619233687642827
2860,2939,Australia,AUS,2013,68476.6788496118,82.1487804878049,11.134248511532247,11.134248511532249
2861,2940,Austria,AUT,2013,50305.3545774973,81.1365853658537,10.825866803255078,10.825866803255078
2862,2941,Azerbaijan,AZE,2013,7875.34536661549,71.485,8.971492318810341,8.971492318810341
2863,2942,Burundi,BDI,2013,234.844770150871,59.179,5.458924743333718,5.458924743333718
2864,2943,Belgium,BEL,2013,46964.5946777056,80.5878048780488,10.757149292085948,10.757149292085947
2865,2944,Benin,BEN,2013,1168.92699279226,58.863,7.0638415068205855,7.0638415068205855
2866,2945,Burkina Faso,BFA,2013,759.762065168498,57.903,6.633005312116349,6.633005312116349
2867,2946,Bangladesh,BGD,2013,958.262989798283,69.487,6.865122259919668,6.865122259919668
2868,2947,Bulgaria,BGR,2013,7795.98092108928,74.8609756097561,8.961363613355251,8.961363613355251
2869,2948,Bahrain,BHR,2013,26989.7601148469,79.998,10.203212818045428,10.203212818045428
2870,2949,"Bahamas, The",BHS,2013,27642.7419759179,73.93,10.227118476142117,10.227118476142117
2871,2950,Bosnia and Herzegovina,BIH,2013,5034.56634817068,77.129,8.52408267396993,8.52408267396993
2872,2951,Belarus,BLR,2013,7998.0802045456,72.4707317073171,8.986956817431702,8.986956817431702
2873,2952,Belize,BLZ,2013,5957.34953619006,71.276,8.692380952454215,8.692380952454215
2874,2953,Bermuda,BMU,2013,101704.40746217,80.016,11.529825918975371,11.529825918975371
2875,2954,Bolivia,BOL,2013,2870.02377000756,66.777,7.962075590951969,7.962075590951969
2876,2955,Brazil,BRA,2013,12458.8903396625,74.609,9.430189730563564,9.430189730563564
2877,2956,Barbados,BRB,2013,20410.2065438568,75.816,9.923790375490894,9.923790375490894
2878,2957,Brunei Darussalam,BRN,2013,44003.0644273461,74.854,10.692014556551271,10.692014556551271
2879,2958,Bhutan,BTN,2013,2679.95217201538,70.161,7.893554227082738,7.893554227082738
2880,2959,Botswana,BWA,2013,6666.91219583487,61.217,8.804912092565065,8.804912092565065
2881,2960,Central African Republic,CAF,2013,364.36696260838,49.487,5.898161498839876,5.898161498839876
2882,2961,Canada,CAN,2013,52638.1187235237,81.7448780487805,10.871195826825678,10.871195826825678
2883,2962,Central Europe and the Baltics,CEB,2013,13712.6744030811,76.3747350098375,9.526075823049997,9.526075823049997
2884,2963,Switzerland,CHE,2013,87304.3305813557,82.7975609756098,11.377155346340276,11.377155346340276
2885,2964,Channel Islands,CHI,2013,59308.4666588674,81.5,10.990507351503592,10.990507351503592
2886,2965,Chile,CHL,2013,15683.5486369155,79.551,9.66036758442858,9.660367584428581
2887,2966,China,CHN,2013,7147.03518622344,76.452,8.874452890423676,8.874452890423676
2888,2967,Cote d'Ivoire,CIV,2013,1786.15862031324,57.057,7.487822570658096,7.487822570658096
2889,2968,Cameroon,CMR,2013,1575.92882118897,58.73,7.362600105177694,7.362600105177694
2890,2969,"Congo, Dem. Rep.",COD,2013,460.370334930107,57.795,6.132031241518356,6.132031241518356
2891,2970,"Congo, Rep.",COG,2013,3697.41705884249,62.969,8.21538976264776,8.21538976264776
2892,2971,Colombia,COL,2013,8279.10255642981,75.834,9.021489854600407,9.021489854600409
2893,2972,Comoros,COM,2013,1603.32797107303,63.839,7.379836729981009,7.379836729981009
2894,2973,Cabo Verde,CPV,2013,3960.97596791345,73.481,8.284245730426901,8.284245730426901
2895,2974,Costa Rica,CRI,2013,10803.2401962173,80.189,9.287601386284129,9.287601386284129
2896,2975,Caribbean small states,CSS,2013,14577.1689272446,71.5692506084296,9.587211811622122,9.587211811622122
2897,2976,Cuba,CUB,2013,6828.36428245396,78.028,8.828840433758625,8.828840433758625
2898,2977,Curacao,CUW,2013,19721.292182955,76.239,9.889454152528874,9.889454152528874
2899,2978,Cayman Islands,CYM,2013,75113.7342282813,77.652,11.226758700236674,11.226758700236674
2900,2979,Cyprus,CYP,2013,27764.73046875,81.317,10.231521806038096,10.231521806038097
2901,2980,Czechia,CZE,2013,20260.4954999375,78.1756097560976,9.916428234558763,9.916428234558763
2902,2981,Germany,DEU,2013,47206.8353514242,80.490243902439,10.762293977856173,10.762293977856173
2903,2982,Djibouti,DJI,2013,2075.94498424748,62.116,7.638171743090445,7.638171743090445
2904,2983,Dominica,DMA,2013,7822.21797211398,71.228,8.964723421472065,8.964723421472065
2905,2984,Denmark,DNK,2013,61377.5940590412,80.3,11.02480012993141,11.02480012993141
2906,2985,Dominican Republic,DOM,2013,6136.59429329301,73.038,8.722025191892458,8.722025191892458
2907,2986,Algeria,DZA,2013,5979.60138960585,74.809,8.696109187466437,8.696109187466437
2908,2987,East Asia & Pacific (excluding high income),EAP,2013,5952.7689297214,74.4859323786011,8.691611756630074,8.691611756630074
2909,2988,Early-demographic dividend,EAR,2013,3328.41752232259,68.962837783411,8.110252251500636,8.110252251500636
2910,2989,East Asia & Pacific,EAS,2013,9553.8618750751,75.3347729864006,9.164700736557888,9.164700736557887
2911,2990,Europe & Central Asia (excluding high income),ECA,2013,7667.03397664675,73.1258294397593,8.944685115092932,8.944685115092932
2912,2991,Europe & Central Asia,ECS,2013,26196.108944305,77.0324394716909,10.17336616514381,10.17336616514381
2913,2992,Ecuador,ECU,2013,6109.29031510341,75.832,8.717565894045311,8.717565894045311
2914,2993,"Egypt, Arab Rep.",EGY,2013,3025.52563552448,69.632,8.014840119179505,8.014840119179505
2915,2994,Euro area,EMU,2013,39097.5925470426,81.4679843013022,10.573816172390954,10.573816172390954
2916,2996,Spain,ESP,2013,29228.846559842,83.0780487804878,10.28291139649337,10.28291139649337
2917,2997,Estonia,EST,2013,19310.3874900757,77.1414634146341,9.868398442029909,9.868398442029909
2918,2998,Ethiopia,ETH,2013,484.039833104062,62.161,6.18216720313197,6.18216720313197
2919,2999,European Union,EUU,2013,34804.7281200997,80.4734324600181,10.457508522053788,10.457508522053788
2920,3000,Fragile and conflict affected situations,FCS,2013,2144.21479332186,60.4548394321653,7.670528700625026,7.670528700625026
2921,3001,Finland,FIN,2013,49691.0145200739,80.9756097560976,10.81357940137474,10.813579401374739
2922,3002,Fiji,FJI,2013,4572.44377544245,66.545,8.427803083949389,8.427803083949389
2923,3003,France,FRA,2013,42669.1795111893,82.219512195122,10.661232147292914,10.661232147292914
2924,3004,Faroe Islands,FRO,2013,55758.2083680611,81.356643902439,10.928779913785856,10.928779913785856
2925,3005,"Micronesia, Fed. Sts.",FSM,2013,2893.13437410825,65.179,7.970095751912755,7.970095751912755
2926,3006,Gabon,GAB,2013,9197.70106323947,65.751,9.126708847380325,9.126708847380323
2927,3007,United Kingdom,GBR,2013,43606.9837896348,81.0048780487805,10.682972595171242,10.682972595171242
2928,3008,Georgia,GEO,2013,4712.00229382665,73.025,8.45786821213662,8.45786821213662
2929,3009,Ghana,GHA,2013,2294.79584693743,62.397,7.7383991629550435,7.7383991629550435
2930,3011,Guinea,GIN,2013,748.455020824734,57.459,6.618011109635536,6.618011109635536
2931,3012,"Gambia, The",GMB,2013,653.862713272743,62.252,6.482897410878011,6.482897410878011
2932,3013,Guinea-Bissau,GNB,2013,654.304534409417,58.879,6.483572892020436,6.483572892020436
2933,3014,Equatorial Guinea,GNQ,2013,16304.0713196418,59.784,9.699170129817622,9.699170129817622
2934,3015,Greece,GRC,2013,21573.3449762805,81.2853658536585,9.979213802755735,9.979213802755735
2935,3016,Grenada,GRD,2013,7424.80212287327,75.022,8.912581313197702,8.912581313197702
2936,3017,Greenland,GRL,2013,47535.4883792376,70.2917073170732,10.769231834838124,10.769231834838125
2937,3018,Guatemala,GTM,2013,3444.15802275864,70.878,8.144434747990546,8.144434747990546
2938,3019,Guam,GUM,2013,32530.7593121483,76.361,10.389941361099323,10.389941361099323
2939,3020,Guyana,GUY,2013,5556.91231156932,66.71,8.622797893340648,8.622797893340648
2940,3021,High income,HIC,2013,39008.3249033591,79.312702430416,10.57153036139313,10.57153036139313
2941,3022,"Hong Kong SAR, China",HKG,2013,38403.7777145477,83.8312195121951,10.555911111720034,10.555911111720034
2942,3023,Honduras,HND,2013,2081.12843527945,70.765,7.640665542547515,7.640665542547515
2943,3024,Heavily indebted poor countries (HIPC),HPC,2013,960.68552047794,60.6283430374212,6.86764711345652,6.86764711345652
2944,3025,Croatia,HRV,2013,14134.9474982889,77.5707317073171,9.55640555581509,9.55640555581509
2945,3026,Haiti,HTI,2013,1457.83221179626,62.624,7.284705824873745,7.284705824873745
2946,3027,Hungary,HUN,2013,13739.4620151401,75.5658536585366,9.52802741036204,9.528027410362041
2947,3028,IBRD only,IBD,2013,5845.60507389183,72.4633474422255,8.673445388461412,8.673445388461412
2948,3029,IDA & IBRD total,IBT,2013,4714.62155942195,69.8686609438935,8.458423928733248,8.458423928733248
2949,3030,IDA total,IDA,2013,1346.32438528917,62.141160862525,7.20513348064086,7.20513348064086
2950,3031,IDA blend,IDB,2013,1968.08172455739,59.8685731055257,7.58481460345598,7.58481460345598
2951,3032,Indonesia,IDN,2013,3566.60284506078,69.064,8.179368837713598,8.179368837713598
2952,3033,IDA only,IDX,2013,1005.78892337076,63.3858534020465,6.9135275109219645,6.9135275109219645
2953,3034,Isle of Man,IMN,2013,83207.6588430451,80.12,11.32909467597463,11.32909467597463
2954,3035,India,IND,2013,1432.84397512195,68.499,7.267416542013342,7.267416542013342
2955,3037,Ireland,IRL,2013,52537.6108648692,80.9487804878049,10.869284589515653,10.869284589515651
2956,3038,"Iran, Islamic Rep.",IRN,2013,6222.74194840326,75.349,8.735965916314798,8.735965916314798
2957,3039,Iraq,IRQ,2013,6650.35282247395,69.047,8.8024251882536,8.8024251882536
2958,3040,Iceland,ISL,2013,50173.3360061057,82.0609756097561,10.823239009310038,10.823239009310038
2959,3041,Israel,ISR,2013,37034.3161080785,82.0560975609756,10.519600224179372,10.519600224179372
2960,3042,Italy,ITA,2013,35701.6746002376,82.690243902439,10.482952874237286,10.482952874237286
2961,3043,Jamaica,JAM,2013,5124.21301411137,72.435,8.541732233993166,8.541732233993166
2962,3044,Jordan,JOR,2013,4311.21916713038,74.282,8.368976012501587,8.368976012501587
2963,3045,Japan,JPN,2013,40898.6478964744,83.3319512195122,10.618852282718532,10.618852282718533
2964,3046,Kazakhstan,KAZ,2013,13478.459627612,70.719,9.50884810698821,9.50884810698821
2965,3047,Kenya,KEN,2013,1370.87885214659,61.729,7.223207311067554,7.223207311067554
2966,3048,Kyrgyz Republic,KGZ,2013,1269.66303464348,70.2024390243902,7.146506817194809,7.146506817194809
2967,3049,Cambodia,KHM,2013,1305.6600972686,68.755,7.174464013533902,7.174464013533902
2968,3050,Kiribati,KIR,2013,1772.08718317132,65.898,7.479913330390007,7.479913330390007
2969,3051,St. Kitts and Nevis,KNA,2013,18580.1301949935,71.29,9.829848019608804,9.829848019608805
2970,3052,"Korea, Rep.",KOR,2013,28449.3591104972,81.2707317073171,10.25588091242894,10.25588091242894
2971,3053,Kuwait,KWT,2013,49651.0439275077,78.7418048780488,10.812774694982547,10.812774694982547
2972,3054,Latin America & Caribbean (excluding high income),LAC,2013,9971.16927211711,74.169347496487,9.207453135128093,9.207453135128091
2973,3055,Lao PDR,LAO,2013,1812.51774424651,65.723,7.502472176610017,7.502472176610017
2974,3056,Lebanon,LBN,2013,8162.37929361396,78.037,9.007290985556686,9.007290985556686
2975,3057,Liberia,LBR,2013,710.744570927863,59.992,6.566313111990311,6.566313111990311
2976,3058,Libya,LBY,2013,11951.7134126011,72.339,9.388629928889092,9.388629928889092
2977,3059,St. Lucia,LCA,2013,9577.21733754358,72.687,9.167142362961895,9.167142362961895
2978,3060,Latin America & Caribbean,LCN,2013,10306.1195798787,74.3809772735109,9.240493131758823,9.240493131758823
2979,3061,Least developed countries: UN classification,LDC,2013,1006.9873103895,62.7234398854002,6.914718291238469,6.914718291238469
2980,3062,Low income,LIC,2013,772.500259604632,60.8657879509598,6.64963234482962,6.64963234482962
2981,3063,Liechtenstein,LIE,2013,172823.607794648,82.2609756097561,12.060026745202531,12.060026745202533
2982,3064,Sri Lanka,LKA,2013,3739.43181100202,75.546,8.22668895667526,8.22668895667526
2983,3065,Lower middle income,LMC,2013,1769.94084181484,66.6966580151048,7.478701402305844,7.478701402305844
2984,3066,Low & middle income,LMY,2013,4330.27496489931,69.8690029498795,8.373386321266565,8.373386321266565
2985,3067,Lesotho,LSO,2013,1151.03735837227,49.547,7.048418865512506,7.048418865512506
2986,3068,Late-demographic dividend,LTE,2013,8644.25761540223,75.5790485316218,9.06465051998257,9.06465051998257
2987,3069,Lithuania,LTU,2013,15636.5252586048,73.9146341463415,9.65736481924992,9.65736481924992
2988,3070,Luxembourg,LUX,2013,120000.140729859,81.8,11.69524819451232,11.69524819451232
2989,3071,Latvia,LVA,2013,14484.4715282132,73.9829268292683,9.580832425465625,9.580832425465623
2990,3072,"Macao SAR, China",MAC,2013,87107.8313063626,82.7219512195122,11.374902070467698,11.374902070467698
2991,3074,Morocco,MAR,2013,3379.7431640625,72.117,8.125554998626152,8.125554998626152
2992,3075,Monaco,MCO,2013,184940.663804718,85.056,12.127790316422896,12.127790316422896
2993,3076,Moldova,MDA,2013,3321.04397795719,70.291,8.108034463673045,8.108034463673045
2994,3077,Madagascar,MDG,2013,515.301589361832,63.161,6.244752339672197,6.244752339672197
2995,3078,Maldives,MDV,2013,8236.08177944126,77.847,9.016279997608006,9.016279997608006
2996,3079,"Middle East, North Africa, Afghanistan & Pakistan",MEA,2013,5866.59647635813,69.708340253746,8.677029928029425,8.677029928029425
2997,3080,Mexico,MEX,2013,11216.8008505428,74.289,9.3251680092345,9.325168009234499
2998,3081,Marshall Islands,MHL,2013,3677.90690791421,64.954,8.210099094325791,8.210099094325791
2999,3082,Middle income,MIC,2013,4641.4999159695,70.6557461521519,8.442792850735819,8.442792850735819
3000,3083,North Macedonia,MKD,2013,5626.26115664893,75.4,8.635200407568773,8.635200407568773
3001,3084,Mali,MLI,2013,901.920957644831,57.052,6.804526886117372,6.804526886117372
3002,3085,Malta,MLT,2013,25415.5566867731,81.7463414634146,10.143116733507853,10.143116733507853
3003,3086,Myanmar,MMR,2013,1199.09561597055,64.617,7.089322898278754,7.089322898278754
3004,3087,"Middle East, North Africa, Afghanistan & Pakistan (excluding high income)",MNA,2013,3148.36412420635,68.9136300385634,8.05463827127463,8.05463827127463
3005,3088,Montenegro,MNE,2013,7102.77882895852,76.490243902439,8.86824137081888,8.86824137081888
3006,3089,Mongolia,MNG,2013,4340.14310544449,70.0980487804878,8.375662600155554,8.375662600155554
3007,3090,Northern Mariana Islands,MNP,2013,14632.8518897608,77.452,9.591024409381994,9.591024409381994
3008,3091,Mozambique,MOZ,2013,686.505672517351,57.189,6.531614488127057,6.531614488127057
3009,3092,Mauritania,MRT,2013,1934.24103064714,65.89,7.567470296297003,7.567470296297003
3010,3093,Mauritius,MUS,2013,9877.13865958834,74.0170731707317,9.197978139443618,9.197978139443618
3011,3094,Malawi,MWI,2013,496.947368267313,60.816,6.208484121630423,6.208484121630423
3012,3095,Malaysia,MYS,2013,10713.6407638899,75.464,9.279273046281045,9.279273046281045
3013,3096,North America,NAC,2013,53133.8537338421,79.0411295925554,10.88056955086011,10.88056955086011
3014,3097,Namibia,NAM,2013,5346.62131149967,58.468,8.58422010982982,8.58422010982982
3015,3098,New Caledonia,NCL,2013,36671.1566752621,76.867,10.509745803389343,10.509745803389345
3016,3099,Niger,NER,2013,552.103334363117,58.364,6.3137352286905575,6.3137352286905575
3017,3100,Nigeria,NGA,2013,2872.79083379398,51.827,7.963039252219641,7.963039252219641
3018,3101,Nicaragua,NIC,2013,1835.43996363715,72.551,7.51503949395039,7.51503949395039
3019,3102,Netherlands,NLD,2013,52602.2860520766,81.3048780487805,10.870514858847493,10.870514858847491
3020,3103,Norway,NOR,2013,103553.840134417,81.7512195121951,11.547846950968715,11.547846950968717
3021,3104,Nepal,NPL,2013,803.269595420477,67.598,6.688690392868628,6.688690392868628
3022,3105,Nauru,NRU,2013,8974.51886874433,60.701,9.102144603980172,9.102144603980172
3023,3106,New Zealand,NZL,2013,43000.4646849189,81.4048780487805,10.668966201243329,10.668966201243329
3024,3107,OECD members,OED,2013,37640.7879025687,79.6249276178205,10.535843526067074,10.535843526067074
3025,3108,Oman,OMN,2013,23458.0233840053,78.633,10.062967863926604,10.062967863926605
3026,3109,Other small states,OSS,2013,11421.795928003,70.8040790092001,9.343278732492182,9.343278732492182
3027,3110,Pakistan,PAK,2013,1225.4340119198,65.129,7.111050355675752,7.111050355675752
3028,3111,Panama,PAN,2013,12273.3224983788,77.129,9.415183283314018,9.415183283314018
3029,3112,Peru,PER,2013,6746.80025696601,74.591,8.816823635470953,8.816823635470953
3030,3113,Philippines,PHL,2013,2781.27957677397,69.283,7.930666380203703,7.930666380203703
3031,3114,Palau,PLW,2013,12698.9240118945,68.981,9.449272545384572,9.449272545384572
3032,3115,Papua New Guinea,PNG,2013,2560.77458976327,63.927,7.848065065833566,7.848065065833566
3033,3116,Poland,POL,2013,13621.9023794031,77.0,9.519434245383213,9.519434245383213
3034,3117,Pre-demographic dividend,PRE,2013,1796.00337097112,58.4504605942713,7.493319125793079,7.493319125793079
3035,3118,Puerto Rico (US),PRI,2013,28212.0499737431,80.318,10.24750446969128,10.247504469691279
3036,3120,Portugal,PRT,2013,21676.4859642714,80.7219512195122,9.983983355897296,9.983983355897296
3037,3121,Paraguay,PRY,2013,6435.68342733004,73.292,8.769613319104199,8.769613319104199
3038,3122,West Bank and Gaza,PSE,2013,3315.29753909282,74.14,8.10630265397464,8.10630265397464
3039,3123,Pacific island small states,PSS,2013,3584.6215764592,68.0054625635404,8.184408189989112,8.184408189989112
3040,3124,Post-demographic dividend,PST,2013,42643.099618304,80.2734415662981,10.660620748934695,10.660620748934697
3041,3125,French Polynesia,PYF,2013,21955.6329264095,81.935,9.996779010929616,9.996779010929616
3042,3126,Qatar,QAT,2013,103697.062789144,80.974,11.549229069700225,11.549229069700225
3043,3127,Romania,ROU,2013,9497.67411615237,75.0634146341463,9.158802217734207,9.158802217734207
3044,3128,Russian Federation,RUS,2013,15941.4482421875,70.5787804878049,9.676677804063203,9.676677804063205
3045,3129,Rwanda,RWA,2013,704.92421851123,64.651,6.558090305561214,6.558090305561214
3046,3130,South Asia,SAS,2013,1405.8407235793,68.6853288301062,7.248390782581801,7.248390782581801
3047,3131,Saudi Arabia,SAU,2013,27865.465604962,76.517,10.235143409175432,10.235143409175432
3048,3132,Sudan,SDN,2013,1138.62780761719,63.443,7.037579138858127,7.037579138858127
3049,3133,Senegal,SEN,2013,1379.83196553924,65.638,7.229717006635401,7.229717006635401
3050,3134,Singapore,SGP,2013,56967.4257940383,82.2463414634147,10.950234906163724,10.950234906163724
3051,3135,Solomon Islands,SLB,2013,2161.38627543917,69.007,7.6785050890012,7.6785050890012
3052,3136,Sierra Leone,SLE,2013,1117.47183075115,54.051,7.018824118788491,7.018824118788491
3053,3137,El Salvador,SLV,2013,3582.26694005169,71.225,8.18375110247148,8.18375110247148
3054,3138,San Marino,SMR,2013,50807.8289138024,84.175,10.83580573416889,10.83580573416889
3055,3139,"Somalia, Fed. Rep.",SOM,2013,393.398703952979,54.016,5.974823611473119,5.974823611473119
3056,3140,Serbia,SRB,2013,7040.41812068781,75.1853658536585,8.8594228395316,8.8594228395316
3057,3141,Sub-Saharan Africa (excluding high income),SSA,2013,2035.63571636535,58.328202048148,7.618563440427006,7.618563440427006
3058,3142,South Sudan,SSD,2013,1650.18943353528,58.285,7.408645368507869,7.408645368507869
3059,3143,Sub-Saharan Africa,SSF,2013,1879.5587312692,58.7180429446344,7.538792310863553,7.538792310863553
3060,3144,Small states,SST,2013,11132.3602165915,70.6156980246326,9.317611480781208,9.317611480781208
3061,3145,Sao Tome and Principe,STP,2013,1382.5757842916,64.93,7.231703548741551,7.231703548741551
3062,3146,Suriname,SUR,2013,9043.19281529222,70.11,9.109767578562511,9.109767578562513
3063,3147,Slovak Republic,SVK,2013,18312.7805149823,76.4121951219512,9.81535448386639,9.81535448386639
3064,3148,Slovenia,SVN,2013,23236.9655321695,80.3219512195122,10.053499631535798,10.053499631535798
3065,3149,Sweden,SWE,2013,60843.9888799369,81.9560975609756,11.016068307668103,11.016068307668105
3066,3150,Eswatini,SWZ,2013,3949.94310039907,52.11,8.281456452829154,8.281456452829154
3067,3151,Sint Maarten (Dutch part),SXM,2013,28529.7324687053,75.391,10.258702066971336,10.258702066971336
3068,3152,Seychelles,SYC,2013,14821.2921476077,73.119512195122,9.603820084496512,9.603820084496512
3069,3153,Syrian Arab Republic,SYR,2013,985.892669227054,65.146,6.893547493938232,6.893547493938232
3070,3154,Turks and Caicos Islands,TCA,2013,25653.819867471,77.1,10.15244776221945,10.15244776221945
3071,3155,Chad,TCD,2013,1304.88742971475,51.051,7.17387205528114,7.17387205528114
3072,3156,East Asia & Pacific (IDA & IBRD countries),TEA,2013,6020.72398510662,74.5190033698096,8.702962794378562,8.702962794378562
3073,3157,Europe & Central Asia (IDA & IBRD countries),TEC,2013,10965.2487116486,72.7942035795041,9.302486342915644,9.302486342915643
3074,3158,Togo,TGO,2013,826.542799987227,58.356,6.717251700538847,6.717251700538847
3075,3159,Thailand,THA,2013,6018.08244729255,75.96,8.702523957211225,8.702523957211225
3076,3160,Tajikistan,TJK,2013,1028.19704279396,69.579,6.935562103517249,6.935562103517249
3077,3161,Turkmenistan,TKM,2013,6599.64529055481,68.968,8.794771182714932,8.794771182714932
3078,3162,Latin America & the Caribbean (IDA & IBRD countries),TLA,2013,10231.0823830522,74.2726524054357,9.233185658143675,9.233185658143675
3079,3163,Timor-Leste,TLS,2013,1204.56843320518,64.719,7.093876635057209,7.093876635057209
3080,3164,"Middle East, North Africa, Afghanistan & Pakistan (IDA & IBRD)",TMN,2013,3147.24679176234,68.8786484698568,8.054283315267769,8.054283315267769
3081,3165,Tonga,TON,2013,4219.24670113014,71.65,8.347411884254615,8.347411884254615
3082,3166,South Asia (IDA & IBRD),TSA,2013,1405.8407235793,68.6853288301062,7.248390782581801,7.248390782581801
3083,3167,Sub-Saharan Africa (IDA & IBRD countries),TSS,2013,1879.55873126921,58.7180429446344,7.538792310863558,7.538792310863558
3084,3168,Trinidad and Tobago,TTO,2013,21304.9777496628,72.785,9.966696021561855,9.966696021561855
3085,3169,Tunisia,TUN,2013,4369.79345826358,74.674,8.382471023417434,8.382471023417434
3086,3170,Turkiye,TUR,2013,12635.5570016068,76.171,9.44427010287174,9.444270102871739
3087,3171,Tuvalu,TUV,2013,3510.21640142483,65.171,8.163432967387042,8.163432967387042
3088,3172,Tanzania,TZA,2013,963.05712890625,62.788,6.87011273392872,6.87011273392872
3089,3173,Uganda,UGA,2013,818.285427416713,62.353,6.707211209011955,6.707211209011955
3090,3174,Ukraine,UKR,2013,4129.89697265625,71.474,8.326007739555845,8.326007739555845
3091,3175,Upper middle income,UMC,2013,7553.62352185493,74.6707615928737,8.92978266377983,8.92978266377983
3092,3176,Uruguay,URY,2013,18335.2594772322,76.953,9.816581232422315,9.816581232422315
3093,3177,United States,USA,2013,53179.0127634561,78.7414634146342,10.881419100567834,10.881419100567834
3094,3178,Uzbekistan,UZB,2013,2461.97947403595,70.692,7.808720969599958,7.808720969599958
3095,3179,St. Vincent and the Grenadines,VCT,2013,7072.46737188939,70.091,8.86396468978783,8.86396468978783
3096,3180,"Venezuela, RB",VEN,2013,8656.35669723668,73.076,9.066049208328346,9.066049208328346
3097,3182,Virgin Islands (U.S.),VIR,2013,34597.9766940328,78.7170731707317,10.45155048228489,10.45155048228489
3098,3183,Viet Nam,VNM,2013,2359.51736472828,73.821,7.766212370634288,7.766212370634288
3099,3184,Vanuatu,VUT,2013,2979.79608084399,69.986,7.999610147911079,7.9996101479110795
3100,3185,World,WLD,2013,10739.8911620948,71.5326075432729,9.281720234128342,9.281720234128342
3101,3186,Samoa,WSM,2013,4023.5254013825,71.229,8.29991376282151,8.29991376282151
3102,3187,Kosovo,XKX,2013,3704.55872781672,76.336,8.21731942883315,8.21731942883315
3103,3188,"Yemen, Rep.",YEM,2013,1378.75002954928,67.961,7.228932591999647,7.228932591999647
3104,3189,South Africa,ZAF,2013,7331.65467384919,62.388,8.89995650935741,8.89995650935741
3105,3190,Zambia,ZMB,2013,1820.71854827391,59.445,7.506986508899073,7.506986508899073
3106,3191,Zimbabwe,ZWE,2013,1362.99498323368,56.842,7.21743975101014,7.21743975101014
3107,3192,Aruba,ABW,2014,26129.8390617693,75.261,10.17083319935942,10.170833199359421
3108,3193,Africa Eastern and Southern,AFE,2014,1690.16679245944,61.2514360156709,7.432582496810192,7.432582496810192
3109,3194,Afghanistan,AFG,2014,625.054941813938,62.26,6.437839552775117,6.437839552775117
3110,3195,Africa Western and Central,AFW,2014,2221.35033761012,55.6956299417246,7.705870550135818,7.705870550135818
3111,3196,Angola,AGO,2014,5649.68762469139,60.396,8.639355534946827,8.639355534946827
3112,3197,Albania,ALB,2014,4793.59751131525,78.029,8.475036454714497,8.475036454714497
3113,3198,Andorra,AND,2014,44369.6712976777,84.485,10.700311436134507,10.700311436134509
3114,3199,Arab World,ARB,2014,7338.35092727915,70.5350666310281,8.900869427058614,8.900869427058614
3115,3200,United Arab Emirates,ARE,2014,52725.2358407934,81.99,10.872849478372409,10.872849478372409
3116,3201,Argentina,ARG,2014,12233.1444119186,76.268,9.411904302087889,9.411904302087889
3117,3202,Armenia,ARM,2014,3852.11800610384,74.8731707317073,8.256378407470539,8.256378407470539
3118,3203,American Samoa,ASM,2014,12026.3344929488,72.687,9.39485406536112,9.39485406536112
3119,3204,Antigua and Barbuda,ATG,2014,15532.1062063584,76.912,9.650664528734335,9.650664528734335
3120,3205,Australia,AUS,2014,62817.2061751737,82.3,11.047984298610723,11.047984298610725
3121,3206,Austria,AUT,2014,51314.9722616322,81.490243902439,10.8457378455288,10.8457378455288
3122,3207,Azerbaijan,AZE,2014,7890.84028062087,71.93,8.973457907614234,8.973457907614234
3123,3208,Burundi,BDI,2014,250.544492155185,59.764,5.52363651814748,5.52363651814748
3124,3209,Belgium,BEL,2014,47995.7786961339,81.2878048780488,10.7788683421922,10.7788683421922
3125,3210,Benin,BEN,2014,1204.39918670094,59.008,7.093736121334136,7.0937361213341354
3126,3211,Burkina Faso,BFA,2014,764.861675106225,58.331,6.63969500062259,6.63969500062259
3127,3212,Bangladesh,BGD,2014,1094.46199702838,70.016,6.998018194595261,6.998018194595261
3128,3213,Bulgaria,BGR,2014,8069.60005667684,74.4658536585366,8.995859200764126,8.995859200764126
3129,3214,Bahrain,BHR,2014,26451.7965647453,80.214,10.183079358032533,10.183079358032531
3130,3215,"Bahamas, The",BHS,2014,29137.2175632622,74.029,10.279771590058498,10.279771590058498
3131,3216,Bosnia and Herzegovina,BIH,2014,5206.06573475132,77.089,8.557579712203822,8.557579712203822
3132,3217,Belarus,BLR,2014,8341.31809294883,72.9707317073171,9.028976527583128,9.028976527583128
3133,3218,Belize,BLZ,2014,6128.12053089077,71.437,8.72064338010604,8.72064338010604
3134,3219,Bermuda,BMU,2014,100961.576602811,80.199,11.52249529376653,11.52249529376653
3135,3220,Bolivia,BOL,2014,3041.43503162408,66.97,8.020084732896116,8.020084732896116
3136,3221,Brazil,BRA,2014,12274.9941630213,74.823,9.415319477144996,9.415319477144996
3137,3222,Barbados,BRB,2014,20192.7084081797,75.926,9.913076848331889,9.913076848331889
3138,3223,Brunei Darussalam,BRN,2014,41026.5084247957,74.862,10.621973683711252,10.621973683711252
3139,3224,Bhutan,BTN,2014,2849.49998647303,70.504,7.954898814527916,7.954898814527916
3140,3225,Botswana,BWA,2014,7122.36423421503,62.167,8.870995004655118,8.870995004655118
3141,3226,Central African Republic,CAF,2014,409.8504859647,40.265,6.015792424811891,6.015792424811891
3142,3227,Canada,CAN,2014,50960.8431174661,81.7843902439025,10.838812834800432,10.838812834800432
3143,3228,Central Europe and the Baltics,CEB,2014,14208.4090786575,76.6887696437325,9.561589256952706,9.561589256952706
3144,3229,Switzerland,CHE,2014,88724.9909402638,83.1975609756098,11.393296875404394,11.393296875404394
3145,3230,Channel Islands,CHI,2014,64697.5485024325,81.6,11.077478589545985,11.077478589545985
3146,3231,Chile,CHL,2014,14529.6767206336,79.714,9.58394850722071,9.58394850722071
3147,3232,China,CHN,2014,7781.06597484974,76.714,8.95944862254895,8.95944862254895
3148,3233,Cote d'Ivoire,CIV,2014,1991.36539423404,57.772,7.596575810196303,7.596575810196303
3149,3234,Cameroon,CMR,2014,1649.4433905949,59.13,7.408193170949621,7.408193170949621
3150,3235,"Congo, Dem. Rep.",COD,2014,489.175952097319,58.236,6.19272224499501,6.19272224499501
3151,3236,"Congo, Rep.",COG,2014,3601.2365808718,63.349,8.189032560150018,8.189032560150018
3152,3237,Colombia,COL,2014,8187.20824890084,75.95,9.010328245586576,9.010328245586576
3153,3238,Comoros,COM,2014,1615.71723662012,64.143,7.387534246431685,7.387534246431685
3154,3239,Cabo Verde,CPV,2014,3985.60706548134,73.788,8.290444917258588,8.290444917258588
3155,3240,Costa Rica,CRI,2014,10911.497878334,80.231,9.297572363475926,9.297572363475926
3156,3241,Caribbean small states,CSS,2014,14947.9426963116,71.7739411761824,9.612328957062545,9.612328957062543
3157,3242,Cuba,CUB,2014,7146.70459051328,77.825,8.874406633010937,8.874406633010937
3158,3243,Curacao,CUW,2014,19623.0300713664,76.384,9.884459159083248,9.884459159083248
3159,3244,Cayman Islands,CYM,2014,75845.3055572577,77.865,11.236451091724332,11.236451091724332
3160,3245,Cyprus,CYP,2014,26993.103515625,81.337,10.203336687012634,10.203336687012634
3161,3246,Czechia,CZE,2014,20038.4163180257,78.8243902439024,9.905406526029456,9.905406526029457
3162,3247,Germany,DEU,2014,48959.5991203133,81.090243902439,10.798750729250589,10.798750729250589
3163,3248,Djibouti,DJI,2014,2214.62084142432,62.427,7.702836490140126,7.702836490140126
3164,3249,Dominica,DMA,2014,8131.74876096735,71.189,9.003531279161203,9.003531279161203
3165,3250,Denmark,DNK,2014,62520.4509747011,80.7,11.043248997796365,11.043248997796363
3166,3251,Dominican Republic,DOM,2014,6496.45166971142,73.145,8.779011409860257,8.779011409860257
3167,3252,Algeria,DZA,2014,6094.69392314956,74.992,8.715173822959517,8.715173822959517
3168,3253,East Asia & Pacific (excluding high income),EAP,2014,6373.64846984799,74.7194528121745,8.75992734282072,8.75992734282072
3169,3254,Early-demographic dividend,EAR,2014,3347.32555792556,69.3249758824304,8.115916965057549,8.115916965057549
3170,3255,East Asia & Pacific,EAS,2014,9793.53363771993,75.5644270391791,9.189477613987416,9.189477613987417
3171,3256,Europe & Central Asia (excluding high income),ECA,2014,7290.90050313923,73.4195161256746,8.89438234318187,8.89438234318187
3172,3257,Europe & Central Asia,ECS,2014,26473.6213384574,77.353578845956,10.183904095023331,10.183904095023333
3173,3258,Ecuador,ECU,2014,6405.79979300441,76.141,8.764959076637384,8.764959076637384
3174,3259,"Egypt, Arab Rep.",EGY,2014,3133.39102265541,69.911,8.049871090906265,8.049871090906265
3175,3260,Euro area,EMU,2014,39979.3009314013,81.8930611162439,10.596117122443822,10.596117122443822
3176,3262,Spain,ESP,2014,29707.765509467,83.2292682926829,10.299163755580002,10.299163755580002
3177,3263,Estonia,EST,2014,20581.7898991695,77.0341463414634,9.932161978354891,9.932161978354891
3178,3264,Ethiopia,ETH,2014,549.986577082588,62.927,6.309893872624317,6.309893872624317
3179,3265,European Union,EUU,2014,35590.1004559069,80.8760173893061,10.479822801088254,10.479822801088254
3180,3266,Fragile and conflict affected situations,FCS,2014,2051.54643733895,60.5536917998503,7.626349147423739,7.626349147423739
3181,3267,Finland,FIN,2014,50073.7760815871,81.1804878048781,10.821252718529616,10.821252718529616
3182,3268,Fiji,FJI,2014,5293.35676680464,66.581,8.574207873101425,8.574207873101425
3183,3269,France,FRA,2014,43148.0459288416,82.719512195122,10.672392409943663,10.672392409943663
3184,3270,Faroe Islands,FRO,2014,60172.0632541664,81.5912048780488,11.004963458039764,11.004963458039764
3185,3271,"Micronesia, Fed. Sts.",FSM,2014,2896.73082002714,65.294,7.971338076651191,7.971338076651191
3186,3272,Gabon,GAB,2014,9201.36276648105,66.07,9.12710687885886,9.12710687885886
3187,3273,United Kingdom,GBR,2014,47746.2421759562,81.3048780487805,10.7736556449263,10.7736556449263
3188,3274,Georgia,GEO,2014,4830.33486170249,73.105,8.482671073788465,8.482671073788465
3189,3275,Ghana,GHA,2014,1949.90832923846,62.832,7.575537639805813,7.575537639805813
3190,3277,Guinea,GIN,2014,765.146999389279,57.581,6.640067971431341,6.640067971431341
3191,3278,"Gambia, The",GMB,2014,568.00453558864,62.576,6.342129403880538,6.342129403880538
3192,3279,Guinea-Bissau,GNB,2014,652.022501029449,59.476,6.480079072112533,6.480079072112533
3193,3280,Equatorial Guinea,GNQ,2014,15548.6624656619,60.228,9.651729898837898,9.651729898837898
3194,3281,Greece,GRC,2014,21474.7257123892,81.3853658536585,9.97463197435595,9.97463197435595
3195,3282,Grenada,GRD,2014,7986.33421210788,75.045,8.985487136498039,8.985487136498039
3196,3283,Greenland,GRL,2014,50485.2244135291,70.5082926829268,10.829435986581144,10.829435986581144
3197,3284,Guatemala,GTM,2014,3689.14510410202,70.942,8.213150031087679,8.213150031087679
3198,3285,Guam,GUM,2014,33900.1486530583,76.423,10.431174678404895,10.431174678404895
3199,3286,Guyana,GUY,2014,5472.68820452237,67.334,8.607525219764524,8.607525219764524
3200,3287,High income,HIC,2014,39447.7093246608,79.5653533601911,10.58273125930707,10.58273125930707
3201,3288,"Hong Kong SAR, China",HKG,2014,40315.3739510191,83.9356097560976,10.604488162805216,10.604488162805215
3202,3289,Honduras,HND,2014,2179.88171977271,71.032,7.687025897326175,7.687025897326175
3203,3290,Heavily indebted poor countries (HIPC),HPC,2014,986.983783219797,61.0403853415258,6.894653608923423,6.894653608923423
3204,3291,Croatia,HRV,2014,14186.7295493276,77.7243902439024,9.560062267855985,9.560062267855985
3205,3292,Haiti,HTI,2014,1460.18898613914,62.969,7.286321148886471,7.286321148886471
3206,3293,Hungary,HUN,2014,14352.501883174,75.7634146341463,9.57167955325056,9.571679553250561
3207,3294,IBRD only,IBD,2014,5949.31912012409,72.7509651570745,8.691032058399063,8.691032058399063
3208,3295,IDA & IBRD total,IBT,2014,4801.77950721902,70.1204588217939,8.476741858862976,8.476741858862976
3209,3296,IDA total,IDA,2014,1419.34391837187,62.3668979467875,7.257950014511289,7.257950014511289
3210,3297,IDA blend,IDB,2014,2095.07253994271,60.0998681978251,7.64734345702778,7.64734345702778
3211,3298,Indonesia,IDN,2014,3441.06808464008,69.292,8.143537191896439,8.143537191896439
3212,3299,IDA only,IDX,2014,1049.32649145285,63.6082846332207,6.955903800631456,6.955903800631456
3213,3300,Isle of Man,IMN,2014,91885.4528718026,80.199,11.428298002797822,11.428298002797822
3214,3301,India,IND,2014,1553.88396075118,68.932,7.348512856808263,7.348512856808263
3215,3303,Ireland,IRL,2014,57214.5379785709,81.3487804878049,10.954563305539116,10.954563305539116
3216,3304,"Iran, Islamic Rep.",IRN,2014,5672.06372896319,75.635,8.643308303861676,8.643308303861676
3217,3305,Iraq,IRQ,2014,6249.39226978969,69.679,8.74023950116899,8.74023950116899
3218,3306,Iceland,ISL,2014,55140.364935793,82.8609756097561,10.917637302905415,10.917637302905415
3219,3307,Israel,ISR,2014,38343.3046626235,82.1536585365854,10.554335206485169,10.554335206485167
3220,3308,Italy,ITA,2014,36028.3494022349,83.090243902439,10.492061390931296,10.492061390931296
3221,3309,Jamaica,JAM,2014,4975.11325459872,72.357,8.512203414077042,8.512203414077042
3222,3310,Jordan,JOR,2014,4191.18050084986,74.606,8.3407377156805,8.3407377156805
3223,3311,Japan,JPN,2014,38475.3952461838,83.5878048780488,10.557774231459613,10.557774231459613
3224,3312,Kazakhstan,KAZ,2014,12427.7094576939,71.415,9.427683892197658,9.427683892197658
3225,3313,Kenya,KEN,2014,1482.81566253497,61.99,7.301698034030995,7.301698034030995
3226,3314,Kyrgyz Republic,KGZ,2014,1264.52668823891,70.4024390243902,7.142453171651559,7.142453171651559
3227,3315,Cambodia,KHM,2014,1431.56396469993,69.117,7.266522807228274,7.266522807228274
3228,3316,Kiribati,KIR,2014,1736.70535682101,65.869,7.459745124230957,7.459745124230957
3229,3317,St. Kitts and Nevis,KNA,2014,20219.3954237956,71.228,9.914397592216254,9.914397592216254
3230,3318,"Korea, Rep.",KOR,2014,30667.0912467447,81.7219512195122,10.330945412269772,10.330945412269772
3231,3319,Kuwait,KWT,2014,44368.7813457751,79.0803414634146,10.700291378270617,10.700291378270615
3232,3320,Latin America & Caribbean (excluding high income),LAC,2014,9905.72193520855,74.3770523065952,9.20086784241386,9.20086784241386
3233,3321,Lao PDR,LAO,2014,1981.03910900473,66.35,7.591376788555537,7.591376788555537
3234,3322,Lebanon,LBN,2014,7577.6413302369,78.148,8.932957260059496,8.932957260059496
3235,3323,Liberia,LBR,2014,706.714490064507,59.21,6.56062675132771,6.56062675132771
3236,3324,Libya,LBY,2014,8926.42074591474,71.3,9.096770781196238,9.096770781196238
3237,3325,St. Lucia,LCA,2014,10044.8218377677,72.676,9.214812540682354,9.214812540682354
3238,3326,Latin America & Caribbean,LCN,2014,10145.7982098874,74.5608348669826,9.224814929291696,9.224814929291696
3239,3327,Least developed countries: UN classification,LDC,2014,1056.46705317141,62.959336766101,6.962685651687137,6.962685651687137
3240,3328,Low income,LIC,2014,794.990235916855,60.8379762635091,6.678329832713318,6.678329832713318
3241,3329,Liechtenstein,LIE,2014,178735.153020908,82.0731707317073,12.093660397083688,12.093660397083687
3242,3330,Sri Lanka,LKA,2014,3972.04375736464,75.757,8.287036041560738,8.287036041560738
3243,3331,Lower middle income,LMC,2014,1881.19816238537,67.0394397674064,7.539664173239335,7.539664173239335
3244,3332,Low & middle income,LMY,2014,4472.91557836283,70.1195447653603,8.405795729649292,8.405795729649292
3245,3333,Lesotho,LSO,2014,1173.5377928819,50.786,7.067778220040416,7.067778220040416
3246,3334,Late-demographic dividend,LTE,2014,8923.25728818124,75.8239893452747,9.096416325753337,9.096416325753335
3247,3335,Lithuania,LTU,2014,16446.1647181663,74.5170731707317,9.707847581178502,9.707847581178502
3248,3336,Luxembourg,LUX,2014,123678.702143275,82.2292682926829,11.725442370099268,11.725442370099268
3249,3337,Latvia,LVA,2014,15185.814581236,74.1243902439024,9.62811701984983,9.62811701984983
3250,3338,"Macao SAR, China",MAC,2014,88355.3181764446,83.0219512195122,11.389121670349866,11.389121670349866
3251,3339,St. Martin (French part),MAF,2014,20638.7705882379,79.727,9.934926653298104,9.934926653298104
3252,3340,Morocco,MAR,2014,3435.40698242188,72.522,8.141890678692528,8.141890678692528
3253,3341,Monaco,MCO,2014,195693.570738894,85.093,12.184305300207278,12.184305300207278
3254,3342,Moldova,MDA,2014,3289.95758568777,70.241,8.098629951788102,8.098629951788102
3255,3343,Madagascar,MDG,2014,505.684922503435,63.261,6.22591379254048,6.22591379254048
3256,3344,Maldives,MDV,2014,8939.07416571472,78.187,9.09818730192274,9.098187301922739
3257,3345,"Middle East, North Africa, Afghanistan & Pakistan",MEA,2014,5810.23874019206,69.9897867130321,8.667376940256823,8.667376940256823
3258,3346,Mexico,MEX,2014,11391.3773497683,74.404,9.340611975360996,9.340611975360996
3259,3347,Marshall Islands,MHL,2014,3735.23977829545,65.11,8.2255672931758,8.2255672931758
3260,3348,Middle income,MIC,2014,4798.48322756442,70.9402195787459,8.476055152701864,8.476055152701864
3261,3349,North Macedonia,MKD,2014,5925.38592218015,75.4512195121951,8.687001098427343,8.687001098427343
3262,3350,Mali,MLI,2014,947.915033288325,57.482,6.854264870905262,6.854264870905262
3263,3351,Malta,MLT,2014,27424.5765646694,81.8951219512195,10.219194845267424,10.219194845267424
3264,3352,Myanmar,MMR,2014,1293.00042319714,64.994,7.164720706070443,7.164720706070443
3265,3353,"Middle East, North Africa, Afghanistan & Pakistan (excluding high income)",MNA,2014,3073.79994256301,69.1715558421355,8.030669841487223,8.030669841487223
3266,3354,Montenegro,MNE,2014,7342.17339453427,76.3390243902439,8.901390180576364,8.901390180576364
3267,3355,Mongolia,MNG,2014,4126.23975800524,70.5831707317073,8.32512180100867,8.32512180100867
3268,3356,Northern Mariana Islands,MNP,2014,15945.417608954,77.377,9.676926769690969,9.676926769690969
3269,3357,Mozambique,MOZ,2014,697.142680444123,57.965,6.546990096330548,6.546990096330548
3270,3358,Mauritania,MRT,2014,1713.00865264234,66.207,7.446006549474434,7.446006549474434
3271,3359,Mauritius,MUS,2014,10490.3315563853,74.1943902439024,9.258209307791263,9.258209307791265
3272,3360,Malawi,MWI,2014,529.5133440206,61.651,6.271958365895966,6.271958365895966
3273,3361,Malaysia,MYS,2014,11013.3107334403,75.345,9.3068598869163,9.3068598869163
3274,3362,North America,NAC,2014,54580.8673039295,79.135655352291,10.907438684644127,10.907438684644129
3275,3363,Namibia,NAM,2014,5378.32326241205,59.311,8.590131943317665,8.590131943317665
3276,3364,New Caledonia,NCL,2014,37816.9558599295,77.053,10.540512848754256,10.540512848754256
3277,3365,Niger,NER,2014,565.30989731175,58.693,6.33737407159759,6.33737407159759
3278,3366,Nigeria,NGA,2014,3088.72131316169,51.94,8.035512469736158,8.035512469736158
3279,3367,Nicaragua,NIC,2014,1958.37047579547,72.792,7.579868016528035,7.579868016528035
3280,3368,Netherlands,NLD,2014,53457.2234864322,81.7073170731707,10.886637052063444,10.886637052063445
3281,3369,Norway,NOR,2014,97666.6951838749,82.1,11.48931589131612,11.489315891316119
3282,3370,Nepal,NPL,2014,821.455224911731,67.812,6.711077431928296,6.711077431928296
3283,3371,Nauru,NRU,2014,9230.05440328927,60.834,9.13022022166038,9.13022022166038
3284,3372,New Zealand,NZL,2014,44618.266973847,81.4568292682927,10.705898627560504,10.705898627560504
3285,3373,OECD members,OED,2014,38191.0527518506,79.8766518985509,10.550356546004863,10.550356546004865
3286,3374,Oman,OMN,2014,23160.6502252547,79.03,10.050210006649246,10.050210006649246
3287,3375,Other small states,OSS,2014,11682.6165859401,71.0941610047193,9.365857254061709,9.365857254061709
3288,3376,Pakistan,PAK,2014,1266.61340849959,65.374,7.144102010241037,7.144102010241037
3289,3377,Panama,PAN,2014,13213.1989591137,77.365,9.488971530131296,9.488971530131296
3290,3378,Peru,PER,2014,6667.13410360861,75.26,8.80494537695133,8.80494537695133
3291,3379,Philippines,PHL,2014,2866.83803761407,69.311,7.960964972349751,7.960964972349751
3292,3380,Palau,PLW,2014,13863.4544155068,69.062,9.537011478017732,9.537011478017732
3293,3381,Papua New Guinea,PNG,2014,2723.17529825196,64.198,7.909553867484492,7.909553867484492
3294,3382,Poland,POL,2014,14262.2841914116,77.6024390243903,9.565373862866483,9.565373862866483
3295,3383,Pre-demographic dividend,PRE,2014,1848.07094913552,58.6087471026667,7.521897643854011,7.521897643854011
3296,3384,Puerto Rico (US),PRI,2014,28576.0988023209,80.039,10.260325941198277,10.260325941198275
3297,3386,Portugal,PRT,2014,22120.6850127107,81.1219512195122,10.004268423181667,10.004268423181667
3298,3387,Paraguay,PRY,2014,6652.25478942461,73.415,8.802711142258875,8.802711142258875
3299,3388,West Bank and Gaza,PSE,2014,3352.11259506043,72.781,8.117346051449651,8.117346051449651
3300,3389,Pacific island small states,PSS,2014,3846.91150223659,68.0376132124003,8.255025898130162,8.255025898130162
3301,3390,Post-demographic dividend,PST,2014,43322.2029738924,80.5389854894445,10.67642055332822,10.676420553328219
3302,3391,French Polynesia,PYF,2014,22258.6321384251,82.151,10.010485173634402,10.010485173634402
3303,3392,Qatar,QAT,2014,95840.6898934238,81.395,11.470442611710512,11.470442611710512
3304,3393,Romania,ROU,2014,10031.7710755404,74.909756097561,9.213512443188533,9.213512443188531
3305,3394,Russian Federation,RUS,2014,14055.47265625,70.7436585365854,9.550767111821791,9.550767111821791
3306,3395,Rwanda,RWA,2014,724.957526520906,65.088,6.586113069029464,6.586113069029464
3307,3396,South Asia,SAS,2014,1528.49208733408,69.1208563538772,7.33203696456517,7.33203696456517
3308,3397,Saudi Arabia,SAU,2014,27805.4850319422,77.116,10.232988583524264,10.232988583524264
3309,3398,Sudan,SDN,2014,1275.43835449219,63.99,7.151045205949145,7.151045205949145
3310,3399,Senegal,SEN,2014,1398.89137601382,66.001,7.243435327629456,7.243435327629456
3311,3400,Singapore,SGP,2014,57564.8023114977,82.4951219512195,10.960666588923074,10.960666588923074
3312,3401,Solomon Islands,SLB,2014,2164.95289873002,68.984,7.680153884417029,7.680153884417029
3313,3402,Sierra Leone,SLE,2014,1117.7586465721,54.281,7.019080750778287,7.019080750778287
3314,3403,El Salvador,SLV,2014,3666.01248913873,71.144,8.206859835142001,8.206859835142001
3315,3404,San Marino,SMR,2014,51260.4938347125,84.394,10.844675633791136,10.844675633791136
3316,3405,"Somalia, Fed. Rep.",SOM,2014,429.431656725102,54.442,6.062462605887723,6.062462605887723
3317,3406,Serbia,SRB,2014,6886.67809068704,75.3365853658537,8.837344112864798,8.837344112864798
3318,3407,Sub-Saharan Africa (excluding high income),SSA,2014,2058.4331234679,58.5397796868157,7.629700352689937,7.629700352689937
3319,3408,South Sudan,SSD,2014,1242.73450181032,45.625,7.125069474014155,7.125069474014155
3320,3409,Sub-Saharan Africa,SSF,2014,1906.79596971017,58.9856472694812,7.553179609687872,7.553179609687872
3321,3410,Small states,SST,2014,11413.5892863022,70.850031877117,9.342559967121938,9.342559967121938
3322,3411,Sao Tome and Principe,STP,2014,1489.67633417608,65.478,7.306314149957473,7.306314149957473
3323,3412,Suriname,SUR,2014,9108.18905406764,70.33,9.11692918389263,9.11692918389263
3324,3413,Slovak Republic,SVK,2014,18770.9289896545,76.8121951219512,9.840064621677833,9.840064621677831
3325,3414,Slovenia,SVN,2014,24013.0682060959,81.0780487804878,10.086353469726404,10.086353469726403
3326,3415,Sweden,SWE,2014,59583.4584491714,82.2536585365854,10.995133271732174,10.995133271732174
3327,3416,Eswatini,SWZ,2014,3771.07228381938,53.491,8.235114665417097,8.235114665417097
3328,3417,Sint Maarten (Dutch part),SXM,2014,37134.912423099,75.735,10.522312841762094,10.522312841762094
3329,3418,Seychelles,SYC,2014,15188.1902175113,73.2292682926829,9.628273445470745,9.628273445470745
3330,3419,Syrian Arab Republic,SYR,2014,1060.59105886854,65.492,6.96658163440966,6.96658163440966
3331,3420,Turks and Caicos Islands,TCA,2014,27292.5820256776,77.212,10.21437022357915,10.21437022357915
3332,3421,Chad,TCD,2014,1278.78981422494,51.141,7.153669452049914,7.153669452049914
3333,3422,East Asia & Pacific (IDA & IBRD countries),TEA,2014,6446.1361235924,74.7479822020749,8.771236179681484,8.771236179681484
3334,3423,Europe & Central Asia (IDA & IBRD countries),TEC,2014,10307.2242685414,73.0389491798356,9.240600313657296,9.240600313657296
3335,3424,Togo,TGO,2014,855.584809246574,58.776,6.751785222546867,6.751785222546867
3336,3425,Thailand,THA,2014,5801.1978916205,76.279,8.665819708247517,8.665819708247517
3337,3426,Tajikistan,TJK,2014,1081.54402932039,69.697,6.986144955910143,6.986144955910143
3338,3427,Turkmenistan,TKM,2014,7164.14536184006,69.001,8.87684405357219,8.87684405357219
3339,3428,Latin America & the Caribbean (IDA & IBRD countries),TLA,2014,10058.6664815872,74.4642031483392,9.216189878365077,9.216189878365075
3340,3429,Timor-Leste,TLS,2014,1224.74956308733,65.027,7.110491663782414,7.110491663782414
3341,3430,"Middle East, North Africa, Afghanistan & Pakistan (IDA & IBRD)",TMN,2014,3071.92771988993,69.147274936726,8.030060565309096,8.030060565309096
3342,3431,Tonga,TON,2014,4136.59013792529,71.721,8.327627089260774,8.327627089260774
3343,3432,South Asia (IDA & IBRD),TSA,2014,1528.49208733408,69.1208563538772,7.33203696456517,7.33203696456517
3344,3433,Sub-Saharan Africa (IDA & IBRD countries),TSS,2014,1906.79596971017,58.9856472694812,7.553179609687872,7.553179609687872
3345,3434,Trinidad and Tobago,TTO,2014,21908.3014555644,72.898,9.9946209058767,9.9946209058767
3346,3435,Tunisia,TUN,2014,4458.97895464547,74.784,8.402675084868743,8.402675084868743
3347,3436,Turkiye,TUR,2014,12209.3862327674,76.452,9.409960298254676,9.409960298254676
3348,3437,Tuvalu,TUV,2014,3528.85858102782,65.278,8.168729749488298,8.168729749488298
3349,3438,Tanzania,TZA,2014,1022.74841308594,63.364,6.930248805193481,6.930248805193481
3350,3439,Uganda,UGA,2014,896.054795546394,63.057,6.798001566848738,6.798001566848738
3351,3440,Ukraine,UKR,2014,3054.908203125,71.803,8.02450482307732,8.02450482307732
3352,3441,Upper middle income,UMC,2014,7778.57802636616,74.9249839632063,8.959128827506776,8.959128827506776
3353,3442,Uruguay,URY,2014,18322.4276767157,77.194,9.81588114455334,9.81588114455334
3354,3443,United States,USA,2014,54973.4207515712,78.8414634146341,10.914605088344972,10.914605088344972
3355,3444,Uzbekistan,UZB,2014,2674.9628382103,70.973,7.891690766975777,7.891690766975777
3356,3445,St. Vincent and the Grenadines,VCT,2014,7168.82875342911,70.355,8.877497566474407,8.877497566474407
3357,3446,"Venezuela, RB",VEN,2014,7096.22047105512,72.837,8.867317593272137,8.867317593272137
3358,3448,Virgin Islands (U.S.),VIR,2014,33045.3643795999,78.8682926829268,10.405636574613313,10.405636574613313
3359,3449,Viet Nam,VNM,2014,2546.38464459903,73.886,7.842429845710551,7.8424298457105515
3360,3450,Vanuatu,VUT,2014,2973.09026493408,70.043,7.997357184102643,7.997357184102643
3361,3451,World,WLD,2014,10885.7966024868,71.775442613023,9.29521415449907,9.29521415449907
3362,3452,Samoa,WSM,2014,3982.68080202084,71.142,8.289710439880082,8.289710439880082
3363,3453,Kosovo,XKX,2014,3902.49424360946,76.179,8.26937117733647,8.26937117733647
3364,3454,"Yemen, Rep.",YEM,2014,1430.16420964026,68.003,7.265544548577539,7.265544548577539
3365,3455,South Africa,ZAF,2014,6856.73137092522,63.184,8.832986130627399,8.832986130627399
3366,3456,Zambia,ZMB,2014,1707.48573136694,60.109,7.442777234963143,7.442777234963143
3367,3457,Zimbabwe,ZWE,2014,1372.91526173161,58.106,7.224691686260747,7.224691686260747
3368,3458,Aruba,ABW,2015,27458.2201537506,75.405,10.22042086126176,10.220420861261761
3369,3459,Africa Eastern and Southern,AFE,2015,1498.8752400759,61.713030523495,7.312470265870313,7.312470265870313
3370,3460,Afghanistan,AFG,2015,565.569730408751,62.27,6.337833595485375,6.337833595485375
3371,3461,Africa Western and Central,AFW,2015,1860.72768628324,56.0385189224052,7.528722919381602,7.528722919381602
3372,3462,Angola,AGO,2015,3641.72893919944,61.042,8.200213831158477,8.200213831158477
3373,3463,Albania,ALB,2015,4199.53912925398,78.358,8.342730067120554,8.342730067120554
3374,3464,Andorra,AND,2015,38654.95287916,84.532,10.562430192743614,10.562430192743614
3375,3465,Arab World,ARB,2015,6290.55879501691,70.6580123695192,8.746805184384007,8.746805184384007
3376,3466,United Arab Emirates,ARE,2015,44910.334995523,82.076,10.712423225317446,10.712423225317446
3377,3467,Argentina,ARG,2015,13679.6264980954,76.6,9.52366288803301,9.52366288803301
3378,3468,Armenia,ARM,2015,3512.39350276709,74.8707317073171,8.164052993685441,8.164052993685441
3379,3469,American Samoa,ASM,2015,12727.4102651386,72.654,9.451513235281285,9.451513235281285
3380,3470,Antigua and Barbuda,ATG,2015,16077.6340769406,76.892,9.685184397388992,9.685184397388992
3381,3471,Australia,AUS,2015,56970.3613028094,82.4,10.950286434437997,10.950286434437997
3382,3472,Austria,AUT,2015,43915.228020857,81.190243902439,10.690016418660566,10.690016418660566
3383,3473,Azerbaijan,AZE,2015,5500.50364628486,72.349,8.61259493907989,8.61259493907989
3384,3474,Burundi,BDI,2015,254.402585226788,60.107,5.538917993469318,5.538917993469318
3385,3475,Belgium,BEL,2015,40893.804537772,80.9926829268293,10.618733852262814,10.618733852262814
3386,3476,Benin,BEN,2015,1002.41886879614,59.123,6.91017122702415,6.91017122702415
3387,3477,Burkina Faso,BFA,2015,630.124750752312,58.778,6.445917816849948,6.445917816849948
3388,3478,Bangladesh,BGD,2015,1224.38647668165,70.543,7.110195162156987,7.110195162156987
3389,3479,Bulgaria,BGR,2015,7268.65445473873,74.6146341463415,8.89132647151867,8.89132647151867
3390,3480,Bahrain,BHR,2015,23734.0551143019,80.338,10.07466622038898,10.07466622038898
3391,3481,"Bahamas, The",BHS,2015,30719.405417469,73.805,10.332649832174202,10.332649832174202
3392,3482,Bosnia and Herzegovina,BIH,2015,4662.25869219448,77.073,8.44725530758742,8.44725530758742
3393,3483,Belarus,BLR,2015,5967.05595058777,73.6243902439025,8.694008944147766,8.694008944147766
3394,3484,Belize,BLZ,2015,6154.62264230369,71.647,8.724958727608884,8.724958727608884
3395,3485,Bermuda,BMU,2015,104855.366822135,80.338,11.560337220734333,11.560337220734333
3396,3486,Bolivia,BOL,2015,2996.01289811344,67.205,8.005037649739139,8.005037649739139
3397,3487,Brazil,BRA,2015,8936.1955889444,75.106,9.097865228260668,9.097865228260668
3398,3488,Barbados,BRB,2015,20424.2087530019,76.055,9.92447617983471,9.92447617983471
3399,3489,Brunei Darussalam,BRN,2015,30625.1287744656,74.88,10.329576152718698,10.329576152718698
3400,3490,Bhutan,BTN,2015,2954.04081911097,70.797,7.990929281246013,7.990929281246013
3401,3491,Botswana,BWA,2015,6141.20394726616,63.215,8.722776084536143,8.722776084536143
3402,3492,Central African Republic,CAF,2015,366.322853938121,51.934,5.903515059151974,5.903515059151974
3403,3493,Canada,CAN,2015,43594.1941045394,81.8258536585366,10.68267925773026,10.682679257730259
3404,3494,Central Europe and the Baltics,CEB,2015,12596.8862547468,76.5755119772504,9.441204939760595,9.441204939760595
3405,3495,Switzerland,CHE,2015,83806.4476003837,82.8975609756098,11.336265223849129,11.336265223849127
3406,3496,Channel Islands,CHI,2015,61847.8212238857,81.4,11.032432150423856,11.032432150423855
3407,3497,Chile,CHL,2015,13433.9202987032,80.008,9.505538153004624,9.505538153004625
3408,3498,China,CHN,2015,8175.33285077393,76.975,9.008876710627591,9.008876710627593
3409,3499,Cote d'Ivoire,CIV,2015,1814.71855088017,58.281,7.503685666289025,7.503685666289025
3410,3500,Cameroon,CMR,2015,1415.00009710569,59.687,7.254884878703265,7.254884878703265
3411,3501,"Congo, Dem. Rep.",COD,2015,495.826633014883,58.658,6.206226335413076,6.206226335413076
3412,3502,"Congo, Rep.",COG,2015,2439.35189403696,63.662,7.799487665806785,7.799487665806785
3413,3503,Colombia,COL,2015,6248.51490534512,76.067,8.740099099350715,8.740099099350715
3414,3504,Comoros,COM,2015,1329.37048235986,64.473,7.192460787629863,7.192460787629863
3415,3505,Cabo Verde,CPV,2015,3415.06266730931,74.096,8.13595112243954,8.13595112243954
3416,3506,Costa Rica,CRI,2015,11714.7105980732,80.407,9.36860064710054,9.368600647100541
3417,3507,Caribbean small states,CSS,2015,14497.5393236017,71.8641021665476,9.58173421218711,9.58173421218711
3418,3508,Cuba,CUB,2015,7727.91997207998,77.745,8.952595020259022,8.952595020259022
3419,3509,Curacao,CUW,2015,19361.8129630226,76.482,9.871058001230391,9.871058001230393
3420,3510,Cayman Islands,CYM,2015,76379.2098777987,78.119,11.243465816104356,11.243465816104356
3421,3511,Cyprus,CYP,2015,23088.44140625,81.464,10.04708739925822,10.047087399258219
3422,3512,Czechia,CZE,2015,17931.5987670768,78.5780487804878,9.794319729778335,9.794319729778335
3423,3513,Germany,DEU,2015,41929.7549110722,80.6414634146341,10.643750994955075,10.643750994955075
3424,3514,Djibouti,DJI,2015,2376.12554719873,62.833,7.773226518816672,7.773226518816672
3425,3515,Dominica,DMA,2015,8282.59874702141,69.968,9.021912056472,9.021912056472
3426,3516,Denmark,DNK,2015,53094.0133607574,80.7024390243902,10.879819458138824,10.879819458138824
3427,3517,Dominican Republic,DOM,2015,6800.95309395474,72.982,8.824818042218277,8.824818042218277
3428,3518,Algeria,DZA,2015,4685.05902729002,75.159,8.452133793801268,8.452133793801268
3429,3519,East Asia & Pacific (excluding high income),EAP,2015,6589.77076427462,74.9511243848739,8.793273841500726,8.793273841500726
3430,3520,Early-demographic dividend,EAR,2015,3174.36962020929,69.6305484421664,8.06286434679819,8.06286434679819
3431,3521,East Asia & Pacific,EAS,2015,9691.70576095154,75.7926010192992,9.179025722514734,9.179025722514734
3432,3522,Europe & Central Asia (excluding high income),ECA,2015,6291.45594655745,73.755408258866,8.74694779295036,8.74694779295036
3433,3523,Europe & Central Asia,ECS,2015,22702.8228380066,77.330938408387,10.030244549835372,10.030244549835372
3434,3524,Ecuador,ECU,2015,5976.1596805651,76.222,8.695533446764424,8.695533446764424
3435,3525,"Egypt, Arab Rep.",EGY,2015,3306.98159414141,70.135,8.103791147239486,8.103791147239486
3436,3526,Euro area,EMU,2015,34471.1747135027,81.5192696796633,10.447878738231145,10.447878738231145
3437,3528,Spain,ESP,2015,25982.4416197775,82.8317073170732,10.16517626655454,10.165176266554539
3438,3529,Estonia,EST,2015,17722.1557669523,77.590243902439,9.782570874036644,9.782570874036644
3439,3530,Ethiopia,ETH,2015,597.912113218663,63.592,6.39344377528803,6.39344377528803
3440,3531,European Union,EUU,2015,30771.6568591261,80.5707965259,10.334349313441846,10.334349313441846
3441,3532,Fragile and conflict affected situations,FCS,2015,1663.16200127279,60.7449931085508,7.4164758895252305,7.4164758895252305
3442,3533,Finland,FIN,2015,42560.3456767103,81.4804878048781,10.658678246085698,10.658678246085698
3443,3534,Fiji,FJI,2015,5097.53106864695,66.48,8.536511597309282,8.536511597309282
3444,3535,France,FRA,2015,36702.4323733379,82.3219512195122,10.510598309049092,10.510598309049092
3445,3536,Faroe Islands,FRO,2015,52637.1903526574,81.7995975609756,10.871178189815168,10.871178189815168
3446,3537,"Micronesia, Fed. Sts.",FSM,2015,2853.07643587028,65.306,7.956153142256748,7.956153142256748
3447,3538,Gabon,GAB,2015,7047.12654634355,66.336,8.860375230643234,8.860375230643234
3448,3539,United Kingdom,GBR,2015,45255.3449216209,80.9560975609756,10.720076061967305,10.720076061967303
3449,3540,Georgia,GEO,2015,4086.6223465965,73.241,8.315474075721646,8.315474075721646
3450,3541,Ghana,GHA,2015,1722.77282833606,63.175,7.4516903812515745,7.4516903812515745
3451,3543,Guinea,GIN,2015,747.356966759448,57.899,6.616542938138529,6.616542938138529
3452,3544,"Gambia, The",GMB,2015,619.536364296461,62.971,6.428971398775769,6.428971398775769
3453,3545,Guinea-Bissau,GNB,2015,645.066837207039,60.071,6.469353935004025,6.469353935004025
3454,3546,Equatorial Guinea,GNQ,2015,9068.91003238645,60.635,9.112607363052838,9.112607363052838
3455,3547,Greece,GRC,2015,17980.7298238137,81.0365853658537,9.797055898070218,9.797055898070218
3456,3548,Grenada,GRD,2015,8694.12438005692,75.037,9.070402717871168,9.070402717871168
3457,3549,Greenland,GRL,2015,44536.3549705377,70.909756097561,10.704061100249618,10.704061100249618
3458,3550,Guatemala,GTM,2015,3893.50533299068,70.915,8.267065144732472,8.267065144732472
3459,3551,Guam,GUM,2015,35165.7014644795,76.444,10.467826496345792,10.467826496345793
3460,3552,Guyana,GUY,2015,5640.41560569466,67.719,8.637713030730161,8.637713030730161
3461,3553,High income,HIC,2015,36586.4346902662,79.5243189639773,10.50743281380866,10.507432813808661
3462,3554,"Hong Kong SAR, China",HKG,2015,42432.1619740441,84.2526829268293,10.655661890799848,10.655661890799847
3463,3555,Honduras,HND,2015,2271.20265980349,71.323,7.728064776258591,7.728064776258591
3464,3556,Heavily indebted poor countries (HIPC),HPC,2015,917.296109229181,61.5618981364159,6.82143033095988,6.82143033095988
3465,3557,Croatia,HRV,2015,12283.7840620053,77.2756097560976,9.416035302604945,9.416035302604943
3466,3558,Haiti,HTI,2015,1411.12684746796,63.224,7.252143846797231,7.252143846797231
3467,3559,Hungary,HUN,2015,12782.9412577973,75.5682926829269,9.455866846819694,9.455866846819694
3468,3560,IBRD only,IBD,2015,5546.04775275527,73.0328490236397,8.62084083644433,8.62084083644433
3469,3561,IDA & IBRD total,IBT,2015,4474.43525326247,70.3717214077022,8.406135422356742,8.406135422356742
3470,3562,IDA total,IDA,2015,1350.30758062232,62.613597618261,7.208087682979469,7.208087682979469
3471,3563,IDA blend,IDB,2015,1947.85246838642,60.2944946354402,7.5744827464198785,7.5744827464198785
3472,3564,Indonesia,IDN,2015,3288.22269725538,69.52,8.09810248419129,8.09810248419129
3473,3565,IDA only,IDX,2015,1023.43894668408,63.8821918937357,6.930923751816582,6.930923751816582
3474,3566,Isle of Man,IMN,2015,84753.5187422732,80.267,11.347502543463673,11.347502543463673
3475,3567,India,IND,2015,1583.99815907985,69.326,7.367707410176631,7.3677074101766316
3476,3569,Ireland,IRL,2015,64250.1385181257,81.4536585365854,11.070539158679278,11.070539158679278
3477,3570,"Iran, Islamic Rep.",IRN,2015,4952.73355532178,75.907,8.507694936536325,8.507694936536325
3478,3571,Iraq,IRQ,2015,4440.14189252367,69.977,8.398441612691233,8.398441612691233
3479,3572,Iceland,ISL,2015,53505.6964079339,82.4682926829268,10.8875434021307,10.8875434021307
3480,3573,Israel,ISR,2015,36213.1041481958,82.0512195121951,10.497176325354271,10.497176325354271
3481,3574,Italy,ITA,2015,30639.8829751432,82.5439024390244,10.33005780449812,10.330057804498121
3482,3575,Jamaica,JAM,2015,5339.30718256806,72.214,8.582851182445014,8.582851182445014
3483,3576,Jordan,JOR,2015,4042.75678097555,75.06,8.304682109774202,8.304682109774202
3484,3577,Japan,JPN,2015,34960.6393843385,83.7939024390244,10.46197811862793,10.46197811862793
3485,3578,Kazakhstan,KAZ,2015,10196.1226255982,72.024,9.22976279225756,9.22976279225756
3486,3579,Kenya,KEN,2015,1489.11959777284,62.279,7.305940350326721,7.305940350326721
3487,3580,Kyrgyz Republic,KGZ,2015,1105.65193844261,70.6512195121951,7.008190429517273,7.008190429517273
3488,3581,Cambodia,KHM,2015,1547.32010444393,69.398,7.344279748653593,7.344279748653593
3489,3582,Kiribati,KIR,2015,1639.85274740652,65.831,7.402361728620289,7.402361728620289
3490,3583,St. Kitts and Nevis,KNA,2015,20328.8003530109,71.211,9.9197938961755,9.9197938961755
3491,3584,"Korea, Rep.",KOR,2015,30171.7906545222,82.0243902439024,10.31466268254703,10.31466268254703
3492,3585,Kuwait,KWT,2015,29882.2126495698,79.3765609756098,10.30501868769552,10.30501868769552
3493,3586,Latin America & Caribbean (excluding high income),LAC,2015,8308.73911709951,74.5553955667316,9.02506314554293,9.02506314554293
3494,3587,Lao PDR,LAO,2015,2121.01339097363,66.688,7.659649268063672,7.6596492680636725
3495,3588,Lebanon,LBN,2015,7714.1099998804,78.275,8.950806398438399,8.950806398438399
3496,3589,Liberia,LBR,2015,692.590082351257,59.248,6.540438312419157,6.540438312419157
3497,3590,Libya,LBY,2015,7458.48917756374,71.644,8.917108149572451,8.917108149572451
3498,3591,St. Lucia,LCA,2015,10334.9860823918,72.932,9.243290125466851,9.243290125466853
3499,3592,Latin America & Caribbean,LCN,2015,8547.2373391789,74.7432221893097,9.053363391492177,9.053363391492175
3500,3593,Least developed countries: UN classification,LDC,2015,982.894810600519,63.3049798787451,6.890502105876602,6.890502105876602
3501,3594,Low income,LIC,2015,740.889503942237,60.9922916353431,6.60785149669011,6.60785149669011
3502,3595,Liechtenstein,LIE,2015,167187.15730982,82.6560975609756,12.026869166334706,12.026869166334706
3503,3596,Sri Lanka,LKA,2015,4057.7158346231,75.99,8.308375491966133,8.308375491966133
3504,3597,Lower middle income,LMC,2015,1848.28029294397,67.3495071977304,7.522010914371321,7.522010914371321
3505,3598,Low & middle income,LMY,2015,4284.85686298442,70.3675172346245,8.362842426269612,8.362842426269612
3506,3599,Lesotho,LSO,2015,1121.19851342518,51.83,7.022153493411392,7.022153493411392
3507,3600,Late-demographic dividend,LTE,2015,8331.63270803563,76.0762328807769,9.02781471932036,9.02781471932036
3508,3601,Lithuania,LTU,2015,14269.8039878287,74.3219512195122,9.565900974414994,9.565900974414994
3509,3602,Luxembourg,LUX,2015,105462.012584423,82.2926829268293,11.566106096767555,11.566106096767557
3510,3603,Latvia,LVA,2015,13321.9753140616,74.4804878048781,9.49717022995096,9.49717022995096
3511,3604,"Macao SAR, China",MAC,2015,69902.9605741233,83.2243902439024,11.154863281747344,11.154863281747343
3512,3606,Morocco,MAR,2015,3146.24780273438,72.894,8.05396584807324,8.05396584807324
3513,3607,Monaco,MCO,2015,170437.101188261,85.323,12.046121599655676,12.046121599655677
3514,3608,Moldova,MDA,2015,2749.55137054338,70.118,7.919193039367943,7.9191930393679435
3515,3609,Madagascar,MDG,2015,445.320069480568,63.362,6.098793280884405,6.098793280884405
3516,3610,Maldives,MDV,2015,9644.90655028145,78.607,9.174185236364064,9.174185236364064
3517,3611,"Middle East, North Africa, Afghanistan & Pakistan",MEA,2015,5125.68064083245,70.1510409297575,8.54201860315572,8.54201860315572
3518,3612,Mexico,MEX,2015,10021.2386118827,74.431,9.21246198095963,9.21246198095963
3519,3613,Marshall Islands,MHL,2015,3764.34426229508,65.292,8.233328958344115,8.233328958344115
3520,3614,Middle income,MIC,2015,4602.51682691609,71.2070683012016,8.434358569138809,8.434358569138809
3521,3615,North Macedonia,MKD,2015,5262.68671928674,75.4024390243902,8.568396958460816,8.568396958460816
3522,3616,Mali,MLI,2015,838.11986940103,57.852,6.731161132497182,6.731161132497182
3523,3617,Malta,MLT,2015,25529.6813337717,81.7975609756098,10.147597028127535,10.147597028127535
3524,3618,Myanmar,MMR,2015,1166.73305547935,65.288,7.06196286188697,7.06196286188697
3525,3619,"Middle East, North Africa, Afghanistan & Pakistan (excluding high income)",MNA,2015,2802.63134980954,69.2873263613117,7.93831402264713,7.93831402264713
3526,3620,Montenegro,MNE,2015,6421.00307345999,76.6024390243903,8.767329626451462,8.767329626451462
3527,3621,Mongolia,MNG,2015,3838.92126989984,70.810243902439,8.252946686819639,8.252946686819639
3528,3622,Northern Mariana Islands,MNP,2015,17665.1007493109,77.36,9.779346263106214,9.779346263106214
3529,3623,Mozambique,MOZ,2015,610.563774706589,58.711,6.414382751168728,6.414382751168728
3530,3624,Mauritania,MRT,2015,1554.94897871782,66.498,7.349198012961096,7.349198012961096
3531,3625,Mauritius,MUS,2015,9630.5437837507,74.3531707317073,9.172694970877131,9.172694970877131
3532,3626,Malawi,MWI,2015,539.605363240686,62.324,6.29083806357384,6.2908380635738395
3533,3627,Malaysia,MYS,2015,9648.6797937523,75.288,9.17457637603625,9.17457637603625
3534,3628,North America,NAC,2015,55285.5686917861,79.0036254654542,10.920267189471232,10.920267189471232
3535,3629,Namibia,NAM,2015,4774.10650865775,60.008,8.470962116800253,8.470962116800253
3536,3630,New Caledonia,NCL,2015,30858.7237060533,77.206,10.337174767513403,10.337174767513405
3537,3631,Niger,NER,2015,485.662574175279,58.85,6.185514090947897,6.185514090947897
3538,3632,Nigeria,NGA,2015,2585.73360671797,51.939,7.857764540382057,7.857764540382057
3539,3633,Nicaragua,NIC,2015,2074.45620634731,72.899,7.637454329088445,7.637454329088445
3540,3634,Netherlands,NLD,2015,45793.8135434697,81.509756097561,10.73190428550867,10.73190428550867
3541,3635,Norway,NOR,2015,74809.9658049898,82.3048780487805,11.222706387774911,11.222706387774911
3542,3636,Nepal,NPL,2015,875.543635474862,67.374,6.77484499111767,6.77484499111767
3543,3637,Nauru,NRU,2015,7747.25584993607,60.897,8.955093975765678,8.955093975765678
3544,3638,New Zealand,NZL,2015,38665.3723018158,81.6124390243903,10.562699705907054,10.562699705907054
3545,3639,OECD members,OED,2015,35779.9123271942,79.761947694534,10.485141906729751,10.485141906729753
3546,3640,Oman,OMN,2015,18808.3077921839,79.346,9.842053955046865,9.842053955046863
3547,3641,Other small states,OSS,2015,10359.1182462574,71.4757935597765,9.24562240082618,9.24562240082618
3548,3642,Pakistan,PAK,2015,1380.47020838317,65.641,7.230179450828166,7.230179450828166
3549,3643,Panama,PAN,2015,14082.6548434996,77.583,9.552699166163745,9.552699166163743
3550,3644,Peru,PER,2015,6231.71150338894,75.732,8.737406293698061,8.737406293698061
3551,3645,Philippines,PHL,2015,2909.85818010301,69.45,7.975859623618142,7.975859623618142
3552,3646,Palau,PLW,2015,16154.0532152373,69.07,9.689926270242037,9.689926270242037
3553,3647,Papua New Guinea,PNG,2015,2484.5963398603,64.473,7.817865486648128,7.817865486648128
3554,3648,Poland,POL,2015,12637.5220324406,77.4512195121951,9.44442560674486,9.444425606744861
3555,3649,Pre-demographic dividend,PRE,2015,1524.98608713796,58.9363545235598,7.329740565811672,7.329740565811672
3556,3650,Puerto Rico (US),PRI,2015,29242.041465085,80.677,10.28336272897395,10.28336272897395
3557,3652,Portugal,PRT,2015,19215.7813014347,81.1243902439025,9.863487163188946,9.863487163188946
3558,3653,Paraguay,PRY,2015,5879.33792308762,73.454,8.67919943643868,8.67919943643868
3559,3654,West Bank and Gaza,PSE,2015,3272.15432360708,74.577,8.093203861526998,8.093203861526998
3560,3655,Pacific island small states,PSS,2015,3722.7745565917,68.1166096033138,8.222224517806547,8.222224517806547
3561,3656,Post-demographic dividend,PST,2015,40775.9479386213,80.4400592700903,10.61584767525384,10.61584767525384
3562,3657,French Polynesia,PYF,2015,19166.9594761931,82.339,9.860943215019413,9.860943215019411
3563,3658,Qatar,QAT,2015,68985.2433380102,81.785,11.141647896040569,11.141647896040569
3564,3659,Romania,ROU,2015,8977.01748158196,74.9121951219512,9.102422977129413,9.102422977129411
3565,3660,Russian Federation,RUS,2015,9277.7138671875,71.1834146341463,9.135370444912384,9.135370444912384
3566,3661,Rwanda,RWA,2015,733.998629882494,65.419,6.59850716196767,6.59850716196767
3567,3662,South Asia,SAS,2015,1570.54142462917,69.5110334122263,7.359175695344735,7.359175695344735
3568,3663,Saudi Arabia,SAU,2015,23256.1549553531,77.776,10.054325105243391,10.054325105243393
3569,3664,Sudan,SDN,2015,1292.37963867188,64.375,7.164240479161954,7.164240479161954
3570,3665,Senegal,SEN,2015,1218.00613555438,66.451,7.104970485658123,7.104970485658123
3571,3666,Singapore,SGP,2015,55645.6068614606,82.7439024390244,10.92675841129577,10.92675841129577
3572,3667,Solomon Islands,SLB,2015,2045.47721526649,69.323,7.623386398351897,7.623386398351897
3573,3668,Sierra Leone,SLE,2015,964.575980888989,55.454,6.87168860673288,6.87168860673288
3574,3669,El Salvador,SLV,2015,3790.34089108162,70.952,8.240211238908092,8.240211238908092
3575,3670,San Marino,SMR,2015,43146.8240435428,84.596,10.672364091103873,10.672364091103871
3576,3671,"Somalia, Fed. Rep.",SOM,2015,445.583080073396,55.056,6.099383716782181,6.099383716782181
3577,3672,Serbia,SRB,2015,5820.3215576888,75.2878048780488,8.669110789661225,8.669110789661225
3578,3673,Sub-Saharan Africa (excluding high income),SSA,2015,1763.27463036367,58.9245401151408,7.474927944721009,7.474927944721009
3579,3674,South Sudan,SSD,2015,1080.14718624765,39.757,6.984852594395143,6.984852594395143
3580,3675,Sub-Saharan Africa,SSF,2015,1646.44941139316,59.3987962107574,7.406376376408571,7.406376376408571
3581,3676,Small states,SST,2015,10446.850341907,71.1218770493238,9.254055809273712,9.254055809273712
3582,3677,Sao Tome and Principe,STP,2015,1298.10946596396,66.023,7.1686642280408845,7.1686642280408845
3583,3678,Suriname,SUR,2015,8813.61705392067,70.567,9.084053196979127,9.084053196979129
3584,3679,Slovak Republic,SVK,2015,16442.0760860018,76.5634146341463,9.70759894324071,9.70759894324071
3585,3680,Slovenia,SVN,2015,20697.2748530619,80.7756097560976,9.937757320976354,9.937757320976354
3586,3681,Sweden,SWE,2015,51188.1652120493,82.2048780487805,10.843263636106574,10.843263636106574
3587,3682,Eswatini,SWZ,2015,3419.82276559528,54.941,8.13734400578844,8.13734400578844
3588,3683,Sint Maarten (Dutch part),SXM,2015,37839.6283815163,75.899,10.541112202333135,10.541112202333137
3589,3684,Seychelles,SYC,2015,15333.1051727105,74.2951219512195,9.637769506651797,9.637769506651795
3590,3685,Syrian Arab Republic,SYR,2015,847.731631942565,63.265,6.742564113938303,6.742564113938303
3591,3686,Turks and Caicos Islands,TCA,2015,29457.0140691162,77.321,10.290687329452664,10.290687329452664
3592,3687,Chad,TCD,2015,993.990730610869,51.32,6.901727881271915,6.901727881271915
3593,3688,East Asia & Pacific (IDA & IBRD countries),TEA,2015,6664.48834577557,74.9777768374826,8.804548462340552,8.804548462340552
3594,3689,Europe & Central Asia (IDA & IBRD countries),TEC,2015,8009.61874995558,73.3408132950813,8.98839844217004,8.98839844217004
3595,3690,Togo,TGO,2015,751.051987587248,59.23,6.621474873851916,6.621474873851916
3596,3691,Thailand,THA,2015,5688.85335397884,76.563,8.646263987300964,8.646263987300964
3597,3692,Tajikistan,TJK,2015,956.916310930656,69.665,6.863715938235779,6.863715938235779
3598,3693,Turkmenistan,TKM,2015,5759.497903834,69.061,8.658605580417193,8.658605580417193
3599,3694,Latin America & the Caribbean (IDA & IBRD countries),TLA,2015,8404.37747196218,74.6505904118153,9.036507976706112,9.036507976706112
3600,3695,Timor-Leste,TLS,2015,1319.59295003154,65.326,7.185078596836018,7.185078596836018
3601,3696,"Middle East, North Africa, Afghanistan & Pakistan (IDA & IBRD)",TMN,2015,2799.45441811583,69.2515348606398,7.937179826504519,7.937179826504519
3602,3697,Tonga,TON,2015,4123.90323993332,71.851,8.324555382187816,8.324555382187816
3603,3698,South Asia (IDA & IBRD),TSA,2015,1570.54142462917,69.5110334122263,7.359175695344735,7.359175695344735
3604,3699,Sub-Saharan Africa (IDA & IBRD countries),TSS,2015,1646.44941139316,59.3987962107574,7.406376376408571,7.406376376408571
3605,3700,Trinidad and Tobago,TTO,2015,19887.2327716498,72.882,9.897833235555126,9.897833235555126
3606,3701,Tunisia,TUN,2015,4014.94773686432,74.875,8.29777960932586,8.29777960932586
3607,3702,Turkiye,TUR,2015,11064.6494504662,76.539,9.31151057104938,9.31151057104938
3608,3703,Tuvalu,TUV,2015,3357.83417700071,65.365,8.119051454941323,8.119051454941323
3609,3704,Tanzania,TZA,2015,939.127319335938,63.928,6.844951060363835,6.844951060363835
3610,3705,Uganda,UGA,2015,862.934610355811,63.831,6.760338918057234,6.760338918057234
3611,3706,Ukraine,UKR,2015,2094.47387695313,72.686,7.647057668097867,7.647057668097867
3612,3707,Upper middle income,UMC,2015,7435.76486473308,75.1752922690271,8.914056727138185,8.914056727138185
3613,3708,Uruguay,URY,2015,17125.9016800298,77.285,9.748347314592769,9.748347314592769
3614,3709,United States,USA,2015,56572.9188996063,78.690243902439,10.943285685019262,10.943285685019262
3615,3710,Uzbekistan,UZB,2015,2803.19018021751,71.33,7.93851339767426,7.93851339767426
3616,3711,St. Vincent and the Grenadines,VCT,2015,7353.73556054184,70.463,8.902963702626419,8.902963702626419
3617,3712,"Venezuela, RB",VEN,2015,4103.1384987005,73.004,8.319507447344211,8.319507447344211
3618,3714,Virgin Islands (U.S.),VIR,2015,34007.3529411765,79.0170731707317,10.434332043192612,10.434332043192612
3619,3715,Viet Nam,VNM,2015,2577.56885340113,73.955,7.854601928784033,7.854601928784033
3620,3716,Vanuatu,VUT,2015,2854.89412272653,70.163,7.956790036543091,7.956790036543091
3621,3717,World,WLD,2015,10161.9445773233,71.9646262286432,9.226405098224545,9.226405098224545
3622,3718,Samoa,WSM,2015,4084.36083819933,71.06,8.314920529495012,8.314920529495012
3623,3719,Kosovo,XKX,2015,3520.62850699375,76.024,8.166394805776655,8.166394805776655
3624,3720,"Yemen, Rep.",YEM,2015,1362.1738120601,66.761,7.216837093883101,7.216837093883101
3625,3721,South Africa,ZAF,2015,6112.27382485974,64.053,8.718054131030598,8.718054131030598
3626,3722,Zambia,ZMB,2015,1295.87788680068,60.728,7.166943649325317,7.166943649325317
3627,3723,Zimbabwe,ZWE,2015,1387.12632595026,58.989,7.234989494718449,7.234989494718449
3628,3724,Aruba,ABW,2016,27441.5502144601,75.54,10.219813574940124,10.219813574940124
3629,3725,Africa Eastern and Southern,AFE,2016,1334.47050032928,62.1679813169199,7.196289863189445,7.196289863189445
3630,3726,Afghanistan,AFG,2016,522.082215583898,62.646,6.257825076599218,6.257825076599218
3631,3727,Africa Western and Central,AFW,2016,1630.03943895258,56.3925982370859,7.396359489184527,7.396359489184527
3632,3728,Angola,AGO,2016,2051.81462126253,61.619,7.626479861694373,7.626479861694373
3633,3729,Albania,ALB,2016,4457.63412207495,78.643,8.402373438364819,8.402373438364819
3634,3730,Andorra,AND,2016,40129.8385811474,84.489,10.599875440854351,10.599875440854353
3635,3731,Arab World,ARB,2016,6042.19675439672,70.8964881164428,8.706522925864723,8.706522925864723
3636,3732,United Arab Emirates,ARE,2016,42721.0999383185,82.195,10.662448220922428,10.662448220922427
3637,3733,Argentina,ARG,2016,12699.9623137756,76.105,9.449354305023036,9.449354305023036
3638,3734,Armenia,ARM,2016,3524.42476874707,74.8682926829268,8.167472515759012,8.167472515759012
3639,3735,American Samoa,ASM,2016,12843.3342903627,72.64,9.460580223467744,9.460580223467744
3640,3736,Antigua and Barbuda,ATG,2016,16556.8551801588,76.968,9.71455550532531,9.71455550532531
3641,3737,Australia,AUS,2016,50084.4440606385,82.4487804878049,10.82146574106689,10.82146574106689
3642,3738,Austria,AUT,2016,45061.4993920192,81.6414634146342,10.715783488887997,10.715783488887995
3643,3739,Azerbaijan,AZE,2016,3880.6852276838,72.568,8.263767022097623,8.263767022097623
3644,3740,Burundi,BDI,2016,232.937812100153,60.789,5.450771517083616,5.4507715170836155
3645,3741,Belgium,BEL,2016,41854.5498296444,81.4390243902439,10.641955787562525,10.641955787562523
3646,3742,Benin,BEN,2016,1010.5338961993,59.283,6.918234080268521,6.918234080268521
3647,3743,Burkina Faso,BFA,2016,663.742364842886,59.173,6.497894069428423,6.497894069428423
3648,3744,Bangladesh,BGD,2016,1649.28380858601,71.075,7.408096417262894,7.408096417262894
3649,3745,Bulgaria,BGR,2016,7822.49923292968,74.8121951219512,8.964759377483547,8.964759377483547
3650,3746,Bahrain,BHR,2016,23800.001440631,80.407,10.07744092019028,10.077440920190279
3651,3747,"Bahamas, The",BHS,2016,30616.5363157284,74.042,10.329295544450424,10.329295544450423
3652,3748,Bosnia and Herzegovina,BIH,2016,4928.5665903114,77.124,8.502803472287708,8.502803472287708
3653,3749,Belarus,BLR,2016,5039.77560949445,73.8268292682927,8.525116838148579,8.525116838148579
3654,3750,Belize,BLZ,2016,6140.86713919469,71.843,8.72272123905134,8.72272123905134
3655,3751,Bermuda,BMU,2016,108747.356144305,80.476,11.59678263733867,11.59678263733867
3656,3752,Bolivia,BOL,2016,3035.87347732132,67.392,8.018254463510543,8.018254463510543
3657,3753,Brazil,BRA,2016,8836.28546025694,75.081,9.08662187052076,9.08662187052076
3658,3754,Barbados,BRB,2016,20295.5672072046,76.168,9.918157777007837,9.918157777007837
3659,3755,Brunei Darussalam,BRN,2016,26663.2972950602,74.905,10.191043265569652,10.191043265569652
3660,3756,Bhutan,BTN,2016,3152.30905106786,71.119,8.055890495367917,8.055890495367917
3661,3757,Botswana,BWA,2016,6749.05994339013,64.32,8.81715850652203,8.81715850652203
3662,3758,Central African Republic,CAF,2016,387.176203444318,50.999,5.958879895467099,5.958879895467099
3663,3759,Canada,CAN,2016,42314.0615817218,81.94,10.652874734893194,10.652874734893194
3664,3760,Central Europe and the Baltics,CEB,2016,12874.699956166,76.9703062304413,9.46301942088493,9.46301942088493
3665,3761,Switzerland,CHE,2016,82153.0745447889,83.6024390243903,11.316339548751554,11.316339548751554
3666,3762,Channel Islands,CHI,2016,55947.579811974,81.2,10.932170456539506,10.932170456539506
3667,3763,Chile,CHL,2016,13649.8520452803,80.295,9.521483961380758,9.521483961380758
3668,3764,China,CHN,2016,8254.86859320357,77.214,9.018558437778536,9.018558437778536
3669,3765,Cote d'Ivoire,CIV,2016,1862.59597081287,58.814,7.529726476879414,7.529726476879414
3670,3766,Cameroon,CMR,2016,1441.7201725688,60.293,7.273592243929721,7.273592243929721
3671,3767,"Congo, Dem. Rep.",COD,2016,459.765036590388,59.081,6.130715568964583,6.1307155689645825
3672,3768,"Congo, Rep.",COG,2016,2093.10728558843,63.911,7.646404980371864,7.646404980371864
3673,3769,Colombia,COL,2016,5959.84250367574,76.228,8.692799334152472,8.692799334152472
3674,3770,Comoros,COM,2016,1365.48403444497,64.792,7.219264248750914,7.219264248750914
3675,3771,Cabo Verde,CPV,2016,3608.96605234906,74.35,8.191176598211477,8.191176598211477
3676,3772,Costa Rica,CRI,2016,12091.0301606154,79.988,9.400219147639367,9.400219147639369
3677,3773,Caribbean small states,CSS,2016,13376.8057759012,72.0516361154512,9.501277573933336,9.501277573933336
3678,3774,Cuba,CUB,2016,8110.55874283616,77.571,9.000922040277104,9.000922040277104
3679,3775,Curacao,CUW,2016,18944.0962772875,76.322,9.849247619875603,9.849247619875605
3680,3776,Cayman Islands,CYM,2016,77802.2535658023,78.367,11.26192567588839,11.26192567588839
3681,3777,Cyprus,CYP,2016,24280.056640625,81.534,10.09741057798064,10.09741057798064
3682,3778,Czechia,CZE,2016,18753.9686718096,79.0268292682927,9.839160671497725,9.839160671497723
3683,3779,Germany,DEU,2016,42948.9381932694,80.990243902439,10.667767205180605,10.667767205180603
3684,3780,Djibouti,DJI,2016,2510.4300076241,63.335,7.828209335231141,7.828209335231141
3685,3781,Dominica,DMA,2016,8802.56172041363,71.189,9.082798062696035,9.082798062696035
3686,3782,Denmark,DNK,2016,54500.9260410217,80.8536585365854,10.90597297208536,10.90597297208536
3687,3783,Dominican Republic,DOM,2016,7160.44200982307,72.889,8.876326991264788,8.876326991264788
3688,3784,Algeria,DZA,2016,4424.98529027556,75.31,8.395022233204992,8.395022233204992
3689,3785,East Asia & Pacific (excluding high income),EAP,2016,6683.18386700353,75.1559117663434,8.807349779777155,8.807349779777155
3690,3786,Early-demographic dividend,EAR,2016,3223.9805446069,69.9484837084835,8.078372069057101,8.078372069057101
3691,3787,East Asia & Pacific,EAS,2016,9965.00400107685,75.9870166732102,9.206834634159796,9.206834634159796
3692,3788,Europe & Central Asia (excluding high income),ECA,2016,5986.89723080084,74.0313769065099,8.697328565386483,8.697328565386483
3693,3789,Europe & Central Asia,ECS,2016,22519.6408855547,77.6812816553928,10.022143135659103,10.022143135659105
3694,3790,Ecuador,ECU,2016,5917.63771271481,76.094,8.685692613228005,8.685692613228005
3695,3791,"Egypt, Arab Rep.",EGY,2016,3270.6287768197,70.437,8.092737531895827,8.092737531895827
3696,3792,Euro area,EMU,2016,35228.4854539428,81.907455420636,10.469610280173958,10.469610280173958
3697,3794,Spain,ESP,2016,26755.6061149398,83.3292682926829,10.19449930475678,10.19449930475678
3698,3795,Estonia,EST,2016,18666.3736521706,77.6414634146342,9.834478983720828,9.834478983720828
3699,3796,Ethiopia,ETH,2016,641.651523286233,64.162,6.4640453577018855,6.4640453577018855
3700,3797,European Union,EUU,2016,31456.8971280656,80.9529785979391,10.356373542633843,10.356373542633845
3701,3798,Fragile and conflict affected situations,FCS,2016,1491.08080315915,60.9861836667017,7.307256507232685,7.307256507232685
3702,3799,Finland,FIN,2016,43451.2562442158,81.4292682926829,10.679395042685613,10.679395042685613
3703,3800,Fiji,FJI,2016,5363.79026679243,66.657,8.587426143486585,8.587426143486585
3704,3801,France,FRA,2016,37024.2157133669,82.5731707317073,10.5193274562882,10.519327456288199
3705,3802,Faroe Islands,FRO,2016,56875.2803813296,81.962112195122,10.94861608602272,10.948616086022719
3706,3803,"Micronesia, Fed. Sts.",FSM,2016,2979.60119184048,65.576,7.999544742302202,7.999544742302202
3707,3804,Gabon,GAB,2016,6677.07003901644,66.583,8.80643455339645,8.80643455339645
3708,3805,United Kingdom,GBR,2016,41257.9085545556,81.1560975609756,10.627598095921092,10.627598095921092
3709,3806,Georgia,GEO,2016,4143.40125686315,73.136,8.329272289152755,8.329272289152755
3710,3807,Ghana,GHA,2016,1912.47991339951,63.522,7.5561560628478945,7.5561560628478945
3711,3809,Guinea,GIN,2016,711.996509782316,58.49,6.568073009408832,6.568073009408832
3712,3810,"Gambia, The",GMB,2016,650.056501323611,63.386,6.477059284225161,6.477059284225161
3713,3811,Guinea-Bissau,GNB,2016,679.665386626818,60.619,6.521600598569827,6.521600598569827
3714,3812,Equatorial Guinea,GNQ,2016,7453.19797948517,61.081,8.91639847825962,8.91639847825962
3715,3813,Greece,GRC,2016,17919.2426377048,81.3878048780488,9.793630422114855,9.793630422114855
3716,3814,Grenada,GRD,2016,9221.23461079424,75.01,9.129264213312124,9.129264213312124
3717,3815,Greenland,GRL,2016,48181.7453541266,71.1990243902439,10.782735501210665,10.782735501210665
3718,3816,Guatemala,GTM,2016,4060.13784737643,71.215,8.308972204575173,8.308972204575173
3719,3817,Guam,GUM,2016,35930.6594898711,76.449,10.489346234792194,10.489346234792194
3720,3818,Guyana,GUY,2016,5870.87823759835,68.069,8.677759516213339,8.677759516213339
3721,3819,High income,HIC,2016,37057.8096501124,79.7243121172073,10.520234395289483,10.520234395289485
3722,3820,"Hong Kong SAR, China",HKG,2016,43734.1980702999,84.2114634146342,10.685885639577464,10.685885639577464
3723,3821,Honduras,HND,2016,2307.34468351082,71.615,7.74385265469053,7.74385265469053
3724,3822,Heavily indebted poor countries (HIPC),HPC,2016,894.708764701024,62.0038914309195,6.796498262751263,6.796498262751263
3725,3823,Croatia,HRV,2016,12820.1653893008,77.9219512195122,9.458774631272943,9.458774631272943
3726,3824,Haiti,HTI,2016,1318.40268167953,63.325,7.184176193194044,7.184176193194044
3727,3825,Hungary,HUN,2016,13215.8605277789,76.0634146341464,9.48917294241958,9.489172942419579
3728,3826,IBRD only,IBD,2016,5534.81953332907,73.2592309044272,8.618814239973267,8.618814239973267
3729,3827,IDA & IBRD total,IBT,2016,4447.41739069513,70.6140486514544,8.400078845043737,8.400078845043737
3730,3828,IDA total,IDA,2016,1314.0817741131,62.9919892121429,7.180893430070951,7.180893430070951
3731,3829,IDA blend,IDB,2016,1790.53787826053,60.5761664527178,7.490271344344869,7.490271344344869
3732,3830,Indonesia,IDN,2016,3521.46943457574,69.733,8.16663363448735,8.16663363448735
3733,3831,IDA only,IDX,2016,1054.10011053311,64.3102000912619,6.960442706121312,6.960442706121312
3734,3832,Isle of Man,IMN,2016,82025.9454509241,80.391,11.314790884138054,11.314790884138054
3735,3833,India,IND,2016,1707.50892912243,69.709,7.44279082078555,7.44279082078555
3736,3835,Ireland,IRL,2016,64129.5571542383,81.6536585365854,11.06866064668071,11.06866064668071
3737,3836,"Iran, Islamic Rep.",IRN,2016,5710.59947089104,76.155,8.650079283284937,8.650079283284937
3738,3837,Iraq,IRQ,2016,4334.42096404188,68.683,8.37434330798439,8.37434330798439
3739,3838,Iceland,ISL,2016,62854.0906407932,82.2048780487805,11.048571297672773,11.048571297672773
3740,3839,Israel,ISR,2016,37671.5389138798,82.4073170731707,10.536660152357085,10.536660152357083
3741,3840,Italy,ITA,2016,31391.5692898108,83.2439024390244,10.35429464189032,10.35429464189032
3742,3841,Jamaica,JAM,2016,5302.29553353854,72.052,8.575895125306594,8.575895125306594
3743,3842,Jordan,JOR,2016,3986.71677010853,75.55,8.290723306510515,8.290723306510515
3744,3843,Japan,JPN,2016,39375.4731620781,83.9848780487805,10.580898392870417,10.580898392870415
3745,3844,Kazakhstan,KAZ,2016,7475.56688689424,72.549,8.919395233094958,8.919395233094958
3746,3845,Kenya,KEN,2016,1554.12610314423,62.526,7.348668675089776,7.348668675089776
3747,3846,Kyrgyz Republic,KGZ,2016,1103.27489428412,70.9512195121951,7.006038212394624,7.006038212394624
3748,3847,Cambodia,KHM,2016,1675.19555711109,69.635,7.42368518795844,7.42368518795844
3749,3848,Kiribati,KIR,2016,1742.66799324117,65.799,7.463172547308213,7.463172547308213
3750,3849,St. Kitts and Nevis,KNA,2016,21387.5415511103,71.227,9.970563860974028,9.970563860974028
3751,3850,"Korea, Rep.",KOR,2016,30832.0628072516,82.2756097560976,10.336310427732109,10.336310427732107
3752,3851,Kuwait,KWT,2016,27323.6890735517,79.6775853658537,10.215509336543535,10.215509336543535
3753,3852,Latin America & Caribbean (excluding high income),LAC,2016,7977.19727122285,74.5306460760941,8.98434240960696,8.98434240960696
3754,3853,Lao PDR,LAO,2016,2303.22156035363,67.014,7.742064100296888,7.742064100296888
3755,3854,Lebanon,LBN,2016,8089.012088155,78.306,8.998261887411076,8.998261887411076
3756,3855,Liberia,LBR,2016,714.613063145659,60.483,6.571741225782789,6.571741225782789
3757,3856,Libya,LBY,2016,7525.80299308216,71.799,8.926092793968106,8.926092793968106
3758,3857,St. Lucia,LCA,2016,10638.1269396653,72.552,9.272199707893725,9.272199707893723
3759,3858,Latin America & Caribbean,LCN,2016,8241.45140922665,74.6774848833781,9.016931749288792,9.016931749288792
3760,3859,Least developed countries: UN classification,LDC,2016,966.721782937566,63.7237908648278,6.873910742513023,6.873910742513023
3761,3860,Low income,LIC,2016,633.792954627598,61.4018192735169,6.451722331113619,6.451722331113619
3762,3861,Liechtenstein,LIE,2016,165375.491396259,82.2585365853659,12.015973872818792,12.015973872818792
3763,3862,Sri Lanka,LKA,2016,4149.19190775593,76.136,8.330668873241477,8.330668873241477
3764,3863,Lower middle income,LMC,2016,1895.24399500136,67.679193904199,7.547102866484677,7.547102866484677
3765,3864,Low & middle income,LMY,2016,4274.9314240157,70.6059453671367,8.360523340076282,8.360523340076282
3766,3865,Lesotho,LSO,2016,992.491840678465,52.908,6.900218791548676,6.900218791548676
3767,3866,Late-demographic dividend,LTE,2016,8297.33610796797,76.2928997245812,9.023689791421711,9.023689791421711
3768,3867,Lithuania,LTU,2016,14934.2702840428,74.6707317073171,9.611413870001764,9.611413870001764
3769,3868,Luxembourg,LUX,2016,106899.293549552,82.6853658536585,11.57964248847448,11.57964248847448
3770,3869,Latvia,LVA,2016,13838.5266823272,74.580487804878,9.535211769916,9.535211769916
3771,3870,"Macao SAR, China",MAC,2016,68911.6755919628,83.2756097560976,11.140580899713198,11.140580899713198
3772,3872,Morocco,MAR,2016,3140.85546875,73.228,8.052250484073712,8.052250484073712
3773,3873,Monaco,MCO,2016,173604.753555915,85.63,12.064536463068034,12.064536463068034
3774,3874,Moldova,MDA,2016,2847.08794770479,70.179,7.954051978161917,7.9540519781619174
3775,3875,Madagascar,MDG,2016,453.970714522463,63.431,6.118032690503652,6.118032690503652
3776,3876,Maldives,MDV,2016,9947.80744731739,78.913,9.205107448816928,9.205107448816927
3777,3877,"Middle East, North Africa, Afghanistan & Pakistan",MEA,2016,5126.05331639032,70.4288635225293,8.54209130803854,8.54209130803854
3778,3878,Mexico,MEX,2016,9097.92397674769,74.376,9.115801532054997,9.115801532054995
3779,3879,Marshall Islands,MHL,2016,4229.80988911945,65.477,8.349912327559757,8.349912327559757
3780,3880,Middle income,MIC,2016,4605.60639396078,71.4421804907716,8.435029621662004,8.435029621662004
3781,3881,North Macedonia,MKD,2016,5598.48622617967,75.4,8.630251523427452,8.630251523427452
3782,3882,Mali,MLI,2016,872.468587171653,58.286,6.771326650186792,6.771326650186792
3783,3883,Malta,MLT,2016,26459.0770929988,82.3536585365854,10.183354557733317,10.183354557733317
3784,3884,Myanmar,MMR,2016,1229.19713491328,65.64,7.114116499398813,7.114116499398813
3785,3885,"Middle East, North Africa, Afghanistan & Pakistan (excluding high income)",MNA,2016,2863.14057781135,69.5328376363007,7.959674405468414,7.959674405468414
3786,3886,Montenegro,MNE,2016,6968.01539365317,76.5414634146342,8.849085727722374,8.849085727722374
3787,3887,Mongolia,MNG,2016,3619.90026383792,70.2239024390244,8.19420175301428,8.19420175301428
3788,3888,Northern Mariana Islands,MNP,2016,24225.474169342,77.392,10.095160010121257,10.095160010121257
3789,3889,Mozambique,MOZ,2016,441.489734819071,59.455,6.090154769080782,6.090154769080782
3790,3890,Mauritania,MRT,2016,1565.76575722696,66.823,7.356130285047657,7.356130285047657
3791,3891,Mauritius,MUS,2016,10095.1225574156,74.3948780487805,9.21980767108093,9.21980767108093
3792,3892,Malawi,MWI,2016,450.506105510719,63.163,6.110371629699549,6.110371629699549
3793,3893,Malaysia,MYS,2016,9476.53409809923,75.371,9.156573926934232,9.156573926934232
3794,3894,North America,NAC,2016,56112.2253713869,78.8800103845064,10.935108988828032,10.935108988828032
3795,3895,Namibia,NAM,2016,4395.68776162376,60.81,8.388379285162827,8.388379285162827
3796,3896,New Caledonia,NCL,2016,30782.8544433514,77.359,10.334713140044054,10.334713140044054
3797,3897,Niger,NER,2016,502.706475406446,59.228,6.220006451869686,6.220006451869686
3798,3898,Nigeria,NGA,2016,2070.4127339595,52.189,7.635503254770424,7.635503254770424
3799,3899,Nicaragua,NIC,2016,2131.68704828322,73.18,7.66466898665169,7.66466898665169
3800,3900,Netherlands,NLD,2016,46808.5291492503,81.5609756097561,10.753820712079664,10.753820712079664
3801,3901,Norway,NOR,2016,70867.3609970749,82.4073170731707,11.16856525387484,11.16856525387484
3802,3902,Nepal,NPL,2016,877.256454696737,68.444,6.776799372312274,6.776799372312274
3803,3903,Nauru,NRU,2016,8748.15632605428,60.996,9.07659825155632,9.076598251556321
3804,3904,New Zealand,NZL,2016,40113.7195382428,81.6585365853659,10.599473687903732,10.599473687903732
3805,3905,OECD members,OED,2016,36229.3490773616,79.8914226918913,10.497624817328653,10.497624817328653
3806,3906,Oman,OMN,2016,17110.1897460545,79.581,9.747429456599995,9.747429456599997
3807,3907,Other small states,OSS,2016,10813.3826960431,71.7707341897413,9.28853978453631,9.28853978453631
3808,3908,Pakistan,PAK,2016,1424.69161195897,65.943,7.26171065662178,7.26171065662178
3809,3909,Panama,PAN,2016,14832.3611652459,77.772,9.604566637916797,9.604566637916795
3810,3910,Peru,PER,2016,6217.03599995447,75.951,8.735048544819481,8.735048544819481
3811,3911,Philippines,PHL,2016,2985.19564024046,69.49,8.001420564798059,8.001420564798059
3812,3912,Palau,PLW,2016,17150.4759377239,69.046,9.749781203679802,9.749781203679802
3813,3913,Papua New Guinea,PNG,2016,2316.39479758492,64.7,7.747767289443794,7.747767289443794
3814,3914,Poland,POL,2016,12464.0110508476,77.8512195121951,9.430600654731414,9.430600654731414
3815,3915,Pre-demographic dividend,PRE,2016,1316.74567214685,59.2364264629514,7.1829185715890445,7.1829185715890445
3816,3916,Puerto Rico (US),PRI,2016,29978.0889268918,80.355,10.308222024691233,10.308222024691231
3817,3918,Portugal,PRT,2016,19980.2808866516,81.1243902439025,9.902501110494695,9.902501110494697
3818,3919,Paraguay,PRY,2016,5775.15963399596,73.487,8.661321177258337,8.661321177258337
3819,3920,West Bank and Gaza,PSE,2016,3527.61382413178,74.917,8.168376950855361,8.168376950855361
3820,3921,Pacific island small states,PSS,2016,3856.70459060951,68.2856508563666,8.257568364818589,8.257568364818589
3821,3922,Post-demographic dividend,PST,2016,41502.2222895522,80.6111999426604,10.63350225393092,10.63350225393092
3822,3923,French Polynesia,PYF,2016,19690.0775734589,82.555,9.88787011136431,9.88787011136431
3823,3924,Qatar,QAT,2016,61253.6217997091,82.147,11.0227782580826,11.022778258082601
3824,3925,Romania,ROU,2016,9404.54005870715,75.209756097561,9.148947836627244,9.148947836627244
3825,3926,Russian Federation,RUS,2016,8663.158203125,71.6512195121951,9.066834623656328,9.066834623656327
3826,3927,Rwanda,RWA,2016,729.519133812945,65.733,6.59238559628638,6.59238559628638
3827,3928,South Asia,SAS,2016,1722.90703415144,69.9184707063298,7.451768279269267,7.4517682792692685
3828,3929,Saudi Arabia,SAU,2016,22267.7217050387,78.354,10.010893451696951,10.010893451696953
3829,3930,Sudan,SDN,2016,1033.21594238281,64.677,6.94043149120602,6.94043149120602
3830,3931,Senegal,SEN,2016,1266.43957151587,66.724,7.143964755327409,7.143964755327409
3831,3932,Singapore,SGP,2016,57005.5887176547,82.8463414634146,10.95090458968848,10.95090458968848
3832,3933,Solomon Islands,SLB,2016,2082.62383124213,69.501,7.641383835054492,7.641383835054492
3833,3934,Sierra Leone,SLE,2016,844.416411175476,56.937,6.738645751094961,6.738645751094961
3834,3935,El Salvador,SLV,2016,3901.34014965811,70.908,8.269075401208582,8.269075401208582
3835,3936,San Marino,SMR,2016,44359.4797662688,84.775,10.700081713854257,10.700081713854255
3836,3937,"Somalia, Fed. Rep.",SOM,2016,460.928490585175,55.283,6.133242912928105,6.133242912928105
3837,3938,Serbia,SRB,2016,5982.37030126471,75.6878048780488,8.696572139859216,8.696572139859216
3838,3939,Sub-Saharan Africa (excluding high income),SSA,2016,1545.27948291265,59.3200098416324,7.342960068061396,7.342960068061396
3839,3941,Sub-Saharan Africa,SSF,2016,1455.03525304571,59.8121599098867,7.282785408209473,7.282785408209473
3840,3942,Small states,SST,2016,10486.2161094903,71.3735507555474,9.257816922255442,9.257816922255442
3841,3943,Sao Tome and Principe,STP,2016,1434.87018050521,66.563,7.268829657554485,7.268829657554485
3842,3944,Suriname,SUR,2016,5644.2061057532,70.979,8.638384829980152,8.638384829980152
3843,3945,Slovak Republic,SVK,2016,16636.0769133073,77.1658536585366,9.719328924157434,9.719328924157434
3844,3946,Slovenia,SVN,2016,21447.8377796036,81.1756097560976,9.973379116459537,9.973379116459535
3845,3947,Sweden,SWE,2016,51703.5088332851,82.3073170731707,10.853280927309282,10.853280927309282
3846,3948,Eswatini,SWZ,2016,3238.17611961364,56.228,8.08276552423885,8.08276552423885
3847,3949,Sint Maarten (Dutch part),SXM,2016,37308.6147795736,75.952,10.526979538202829,10.526979538202827
3848,3950,Seychelles,SYC,2016,16566.9946042294,74.309756097561,9.7151677182446,9.715167718244599
3849,3951,Syrian Arab Republic,SYR,2016,656.3490586313,65.19,6.486692749000349,6.486692749000349
3850,3952,Turks and Caicos Islands,TCA,2016,31373.5612684327,77.437,10.35372081939646,10.35372081939646
3851,3953,Chad,TCD,2016,861.831767630746,51.603,6.759060086454947,6.759060086454947
3852,3954,East Asia & Pacific (IDA & IBRD countries),TEA,2016,6758.74365728701,75.1832269955477,8.818592302251092,8.818592302251092
3853,3955,Europe & Central Asia (IDA & IBRD countries),TEC,2016,7659.54924391363,73.6902109808946,8.94370841556109,8.94370841556109
3854,3956,Togo,TGO,2016,772.581357620609,59.677,6.649737320534654,6.649737320534654
3855,3957,Thailand,THA,2016,5833.57715617098,76.769,8.671385668570714,8.671385668570714
3856,3958,Tajikistan,TJK,2016,788.710481734485,69.982,6.670399310203407,6.670399310203407
3857,3959,Turkmenistan,TKM,2016,5686.98040962764,69.142,8.645934702536955,8.645934702536955
3858,3960,Latin America & the Caribbean (IDA & IBRD countries),TLA,2016,8082.02330614142,74.5894794269073,8.997397529343914,8.997397529343914
3859,3961,Timor-Leste,TLS,2016,1335.54391073349,65.61,7.197093911630226,7.197093911630226
3860,3962,"Middle East, North Africa, Afghanistan & Pakistan (IDA & IBRD)",TMN,2016,2858.61689096826,69.4961826399098,7.958093182282948,7.958093182282948
3861,3963,Tonga,TON,2016,3987.98626206287,71.951,8.291041686257056,8.291041686257056
3862,3964,South Asia (IDA & IBRD),TSA,2016,1722.90703415144,69.9184707063299,7.451768279269267,7.4517682792692685
3863,3965,Sub-Saharan Africa (IDA & IBRD countries),TSS,2016,1455.03525304571,59.8121599098867,7.282785408209473,7.282785408209473
3864,3966,Trinidad and Tobago,TTO,2016,17449.1538801956,72.935,9.76704643821404,9.76704643821404
3865,3967,Tunisia,TUN,2016,3847.80354448809,75.007,8.255257756555089,8.255257756555089
3866,3968,Turkiye,TUR,2016,10984.3643169061,76.595,9.304228114860807,9.304228114860809
3867,3969,Tuvalu,TUV,2016,3808.69755015909,65.51,8.24504255932465,8.24504255932465
3868,3970,Tanzania,TZA,2016,953.0107421875,64.404,6.859626175560768,6.859626175560768
3869,3971,Uganda,UGA,2016,752.696571725656,64.494,6.623662187394344,6.623662187394344
3870,3972,Ukraine,UKR,2016,2158.46118164063,73.389,7.677150830882293,7.677150830882293
3871,3973,Upper middle income,UMC,2016,7413.22237473365,75.3401910593772,8.911020492147388,8.911020492147388
3872,3974,Uruguay,URY,2016,17009.7584207276,77.351,9.74154248309785,9.74154248309785
3873,3975,United States,USA,2016,57638.1018367192,78.5390243902439,10.96193911821658,10.96193911821658
3874,3976,Uzbekistan,UZB,2016,2753.37951427589,71.58,7.92058435044568,7.92058435044568
3875,3977,St. Vincent and the Grenadines,VCT,2016,7656.90042881178,70.7,8.943362537086006,8.943362537086006
3876,3978,"Venezuela, RB",VEN,2016,3670.15737848208,72.002,8.207989822549376,8.207989822549376
3877,3980,Virgin Islands (U.S.),VIR,2016,35324.9748874586,79.1682926829268,10.472345496652506,10.472345496652506
3878,3981,Viet Nam,VNM,2016,2735.0604380416,73.984,7.913908812616166,7.913908812616166
3879,3982,Vanuatu,VUT,2016,2956.12644801489,70.397,7.991635057883536,7.991635057883536
3880,3983,World,WLD,2016,10204.9287763386,72.1847318478467,9.230626095928908,9.230626095928908
3881,3984,Samoa,WSM,2016,4147.07097674888,71.003,8.33015757530341,8.33015757530341
3882,3985,Kosovo,XKX,2016,3759.44959067104,76.748,8.232027840208714,8.232027840208714
3883,3986,"Yemen, Rep.",YEM,2016,975.359417003225,67.105,6.882806035893282,6.882806035893282
3884,3987,South Africa,ZAF,2016,5651.20585165749,64.749,8.639624226440718,8.639624226440718
3885,3988,Zambia,ZMB,2016,1239.08527877713,61.129,7.122128707974946,7.122128707974946
3886,3989,Zimbabwe,ZWE,2016,1408.13945253431,59.76,7.250024574806672,7.250024574806672
3887,3990,Aruba,ABW,2017,28440.0416881491,75.62,10.25555334974413,10.25555334974413
3888,3991,Africa Eastern and Southern,AFE,2017,1528.10422421284,62.5912750961501,7.331783176963676,7.331783176963676
3889,3992,Afghanistan,AFG,2017,525.469770891619,62.406,6.264292664193559,6.264292664193559
3890,3993,Africa Western and Central,AFW,2017,1574.23056437855,56.6266215613676,7.361521901336502,7.361521901336502
3891,3994,Angola,AGO,2017,2790.71886869768,62.122,7.93405450065845,7.93405450065845
3892,3995,Albania,ALB,2017,5006.36012951959,78.9,8.518464408980618,8.518464408980618
3893,3996,Andorra,AND,2017,40672.9717424447,84.359,10.613319065876384,10.613319065876384
3894,3997,Arab World,ARB,2017,6096.72395041636,71.1128560080646,8.715506848585678,8.715506848585678
3895,3998,United Arab Emirates,ARE,2017,43733.6192287435,82.388,10.68587240404526,10.68587240404526
3896,3999,Argentina,ARG,2017,14532.5009308511,76.543,9.584142863628564,9.584142863628564
3897,4000,Armenia,ARM,2017,3869.05373867752,75.2170731707317,8.26076524415627,8.26076524415627
3898,4001,American Samoa,ASM,2017,11863.6839452565,72.801,9.381237243649748,9.381237243649748
3899,4002,Antigua and Barbuda,ATG,2017,16965.7288273816,77.03,9.738950636942858,9.738950636942858
3900,4003,Australia,AUS,2017,54117.547718609,82.5,10.898913769332925,10.898913769332923
3901,4004,Austria,AUT,2017,47163.7425775142,81.6439024390244,10.76138071065254,10.76138071065254
3902,4005,Azerbaijan,AZE,2017,4147.1981423222,72.694,8.330188238782375,8.330188238782375
3903,4006,Burundi,BDI,2017,246.060725714184,61.345,5.505578357965981,5.505578357965981
3904,4007,Belgium,BEL,2017,44035.3239358548,81.4926829268293,10.692747407539397,10.692747407539397
3905,4008,Benin,BEN,2017,1054.97408066814,59.528,6.961271477521295,6.961271477521295
3906,4009,Burkina Faso,BFA,2017,709.091535894695,59.578,6.563984623832979,6.563984623832979
3907,4010,Bangladesh,BGD,2017,1811.08221668646,71.606,7.501679855354567,7.501679855354567
3908,4011,Bulgaria,BGR,2017,8696.68930427924,74.8146341463415,9.070697692481035,9.070697692481037
3909,4012,Bahrain,BHR,2017,24784.7693514607,80.407,10.117984604438432,10.117984604438433
3910,4013,"Bahamas, The",BHS,2017,31875.4881749619,74.031,10.369592597636371,10.369592597636371
3911,4014,Bosnia and Herzegovina,BIH,2017,5345.01978766473,77.385,8.58392052554111,8.58392052554111
3912,4015,Belarus,BLR,2017,5785.54491935194,74.1292682926829,8.66311783041242,8.66311783041242
3913,4016,Belize,BLZ,2017,6071.85451846453,72.062,8.711419359378771,8.711419359378771
3914,4017,Bermuda,BMU,2017,112339.425587467,80.686,11.629280152912118,11.629280152912118
3915,4018,Bolivia,BOL,2017,4048.40119739839,67.536,8.306077316085474,8.306077316085474
3916,4019,Brazil,BRA,2017,10080.5078722821,75.383,9.21835892451109,9.21835892451109
3917,4020,Barbados,BRB,2017,20284.5762052461,76.237,9.917616083395986,9.917616083395986
3918,4021,Brunei Darussalam,BRN,2017,28024.3824580252,74.943,10.24083021230151,10.24083021230151
3919,4022,Bhutan,BTN,2017,3435.28804735662,71.413,8.141856057721942,8.141856057721942
3920,4023,Botswana,BWA,2017,7104.96401088027,65.42,8.868548975195399,8.868548975195399
3921,4024,Central African Republic,CAF,2017,432.324025684263,45.231,6.0691753665444095,6.0691753665444095
3922,4025,Canada,CAN,2017,45129.628116623,81.8078048780488,10.717294252517275,10.717294252517275
3923,4026,Central Europe and the Baltics,CEB,2017,14339.8243059389,76.929788715597,9.57079586205198,9.570795862051979
3924,4027,Switzerland,CHE,2017,82254.3769269767,83.5512195121951,11.317571882129403,11.317571882129405
3925,4028,Channel Islands,CHI,2017,55806.3554257428,81.0,10.929643038402377,10.929643038402375
3926,4029,Chile,CHL,2017,14879.9086227187,80.61,9.607767167421905,9.607767167421903
3927,4030,China,CHN,2017,8979.67652709856,77.235,9.102719139166227,9.102719139166227
3928,4031,Cote d'Ivoire,CIV,2017,1964.29930338343,59.315,7.582890872101584,7.582890872101584
3929,4032,Cameroon,CMR,2017,1496.08951771242,60.817,7.31060999478726,7.31060999478726
3930,4033,"Congo, Dem. Rep.",COD,2017,431.052559128788,59.495,6.066230029603368,6.066230029603368
3931,4034,"Congo, Rep.",COG,2017,2211.63309874797,64.203,7.701486480325731,7.701486480325731
3932,4035,Colombia,COL,2017,6479.53231292429,76.418,8.77640361281022,8.77640361281022
3933,4036,Comoros,COM,2017,1423.9248027797,65.127,7.261172283540853,7.261172283540853
3934,4037,Cabo Verde,CPV,2017,3893.09571382506,74.71,8.266959933443609,8.266959933443609
3935,4038,Costa Rica,CRI,2017,12317.0902771304,79.994,9.418743030388557,9.418743030388555
3936,4039,Caribbean small states,CSS,2017,13671.1377634132,72.1731041595093,9.5230421569358,9.523042156935801
3937,4040,Cuba,CUB,2017,8610.60829605429,77.3,9.06075024487442,9.06075024487442
3938,4041,Curacao,CUW,2017,18938.2440965187,76.423,9.848938653705217,9.848938653705215
3939,4042,Cayman Islands,CYM,2017,80053.9442657031,78.615,11.29045598973697,11.29045598973697
3940,4043,Cyprus,CYP,2017,26247.44921875,81.543,10.175324090679158,10.175324090679158
3941,4044,Czechia,CZE,2017,20913.197632212,78.9780487804878,9.948135704318434,9.948135704318434
3942,4045,Germany,DEU,2017,45553.9341495339,80.9926829268293,10.726652268871367,10.726652268871367
3943,4046,Djibouti,DJI,2017,2618.95521147369,63.71,7.870530742976865,7.870530742976865
3944,4047,Dominica,DMA,2017,8224.64896571414,68.62,9.01489089578227,9.01489089578227
3945,4048,Denmark,DNK,2017,57521.5514992225,81.1024390243903,10.959914965244344,10.959914965244344
3946,4049,Dominican Republic,DOM,2017,7412.71571571512,73.37,8.910952144496719,8.910952144496719
3947,4050,Algeria,DZA,2017,4554.66753957828,75.431,8.423907819012364,8.423907819012364
3948,4051,East Asia & Pacific (excluding high income),EAP,2017,7241.92533864361,75.2396714880306,8.887642380778328,8.887642380778328
3949,4052,Early-demographic dividend,EAR,2017,3457.64943157186,70.2729949393554,8.148344282148535,8.148344282148535
3950,4053,East Asia & Pacific,EAS,2017,10566.2828244863,76.0789923585537,9.265423344779071,9.265423344779071
3951,4054,Europe & Central Asia (excluding high income),ECA,2017,6138.12063922999,74.4033539029016,8.722273889471706,8.722273889471706
3952,4055,Europe & Central Asia,ECS,2017,23814.1197034605,77.8990151719065,10.078033948598828,10.078033948598828
3953,4056,Ecuador,ECU,2017,6233.32244797718,76.22,8.737664767859222,8.737664767859222
3954,4057,"Egypt, Arab Rep.",EGY,2017,2395.10333299491,70.709,7.781181654214873,7.781181654214873
3955,4058,Euro area,EMU,2017,37243.5651015997,81.8838037060629,10.525234459934545,10.525234459934543
3956,4060,Spain,ESP,2017,28381.3425596906,83.2829268292683,10.253487256138124,10.253487256138124
3957,4061,Estonia,EST,2017,20851.5223496861,78.0926829268293,9.945182238934962,9.945182238934962
3958,4062,Ethiopia,ETH,2017,696.348429076216,64.766,6.545850151556607,6.545850151556607
3959,4063,European Union,EUU,2017,33394.5888043692,80.9301511681956,10.41614915399422,10.41614915399422
3960,4064,Fragile and conflict affected situations,FCS,2017,1549.60952933559,61.2296826870125,7.345758261619302,7.345758261619302
3961,4065,Finland,FIN,2017,46085.0174739036,81.6317073170732,10.738243175594528,10.738243175594528
3962,4066,Fiji,FJI,2017,5826.84814459328,67.06,8.670231506153632,8.670231506153632
3963,4067,France,FRA,2017,38687.1626407164,82.5756097560976,10.563263109278209,10.563263109278209
3964,4068,Faroe Islands,FRO,2017,59387.353086482,82.1062926829268,10.991836571679984,10.991836571679984
3965,4069,"Micronesia, Fed. Sts.",FSM,2017,3279.10779039285,65.761,8.095326649251234,8.095326649251234
3966,4070,Gabon,GAB,2017,6921.73373135624,66.816,8.842421556445338,8.842421556445338
3967,4071,United Kingdom,GBR,2017,40916.8115070354,81.2560975609756,10.619296296869203,10.619296296869205
3968,4072,Georgia,GEO,2017,4418.75206546679,73.435,8.393612597077144,8.393612597077144
3969,4073,Ghana,GHA,2017,2012.28662641265,63.829,7.607026979528979,7.607026979528979
3970,4075,Guinea,GIN,2017,833.598621691121,58.715,6.725752017556182,6.725752017556182
3971,4076,"Gambia, The",GMB,2017,642.522641296331,63.708,6.4654020555202045,6.4654020555202045
3972,4077,Guinea-Bissau,GNB,2017,783.123186602022,61.148,6.66329001005566,6.66329001005566
3973,4078,Equatorial Guinea,GNQ,2017,7809.10465655488,61.481,8.963045595616009,8.963045595616009
3974,4079,Greece,GRC,2017,18631.9930129293,81.2878048780488,9.832635436560311,9.832635436560311
3975,4080,Grenada,GRD,2017,9751.42661155932,74.977,9.18516887242258,9.185168872422581
3976,4081,Greenland,GRL,2017,50765.7494665372,71.2563414634146,10.834977183076305,10.834977183076305
3977,4082,Guatemala,GTM,2017,4324.99768915601,71.583,8.37216688506665,8.37216688506665
3978,4083,Guam,GUM,2017,36779.0078903909,76.463,10.512682523634384,10.512682523634385
3979,4084,Guyana,GUY,2017,6178.6650437298,68.543,8.728857514776253,8.728857514776253
3980,4085,High income,HIC,2017,38776.5615949516,79.8536254138921,10.565571260475616,10.565571260475615
3981,4086,"Hong Kong SAR, China",HKG,2017,46160.429791493,84.6956097560976,10.739878212046197,10.739878212046195
3982,4087,Honduras,HND,2017,2413.0076562942,71.805,7.788629238555845,7.7886292385558455
3983,4088,Heavily indebted poor countries (HIPC),HPC,2017,943.132832332498,62.3152990434581,6.849207134147667,6.849207134147667
3984,4089,Croatia,HRV,2017,13901.7878144679,77.7268292682927,9.539772730593866,9.539772730593866
3985,4090,Haiti,HTI,2017,1395.23945184461,63.832,7.2408213295931,7.2408213295931
3986,4091,Hungary,HUN,2017,14736.1668157258,75.8170731707317,9.598060078716424,9.598060078716424
3987,4092,IBRD only,IBD,2017,6053.30921793356,73.4857607809887,8.708360379657691,8.708360379657691
3988,4093,IDA & IBRD total,IBT,2017,4831.93005964107,70.8308974097559,8.483001265097865,8.483001265097865
3989,4094,IDA total,IDA,2017,1355.23505457315,63.2737435487005,7.211730190278977,7.211730190278977
3990,4095,IDA blend,IDB,2017,1804.50559433385,60.818392907263,7.498041924290756,7.498041924290756
3991,4096,Indonesia,IDN,2017,3798.88326174526,69.953,8.242462424035642,8.242462424035642
3992,4097,IDA only,IDX,2017,1110.744251052,64.6099332119955,7.0127855660673095,7.0127855660673095
3993,4098,Isle of Man,IMN,2017,83481.3038489014,80.506,11.332377979767076,11.332377979767076
3994,4099,India,IND,2017,1950.10468280866,70.068,7.575638333608506,7.575638333608506
3995,4101,Ireland,IRL,2017,72161.4047531385,82.1560975609756,11.186660621746835,11.186660621746835
3996,4102,"Iran, Islamic Rep.",IRN,2017,6000.93346404409,76.396,8.699670313449975,8.699670313449975
3997,4103,Iraq,IRQ,2017,4759.2846435467,69.788,8.467852650962367,8.467852650962367
3998,4104,Iceland,ISL,2017,72976.3729990975,82.6609756097561,11.19789101019551,11.19789101019551
3999,4105,Israel,ISR,2017,41138.470964272,82.5512195121951,10.624698995872402,10.624698995872402
4000,4106,Italy,ITA,2017,32844.115660604,82.9463414634147,10.399527880336423,10.399527880336423
4001,4107,Jamaica,JAM,2017,5605.43541173019,71.879,8.631492015224206,8.631492015224206
4002,4108,Jordan,JOR,2017,4065.61628749384,76.071,8.31032061873011,8.31032061873011
4003,4109,Japan,JPN,2017,38834.0529341227,84.099756097561,10.567052793640526,10.567052793640526
4004,4110,Kazakhstan,KAZ,2017,8943.08416791984,72.996,9.098635793899772,9.098635793899772
4005,4111,Kenya,KEN,2017,1667.48447230835,62.725,7.419071465787412,7.419071465787412
4006,4112,Kyrgyz Republic,KGZ,2017,1221.39046807082,71.2,7.107745216657404,7.1077452166574036
4007,4113,Cambodia,KHM,2017,1826.35391688754,69.842,7.510076863232533,7.510076863232533
4008,4114,Kiribati,KIR,2017,1853.05122713319,65.787,7.524588871414935,7.524588871414935
4009,4115,St. Kitts and Nevis,KNA,2017,22464.9899633959,71.284,10.019713374737895,10.019713374737897
4010,4116,"Korea, Rep.",KOR,2017,33296.9845439195,82.6268292682927,10.413222117631602,10.413222117631602
4011,4117,Kuwait,KWT,2017,29047.6536135703,79.9160731707317,10.276692988400734,10.276692988400734
4012,4118,Latin America & Caribbean (excluding high income),LAC,2017,8827.8501051856,74.7006534427421,9.085666787756445,9.085666787756443
4013,4119,Lao PDR,LAO,2017,2432.43059478511,67.345,7.79664628119066,7.79664628119066
4014,4120,Lebanon,LBN,2017,8608.21084982387,78.192,9.06047177673725,9.06047177673725
4015,4121,Liberia,LBR,2017,699.269095727404,60.777,6.550035640579269,6.550035640579269
4016,4122,Libya,LBY,2017,9965.83236729757,72.721,9.206917758240078,9.206917758240078
4017,4123,St. Lucia,LCA,2017,11333.1123822102,72.522,9.33548401905281,9.33548401905281
4018,4124,Latin America & Caribbean,LCN,2017,9065.54817792866,74.8318087892113,9.112236593277714,9.112236593277714
4019,4125,Least developed countries: UN classification,LDC,2017,1035.19428808636,64.0340553688659,6.942344406040494,6.942344406040494
4020,4126,Low income,LIC,2017,634.710788724745,61.5796648683271,6.453169444316288,6.453169444316288
4021,4127,Liechtenstein,LIE,2017,170547.092298954,83.7463414634147,12.046766738736071,12.046766738736073
4022,4128,Sri Lanka,LKA,2017,4398.88828068715,76.239,8.389107124501365,8.389107124501365
4023,4129,Lower middle income,LMC,2017,2026.19304074045,67.9952915350318,7.6139139619776355,7.6139139619776355
4024,4130,Low & middle income,LMY,2017,4615.000484095,70.8080047482829,8.437067251832937,8.437067251832937
4025,4131,Lesotho,LSO,2017,1069.36673247542,53.874,6.974821913442213,6.974821913442213
4026,4132,Late-demographic dividend,LTE,2017,9138.44134545505,76.4174343501022,9.120245118774276,9.120245118774276
4027,4133,Lithuania,LTU,2017,16800.1510246099,75.4804878048781,9.729143154911055,9.729143154911057
4028,4134,Luxembourg,LUX,2017,110193.213797228,82.0951219512195,11.609990593017372,11.609990593017372
4029,4135,Latvia,LVA,2017,15132.4958333982,74.6292682926829,9.624599752424531,9.624599752424531
4030,4136,"Macao SAR, China",MAC,2017,77570.9876166977,83.5268292682927,11.258948765345307,11.258948765345309
4031,4138,Morocco,MAR,2017,3296.52661132813,73.608,8.100624651121448,8.100624651121448
4032,4139,Monaco,MCO,2017,170663.375247872,85.878,12.047448329510564,12.047448329510564
4033,4140,Moldova,MDA,2017,3453.26727720294,70.375,8.147076098739332,8.147076098739332
4034,4141,Madagascar,MDG,2017,491.866848718929,63.433,6.198208047179571,6.198208047179571
4035,4142,Maldives,MDV,2017,10509.628805812,79.228,9.26004714505624,9.26004714505624
4036,4143,"Middle East, North Africa, Afghanistan & Pakistan",MEA,2017,5279.47951180077,70.7096592741194,8.571582794530784,8.571582794530784
4037,4144,Mexico,MEX,2017,9649.27816772402,74.261,9.174638390263157,9.174638390263155
4038,4145,Marshall Islands,MHL,2017,4592.83457628576,65.673,8.432252667192481,8.432252667192481
4039,4146,Middle income,MIC,2017,4982.00575599033,71.6596834645843,8.51358785117881,8.51358785117881
4040,4147,North Macedonia,MKD,2017,5955.2973863451,75.9536585365854,8.69203641947534,8.69203641947534
4041,4148,Mali,MLI,2017,924.057531692284,58.562,6.8287743334396165,6.8287743334396165
4042,4149,Malta,MLT,2017,30317.2443175543,82.1951219512195,10.31947194900167,10.31947194900167
4043,4150,Myanmar,MMR,2017,1272.82241815234,65.909,7.148992090124547,7.148992090124547
4044,4151,"Middle East, North Africa, Afghanistan & Pakistan (excluding high income)",MNA,2017,2859.85560174494,69.8141316373328,7.95852641363892,7.95852641363892
4045,4152,Montenegro,MNE,2017,7674.2813940676,76.6853658536585,8.945629938634442,8.945629938634442
4046,4153,Mongolia,MNG,2017,3645.96708669551,70.5434146341463,8.201376927961304,8.201376927961304
4047,4154,Northern Mariana Islands,MNP,2017,31225.6049960968,77.47,10.348993710181476,10.348993710181476
4048,4155,Mozambique,MOZ,2017,470.93856305196,60.148,6.154727646128334,6.154727646128334
4049,4156,Mauritania,MRT,2017,1615.00401327323,67.088,7.387092720652573,7.387092720652573
4050,4157,Mauritius,MUS,2017,10986.7034093005,74.5146341463415,9.304441039642834,9.304441039642834
4051,4158,Malawi,MWI,2017,495.769683367165,63.914,6.206111470831916,6.206111470831916
4052,4159,Malaysia,MYS,2017,9862.54806612235,75.542,9.196499838766826,9.196499838766826
4053,4160,North America,NAC,2017,58184.8571647569,78.868288279967,10.971380413692671,10.971380413692673
4054,4161,Namibia,NAM,2017,5143.96072323076,61.661,8.545578630435498,8.545578630435498
4055,4162,New Caledonia,NCL,2017,32354.7102832901,77.504,10.384514893140972,10.384514893140972
4056,4163,Niger,NER,2017,521.804130023434,59.524,6.257292287626142,6.257292287626142
4057,4164,Nigeria,NGA,2017,1876.34027111773,52.397,7.53707849431141,7.53707849431141
4058,4165,Nicaragua,NIC,2017,2182.61380995674,73.389,7.6882784329551965,7.6882784329551965
4059,4166,Netherlands,NLD,2017,49513.6817346384,81.7609756097561,10.810004309045269,10.810004309045267
4060,4167,Norway,NOR,2017,76131.8384032764,82.609756097561,11.24022183221934,11.24022183221934
4061,4168,Nepal,NPL,2017,1034.28374906846,68.74,6.941464436250713,6.941464436250713
4062,4169,Nauru,NRU,2017,9656.97976571484,61.101,9.175436224667513,9.175436224667513
4063,4170,New Zealand,NZL,2017,42950.3841711138,81.8585365853659,10.66780087198506,10.66780087198506
4064,4171,OECD members,OED,2017,37605.270624989,79.9309195257905,10.534899495750738,10.534899495750738
4065,4172,Oman,OMN,2017,17820.0661809335,79.748,9.788080414875004,9.788080414875003
4066,4173,Other small states,OSS,2017,11950.9740553004,72.1178742995091,9.388568064941625,9.388568064941623
4067,4174,Pakistan,PAK,2017,1519.23459514248,66.223,7.325961931186192,7.3259619311861925
4068,4175,Panama,PAN,2017,15694.6297518495,77.901,9.661073878800254,9.661073878800254
4069,4176,Peru,PER,2017,6736.16693725487,75.958,8.815246338461698,8.815246338461698
4070,4177,Philippines,PHL,2017,3038.12124959289,69.966,8.01899459335103,8.01899459335103
4071,4178,Palau,PLW,2017,16401.7847567871,69.019,9.70514543452446,9.70514543452446
4072,4179,Papua New Guinea,PNG,2017,2477.76530986323,64.923,7.815112348205567,7.815112348205567
4073,4180,Poland,POL,2017,13913.3402919927,77.7536585365854,9.54060339210618,9.54060339210618
4074,4181,Pre-demographic dividend,PRE,2017,1338.96011884626,59.5403225971681,7.199648560965506,7.199648560965506
4075,4182,Puerto Rico (US),PRI,2017,30328.479490518,79.07,10.319842467230714,10.319842467230714
4076,4184,Portugal,PRT,2017,21442.3842768879,81.4243902439025,9.973124815946102,9.973124815946102
4077,4185,Paraguay,PRY,2017,6152.2671153779,73.45,8.72457592951758,8.72457592951758
4078,4186,West Bank and Gaza,PSE,2017,3620.36048715937,75.216,8.194328881950074,8.194328881950074
4079,4187,Pacific island small states,PSS,2017,4099.79965867267,68.5192875005129,8.318693387760154,8.318693387760154
4080,4188,Post-demographic dividend,PST,2017,43114.2688521392,80.6648225207994,10.67160928515703,10.67160928515703
4081,4189,French Polynesia,PYF,2017,20826.9312492172,82.774,9.944002199792475,9.944002199792477
4082,4190,Qatar,QAT,2017,63279.8767486216,82.458,11.055322654725062,11.055322654725062
4083,4191,Romania,ROU,2017,10727.9822007426,75.209756097561,9.280610765819814,9.280610765819814
4084,4192,Russian Federation,RUS,2017,10658.9130859375,72.4514634146342,9.274151730601806,9.274151730601806
4085,4193,Rwanda,RWA,2017,758.300966509647,66.14,6.631080360280318,6.631080360280318
4086,4194,South Asia,SAS,2017,1956.06707554186,70.2904723380061,7.578691142206114,7.578691142206114
4087,4195,Saudi Arabia,SAU,2017,23929.2907135982,78.721,10.082858540412923,10.082858540412923
4088,4196,Sudan,SDN,2017,966.505676269531,65.146,6.873687171646692,6.873687171646692
4089,4197,Senegal,SEN,2017,1356.80518449031,67.059,7.212888086146427,7.212888086146427
4090,4198,Singapore,SGP,2017,61236.251270627,83.0951219512195,11.022494634159038,11.022494634159038
4091,4199,Solomon Islands,SLB,2017,2143.57670489272,69.652,7.670231070278906,7.6702310702789065
4092,4200,Sierra Leone,SLE,2017,779.186007841728,57.761,6.658249795085124,6.658249795085124
4093,4201,El Salvador,SLV,2017,4020.12671373919,71.007,8.29906870194694,8.29906870194694
4094,4202,San Marino,SMR,2017,45192.0279766943,84.933,10.718675978067887,10.718675978067889
4095,4203,"Somalia, Fed. Rep.",SOM,2017,510.939952317726,52.19,6.23625207315741,6.23625207315741
4096,4204,Serbia,SRB,2017,6548.03653824187,75.5390243902439,8.78692051853683,8.78692051853683
4097,4205,Sub-Saharan Africa (excluding high income),SSA,2017,1641.39239957439,59.6367945564451,7.403300184731857,7.403300184731857
4098,4207,Sub-Saharan Africa,SSF,2017,1546.91774199323,60.1584760722652,7.344019676562864,7.344019676562864
4099,4208,Small states,SST,2017,11304.5050810878,71.6518752446228,9.332956604991065,9.332956604991063
4100,4209,Sao Tome and Principe,STP,2017,1555.79477812888,67.074,7.349741805377325,7.349741805377325
4101,4210,Suriname,SUR,2017,6049.52128553675,71.247,8.707734421536669,8.707734421536669
4102,4211,Slovak Republic,SVK,2017,17645.5298716761,77.1658536585366,9.778237765223588,9.778237765223587
4103,4212,Slovenia,SVN,2017,23303.077705959,81.0292682926829,10.056340721215133,10.056340721215133
4104,4213,Sweden,SWE,2017,53210.2233318965,82.409756097561,10.882005824760643,10.882005824760643
4105,4214,Eswatini,SWZ,2017,3853.09956569679,57.574,8.256633185376318,8.256633185376318
4106,4215,Sint Maarten (Dutch part),SXM,2017,34701.3058494468,75.455,10.454532597775763,10.454532597775763
4107,4216,Seychelles,SYC,2017,17480.3651911372,74.3,9.76883354093278,9.76883354093278
4108,4217,Syrian Arab Republic,SYR,2017,851.502005254153,65.651,6.74700185506668,6.74700185506668
4109,4218,Turks and Caicos Islands,TCA,2017,30014.2309523213,77.505,10.309426913246124,10.309426913246124
4110,4219,Chad,TCD,2017,854.46120040098,51.875,6.750471095323443,6.750471095323443
4111,4220,East Asia & Pacific (IDA & IBRD countries),TEA,2017,7323.51364847919,75.2671640185859,8.898845498411871,8.898845498411871
4112,4221,Europe & Central Asia (IDA & IBRD countries),TEC,2017,8575.46129195764,74.1318681774556,9.056660065567725,9.056660065567725
4113,4222,Togo,TGO,2017,792.765700965864,60.145,6.67552771891878,6.67552771891878
4114,4223,Thailand,THA,2017,6413.09182530343,76.989,8.766096777665318,8.766096777665318
4115,4224,Tajikistan,TJK,2017,829.45714764957,70.524,6.720771447837426,6.720771447837426
4116,4225,Turkmenistan,TKM,2017,5828.4816623489,69.19,8.670511810150751,8.670511810150751
4117,4226,Latin America & the Caribbean (IDA & IBRD countries),TLA,2017,8918.30251254156,74.7614101353626,9.09586090617989,9.09586090617989
4118,4227,Timor-Leste,TLS,2017,1266.17771143471,65.898,7.143757965234128,7.143757965234128
4119,4228,"Middle East, North Africa, Afghanistan & Pakistan (IDA & IBRD)",TMN,2017,2854.66192638041,69.7772409464567,7.956708700500761,7.956708700500761
4120,4229,Tonga,TON,2017,4365.92932788383,72.066,8.381586350053508,8.381586350053508
4121,4230,South Asia (IDA & IBRD),TSA,2017,1956.06707554186,70.2904723380061,7.578691142206114,7.578691142206114
4122,4231,Sub-Saharan Africa (IDA & IBRD countries),TSS,2017,1546.91774199323,60.1584760722652,7.344019676562864,7.344019676562864
4123,4232,Trinidad and Tobago,TTO,2017,17566.0999700656,72.984,9.773726185572423,9.773726185572425
4124,4233,Tunisia,TUN,2017,3619.03247319953,75.177,8.193961996499317,8.193961996499317
4125,4234,Turkiye,TUR,2017,10756.3877677883,77.037,9.283255068039434,9.283255068039434
4126,4235,Tuvalu,TUV,2017,4165.66338700106,65.683,8.334630818508664,8.334630818508664
4127,4236,Tanzania,TZA,2017,986.674011230469,64.963,6.894339702436956,6.894339702436956
4128,4237,Uganda,UGA,2017,765.218332297361,65.174,6.640161194803116,6.640161194803116
4129,4238,Ukraine,UKR,2017,2604.28759765625,73.993,7.86491444179836,7.86491444179836
4130,4239,Upper middle income,UMC,2017,8064.20583627107,75.4807608424492,8.995190515316619,8.995190515316619
4131,4240,Uruguay,URY,2017,19184.6502617082,77.618,9.861865772736843,9.861865772736843
4132,4241,United States,USA,2017,59635.0984397965,78.5390243902439,10.995999579716472,10.995999579716472
4133,4242,Uzbekistan,UZB,2017,2190.60411562888,71.737,7.691932636655744,7.691932636655744
4134,4243,St. Vincent and the Grenadines,VCT,2017,7988.04445019298,71.013,8.985701259141278,8.985701259141278
4135,4244,"Venezuela, RB",VEN,2017,3791.33160682077,71.903,8.240472583814524,8.240472583814524
4136,4246,Virgin Islands (U.S.),VIR,2017,35365.0693039774,79.3682926829268,10.473479869145178,10.473479869145178
4137,4247,Viet Nam,VNM,2017,2956.10992127753,74.026,7.991629467194556,7.991629467194556
4138,4248,Vanuatu,VUT,2017,3159.86055790126,70.5,8.058283178360886,8.058283178360886
4139,4249,World,WLD,2017,10747.764306505,72.3651230321768,9.282453040438831,9.282453040438833
4140,4250,Samoa,WSM,2017,4307.59381964907,70.991,8.368134748698628,8.368134748698628
4141,4251,Kosovo,XKX,2017,4009.32022050863,77.105,8.296376984860126,8.296376984860126
4142,4252,"Yemen, Rep.",YEM,2017,811.165970405745,67.12,6.698472682259946,6.698472682259946
4143,4253,South Africa,ZAF,2017,6618.33508255701,65.422,8.797599119196931,8.797599119196931
4144,4254,Zambia,ZMB,2017,1483.46577328065,61.564,7.302136367864217,7.302136367864217
4145,4255,Zimbabwe,ZWE,2017,3445.44941020134,60.263,8.144809627828154,8.144809627828154
4146,4256,Aruba,ABW,2018,30082.1584226798,75.88,10.311687531562564,10.311687531562564
4147,4257,Africa Eastern and Southern,AFE,2018,1552.07372194919,63.3306913582336,7.347347200870937,7.347347200870937
4148,4258,Afghanistan,AFG,2018,491.337221382603,62.443,6.197130697311605,6.197130697311605
4149,4259,Africa Western and Central,AFW,2018,1720.14009242722,57.0371042874016,7.450161015576295,7.450161015576295
4150,4260,Angola,AGO,2018,2860.0936483682,62.622,7.958609647462504,7.958609647462504
4151,4261,Albania,ALB,2018,5897.65452588774,79.238,8.68231001286951,8.68231001286951
4152,4262,Andorra,AND,2018,42819.7577456133,84.242,10.664754904622145,10.664754904622143
4153,4263,Arab World,ARB,2018,6699.18058175457,71.4312997859137,8.80974049666899,8.80974049666899
4154,4264,United Arab Emirates,ARE,2018,47135.3591943971,82.449,10.760778724346396,10.760778724346395
4155,4265,Argentina,ARG,2018,11752.7998922979,76.77,9.371846779892264,9.371846779892264
4156,4266,Armenia,ARM,2018,4196.00562301769,75.619512195122,8.341888309605302,8.341888309605302
4157,4267,American Samoa,ASM,2018,12552.0546868861,72.794,9.437639651229867,9.437639651229867
4158,4268,Antigua and Barbuda,ATG,2018,18273.4270684912,77.132,9.813203210790132,9.813203210790133
4159,4269,Australia,AUS,2018,57410.1737346009,82.7487804878049,10.957976809365096,10.957976809365096
4160,4270,Austria,AUT,2018,51194.0749841299,81.6926829268293,10.843379081364969,10.843379081364967
4161,4271,Azerbaijan,AZE,2018,4739.7943123408,73.016,8.463749019726647,8.463749019726647
4162,4272,Burundi,BDI,2018,245.661678332009,61.806,5.503955298017957,5.503955298017957
4163,4273,Belgium,BEL,2018,47487.2100392561,81.5951219512195,10.76821569143367,10.76821569143367
4164,4274,Benin,BEN,2018,1151.7409703472,59.71,7.04902996384364,7.04902996384364
4165,4275,Burkina Faso,BFA,2018,777.465618514048,59.972,6.6560394225149215,6.6560394225149215
4166,4276,Bangladesh,BGD,2018,1965.24372731467,72.122,7.583371550868579,7.583371550868579
4167,4277,Bulgaria,BGR,2018,9849.38397225174,74.9634146341464,9.195164191322224,9.195164191322224
4168,4278,Bahrain,BHR,2018,26324.4066549559,80.412,10.178251797525215,10.178251797525217
4169,4279,"Bahamas, The",BHS,2018,32642.3353203452,74.062,10.393365354323317,10.393365354323315
4170,4280,Bosnia and Herzegovina,BIH,2018,6047.84707207392,77.942,8.707457631837617,8.707457631837617
4171,4281,Belarus,BLR,2018,6360.037502312,74.1756097560976,8.75778955290672,8.75778955290672
4172,4282,Belize,BLZ,2018,6011.99036888587,72.322,8.701511148889857,8.701511148889857
4173,4283,Bermuda,BMU,2018,113204.82210838,80.986,11.63695404197451,11.63695404197451
4174,4284,Bolivia,BOL,2018,4206.8552936661,67.699,8.344470686437525,8.344470686437525
4175,4285,Brazil,BRA,2018,9300.66072904004,75.633,9.137840722751028,9.137840722751028
4176,4286,Barbados,BRB,2018,21381.2426303209,76.378,9.97026930404633,9.97026930404633
4177,4287,Brunei Darussalam,BRN,2018,30988.1190267227,74.992,10.341359152802978,10.341359152802978
4178,4288,Bhutan,BTN,2018,3400.20417245342,71.711,8.131590759522874,8.131590759522874
4179,4289,Botswana,BWA,2018,7407.95940141786,66.371,8.910310295940839,8.910310295940839
4180,4290,Central African Republic,CAF,2018,455.243962859534,52.297,6.120833457365551,6.120833457365551
4181,4291,Canada,CAN,2018,46539.1761570405,81.8036585365854,10.748049734874089,10.748049734874089
4182,4292,Central Europe and the Baltics,CEB,2018,16227.2484719489,76.9764380835075,9.694447112676505,9.694447112676505
4183,4293,Switzerland,CHE,2018,85217.3691512274,83.7536585365854,11.35296055531743,11.35296055531743
4184,4294,Channel Islands,CHI,2018,60784.8125397162,81.1,11.015095242995937,11.015095242995935
4185,4295,Chile,CHL,2018,15659.4808675628,80.559,9.658831818775823,9.658831818775825
4186,4296,China,CHN,2018,10085.6638148819,77.709,9.21887027022332,9.21887027022332
4187,4297,Cote d'Ivoire,CIV,2018,2130.86619381144,59.795,7.664283839799413,7.664283839799413
4188,4298,Cameroon,CMR,2018,1610.69641591017,61.189,7.384421920918873,7.384421920918873
4189,4299,"Congo, Dem. Rep.",COD,2018,518.169626875371,59.926,6.250302653664887,6.250302653664887
4190,4300,"Congo, Rep.",COG,2018,2694.43413191427,64.472,7.898943491691299,7.898943491691299
4191,4301,Colombia,COL,2018,6816.96818309544,76.579,8.827170104063562,8.827170104063562
4192,4302,Comoros,COM,2018,1527.40527125285,65.401,7.331325673576291,7.331325673576291
4193,4303,Cabo Verde,CPV,2018,4294.96510035729,74.84,8.36519870874094,8.36519870874094
4194,4304,Costa Rica,CRI,2018,12590.2493781614,80.09,9.440677934480144,9.440677934480144
4195,4305,Caribbean small states,CSS,2018,13896.7409040963,72.2210854022703,9.53940962429582,9.53940962429582
4196,4306,Cuba,CUB,2018,8911.46205998726,77.426,9.095093599033223,9.095093599033225
4197,4307,Curacao,CUW,2018,19119.1244887029,76.493,9.858444395217177,9.858444395217177
4198,4308,Cayman Islands,CYM,2018,83865.5540393356,78.835,11.336970248430717,11.336970248430715
4199,4309,Cyprus,CYP,2018,29120.375,81.556,10.279193379974958,10.279193379974958
4200,4310,Czechia,CZE,2018,23705.9329811299,79.0292682926829,10.07348063255074,10.07348063255074
4201,4311,Germany,DEU,2018,48916.1686612154,80.8926829268293,10.797863268279754,10.797863268279754
4202,4312,Djibouti,DJI,2018,2718.08338799203,64.105,7.907682274149238,7.907682274149238
4203,4313,Dominica,DMA,2018,9215.3085405645,71.378,9.128621351970368,9.128621351970367
4204,4314,Denmark,DNK,2018,61324.7665045565,80.9536585365854,11.023939061611191,11.023939061611191
4205,4315,Dominican Republic,DOM,2018,7882.98221584944,73.555,8.972461565044354,8.972461565044354
4206,4316,Algeria,DZA,2018,4577.21029180491,75.555,8.428844984934633,8.428844984934633
4207,4317,East Asia & Pacific (excluding high income),EAP,2018,8045.94630458507,75.57828618156,8.992923678933535,8.992923678933535
4208,4318,Early-demographic dividend,EAR,2018,3463.50882263374,70.5486659921504,8.150037464776794,8.150037464776794
4209,4319,East Asia & Pacific,EAS,2018,11438.8584591418,76.3914229383171,9.34477147491488,9.344771474914879
4210,4320,Europe & Central Asia (excluding high income),ECA,2018,5996.28775888893,74.5927989243036,8.69889584988028,8.69889584988028
4211,4321,Europe & Central Asia,ECS,2018,25408.6379771601,78.0318405978087,10.142844473034216,10.142844473034215
4212,4322,Ecuador,ECU,2018,6303.91886658338,77.248,8.748926761306318,8.748926761306318
4213,4323,"Egypt, Arab Rep.",EGY,2018,2484.70315630508,70.974,7.81790847719232,7.81790847719232
4214,4324,Euro area,EMU,2018,40107.5362854643,82.0027602577719,10.599319532930034,10.599319532930034
4215,4326,Spain,ESP,2018,30602.4212881113,83.4317073170732,10.328834411872553,10.328834411872553
4216,4327,Estonia,EST,2018,23618.1361254581,78.2439024390244,10.069770175776512,10.069770175776512
4217,4328,Ethiopia,ETH,2018,739.702022272086,65.257,6.606247432498543,6.6062474324985425
4218,4329,European Union,EUU,2018,36054.953230113,81.0317510064821,10.492799532168297,10.492799532168297
4219,4330,Fragile and conflict affected situations,FCS,2018,1634.92965875473,61.7825083062786,7.399355060237513,7.399355060237513
4220,4331,Finland,FIN,2018,49654.2497035329,81.7341463414634,10.812839259033648,10.812839259033648
4221,4332,Fiji,FJI,2018,6085.41979485376,66.965,8.713650991514301,8.713650991514301
4222,4333,France,FRA,2018,41418.1766484844,82.6756097560976,10.631475112939684,10.631475112939684
4223,4334,Faroe Islands,FRO,2018,62526.4908515743,82.2486024390244,11.043345599549108,11.043345599549108
4224,4335,"Micronesia, Fed. Sts.",FSM,2018,3566.58690371125,65.943,8.179364368086379,8.179364368086379
4225,4336,Gabon,GAB,2018,7624.2775233771,67.043,8.939092845953938,8.939092845953938
4226,4337,United Kingdom,GBR,2018,43702.9976303165,81.2560975609756,10.685171974390524,10.685171974390524
4227,4338,Georgia,GEO,2018,4804.0546040444,73.985,8.477215549505885,8.477215549505885
4228,4339,Ghana,GHA,2018,2195.32166016377,64.138,7.694083856988851,7.694083856988851
4229,4341,Guinea,GIN,2018,933.273615633705,59.043,6.8386984221985685,6.8386984221985685
4230,4342,"Gambia, The",GMB,2018,696.219806960615,64.034,6.545665425074072,6.545665425074072
4231,4343,Guinea-Bissau,GNB,2018,808.531613218504,61.652,6.695219779326951,6.695219779326951
4232,4344,Equatorial Guinea,GNQ,2018,8102.47084834031,61.915,8.999924337149348,8.999924337149348
4233,4345,Greece,GRC,2018,19873.4015238771,81.7878048780488,9.897137509816558,9.897137509816558
4234,4346,Grenada,GRD,2018,10083.021279225,74.957,9.218608226797118,9.218608226797118
4235,4347,Greenland,GRL,2018,54545.135857765,71.3609756097561,10.906783818775205,10.906783818775203
4236,4348,Guatemala,GTM,2018,4352.94593289707,71.496,8.378608120822063,8.378608120822063
4237,4349,Guam,GUM,2018,37195.9503070464,76.561,10.523955171621456,10.523955171621456
4238,4350,Guyana,GUY,2018,6048.38697180418,68.829,8.707546899245747,8.707546899245747
4239,4351,High income,HIC,2018,41094.8560877186,79.9666388096738,10.62363823663508,10.62363823663508
4240,4352,"Hong Kong SAR, China",HKG,2018,48537.5668888343,84.869756097561,10.790093352124666,10.790093352124666
4241,4353,Honduras,HND,2018,2464.64241531918,72.001,7.80980201117464,7.80980201117464
4242,4354,Heavily indebted poor countries (HIPC),HPC,2018,985.478210719267,62.7986163404611,6.893127016474444,6.893127016474444
4243,4355,Croatia,HRV,2018,15460.3669595491,77.919512195122,9.646035057923696,9.646035057923696
4244,4356,Haiti,HTI,2018,1496.38048970156,64.077,7.31080446423179,7.31080446423179
4245,4357,Hungary,HUN,2018,16605.0570511887,76.0658536585366,9.717462569588667,9.717462569588667
4246,4358,IBRD only,IBD,2018,6394.19484299789,73.794943952938,8.763145801942159,8.763145801942159
4247,4359,IDA & IBRD total,IBT,2018,5085.50217477104,71.1530163508746,8.534149059707097,8.534149059707097
4248,4360,IDA total,IDA,2018,1408.95016839901,63.7309649694635,7.250600144629554,7.250600144629554
4249,4361,IDA blend,IDB,2018,1869.38204447614,61.0740542759518,7.53336319773613,7.53336319773613
4250,4362,Indonesia,IDN,2018,3860.95353090726,70.08,8.258669460684754,8.258669460684754
4251,4363,IDA only,IDX,2018,1159.06134313704,65.1729422228289,7.0553657695811,7.0553657695811
4252,4364,Isle of Man,IMN,2018,89393.8244248812,80.614,11.400806880754146,11.400806880754146
4253,4365,India,IND,2018,1966.25455171679,70.415,7.583885769292524,7.583885769292524
4254,4367,Ireland,IRL,2018,80804.1123164826,82.2048780487805,11.299783138220052,11.299783138220052
4255,4368,"Iran, Islamic Rep.",IRN,2018,4783.01067340237,76.621,8.472825475206632,8.472825475206632
4256,4369,Iraq,IRQ,2018,5646.68932074742,71.116,8.638824691468628,8.638824691468628
4257,4370,Iceland,ISL,2018,75633.8651351915,82.8609756097561,11.23365941339099,11.23365941339099
4258,4371,Israel,ISR,2018,42362.6652754196,82.8024390243903,10.654022717363455,10.654022717363455
4259,4372,Italy,ITA,2018,34904.1081923834,83.3463414634146,10.460359814511666,10.460359814511666
4260,4373,Jamaica,JAM,2018,5976.90362644337,71.606,8.695657924625893,8.695657924625893
4261,4374,Jordan,JOR,2018,4145.43989673265,76.491,8.32976418901495,8.32976418901495
4262,4375,Japan,JPN,2018,39751.1330982711,84.2109756097561,10.590393625293084,10.590393625293084
4263,4376,Kazakhstan,KAZ,2018,9472.48527327758,73.369,9.156146588209843,9.156146588209845
4264,4377,Kenya,KEN,2018,1836.45275528993,62.825,7.515591139521756,7.515591139521756
4265,4378,Kyrgyz Republic,KGZ,2018,1283.5203037417,71.4,7.157361819229083,7.157361819229083
4266,4379,Cambodia,KHM,2018,2036.67377566578,69.993,7.619073253998369,7.619073253998369
4267,4380,Kiribati,KIR,2018,1912.73809378187,65.807,7.556291051432737,7.556291051432737
4268,4381,St. Kitts and Nevis,KNA,2018,22901.3816403197,71.336,10.038952521360743,10.038952521360745
4269,4382,"Korea, Rep.",KOR,2018,35363.9508228687,82.6268292682927,10.47344824192606,10.473448241926059
4270,4383,Kuwait,KWT,2018,32067.9623756889,80.1063658536585,10.375612753895624,10.375612753895624
4271,4384,Latin America & Caribbean (excluding high income),LAC,2018,8484.48335233409,74.8906731016397,9.04599428628403,9.04599428628403
4272,4385,Lao PDR,LAO,2018,2545.1075420815,67.594,7.841928184312483,7.841928184312483
4273,4386,Lebanon,LBN,2018,9174.53666204759,78.263,9.124187171598292,9.124187171598292
4274,4387,Liberia,LBR,2018,692.203127129794,60.999,6.539879448859046,6.539879448859046
4275,4388,Libya,LBY,2018,11196.5854810844,73.151,9.32336414304124,9.32336414304124
4276,4389,St. Lucia,LCA,2018,11642.6984727769,72.655,9.362434521975723,9.362434521975725
4277,4390,Latin America & Caribbean,LCN,2018,8778.37906311973,75.052717198381,9.080047052628604,9.080047052628604
4278,4391,Least developed countries: UN classification,LDC,2018,1080.56177999961,64.6023317246507,6.985236351544787,6.985236351544787
4279,4392,Low income,LIC,2018,645.846067078285,62.3400968181546,6.470561189131397,6.470561189131397
4280,4393,Liechtenstein,LIE,2018,174988.775083446,83.0414634146342,12.072477108468131,12.072477108468131
4281,4394,Sri Lanka,LKA,2018,4358.56095906047,76.485,8.379897226601495,8.379897226601495
4282,4395,Lower middle income,LMC,2018,2085.0452543512,68.2810033644819,7.642545838722154,7.642545838722154
4283,4396,Low & middle income,LMY,2018,4853.74507668345,71.1341707290628,8.487505866712826,8.487505866712826
4284,4397,Lesotho,LSO,2018,1170.65569702819,54.638,7.065319295622884,7.065319295622884
4285,4398,Late-demographic dividend,LTE,2018,9966.81160876463,76.7781489421434,9.20701601329034,9.207016013290339
4286,4399,Lithuania,LTU,2018,19247.2315367967,75.6804878048781,9.865122513103078,9.865122513103078
4287,4400,Luxembourg,LUX,2018,116926.759593905,82.2951219512195,11.669303031391737,11.669303031391737
4288,4401,Latvia,LVA,2018,17252.1710428626,74.7829268292683,9.75569327209736,9.75569327209736
4289,4402,"Macao SAR, China",MAC,2018,83588.2875009014,83.6780487804878,11.33365868759378,11.333658687593779
4290,4404,Morocco,MAR,2018,3501.69799804688,73.946,8.161003272133136,8.161003272133136
4291,4405,Monaco,MCO,2018,188298.315668437,86.084,12.145782769668632,12.145782769668632
4292,4406,Moldova,MDA,2018,4156.44981956646,70.236,8.332416580136679,8.332416580136679
4293,4407,Madagascar,MDG,2018,500.45718552916,63.491,6.215522051697948,6.215522051697948
4294,4408,Maldives,MDV,2018,11423.2838427029,79.433,9.343408993775306,9.343408993775306
4295,4409,"Middle East, North Africa, Afghanistan & Pakistan",MEA,2018,5545.88899607591,70.9403213532696,8.620812210843054,8.620812210843054
4296,4410,Mexico,MEX,2018,10084.7937562021,74.301,9.218783999629082,9.218783999629082
4297,4411,Marshall Islands,MHL,2018,4858.12079054875,65.87,8.488406973507587,8.488406973507587
4298,4412,Middle income,MIC,2018,5248.39737081301,71.9597989462594,8.565678046281242,8.565678046281242
4299,4413,North Macedonia,MKD,2018,6713.98925398989,76.6487804878049,8.811948577001,8.811948577001
4300,4414,Mali,MLI,2018,996.379292136901,58.873,6.904128000491313,6.904128000491313
4301,4415,Malta,MLT,2018,33382.2677499267,82.2487804878049,10.415780132293648,10.415780132293648
4302,4416,Myanmar,MMR,2018,1298.21310327675,66.232,7.168744061967587,7.168744061967587
4303,4417,"Middle East, North Africa, Afghanistan & Pakistan (excluding high income)",MNA,2018,2809.30894215325,70.0733668958653,7.940693804023185,7.940693804023185
4304,4418,Montenegro,MNE,2018,8673.59128084795,77.8853658536585,9.068038203253764,9.068038203253764
4305,4419,Mongolia,MNG,2018,4107.64288528468,70.8270731707317,8.3206046357421,8.3206046357421
4306,4420,Northern Mariana Islands,MNP,2018,26509.3628379893,77.51,10.1852532642145,10.185253264214499
4307,4421,Mozambique,MOZ,2018,517.507260258101,60.79,6.249023554525365,6.249023554525365
4308,4422,Mauritania,MRT,2018,1722.93528854073,67.419,7.451784678388348,7.451784678388348
4309,4423,Mauritius,MUS,2018,11818.7480619272,74.4163414634146,9.377442368423862,9.377442368423862
4310,4424,Malawi,MWI,2018,533.202567189331,64.464,6.278901402976629,6.278901402976629
4311,4425,Malaysia,MYS,2018,10901.8019954421,75.734,9.296683375236038,9.296683375236038
4312,4426,North America,NAC,2018,60890.5689258698,78.960276789842,11.016833580061512,11.016833580061512
4313,4427,Namibia,NAM,2018,5308.60813408705,62.579,8.577084958235245,8.577084958235245
4314,4428,New Caledonia,NCL,2018,34902.8968780031,77.557,10.460325109846162,10.460325109846162
4315,4429,Niger,NER,2018,578.568035680892,59.765,6.360556146772828,6.360556146772828
4316,4430,Nigeria,NGA,2018,2057.87944554011,52.669,7.629431336223453,7.629431336223453
4317,4431,Nicaragua,NIC,2018,2035.16549390507,73.879,7.61833241835637,7.6183324183563705
4318,4432,Netherlands,NLD,2018,53955.0770024266,81.8121951219512,10.895907071956978,10.895907071956978
4319,4433,Norway,NOR,2018,82792.8427113304,82.7585365853659,11.324096895952724,11.324096895952724
4320,4434,Nepal,NPL,2018,1179.19843190389,69.036,7.072590191637622,7.072590191637622
4321,4435,Nauru,NRU,2018,11413.7463016389,61.238,9.342573723903678,9.342573723903678
4322,4436,New Zealand,NZL,2018,43257.0769238879,81.7073170731707,10.67491612727236,10.674916127272361
4323,4437,OECD members,OED,2018,39552.6956716291,80.0280311277289,10.585389129447805,10.585389129447803
4324,4438,Oman,OMN,2018,19901.7615642016,79.864,9.898563527608998,9.898563527608998
4325,4439,Other small states,OSS,2018,13025.990833966,72.4217850423792,9.474701935433906,9.474701935433906
4326,4440,Pakistan,PAK,2018,1569.33814626355,66.481,7.35840924657028,7.35840924657028
4327,4441,Panama,PAN,2018,16151.3273433486,78.266,9.689757513716156,9.689757513716156
4328,4442,Peru,PER,2018,6978.49121548627,76.018,8.85058801415107,8.85058801415107
4329,4443,Philippines,PHL,2018,3168.51036609727,69.761,8.06101684036853,8.06101684036853
4330,4444,Palau,PLW,2018,16166.9671073752,68.989,9.690725372046138,9.690725372046138
4331,4445,Papua New Guinea,PNG,2018,2566.36833735041,65.114,7.85024708021704,7.8502470802170405
4332,4446,Poland,POL,2018,15658.2120316794,77.6024390243903,9.65875078880416,9.658750788804161
4333,4447,Pre-demographic dividend,PRE,2018,1449.85562070843,60.2075335712172,7.279219258531786,7.2792192585317865
4334,4448,Puerto Rico (US),PRI,2018,30679.9181934488,81.086,10.331363589032032,10.331363589032032
4335,4450,Portugal,PRT,2018,23541.1401075289,81.3243902439024,10.066504812416667,10.066504812416667
4336,4451,Paraguay,PRY,2018,6258.44991640984,73.627,8.74168781624502,8.74168781624502
4337,4452,West Bank and Gaza,PSE,2018,3562.33094270256,75.38,8.178170368770914,8.178170368770914
4338,4453,Pacific island small states,PSS,2018,4247.0901276249,68.5825887890247,8.353989351567943,8.353989351567943
4339,4454,Post-demographic dividend,PST,2018,45535.8018785923,80.7441118099251,10.72625415000591,10.72625415000591
4340,4455,French Polynesia,PYF,2018,21925.616043938,82.985,9.995410914630734,9.995410914630734
4341,4456,Qatar,QAT,2018,71039.9308240078,82.714,11.170997403904426,11.170997403904426
4342,4457,Romania,ROU,2018,12416.134317959,75.3585365853659,9.42675206049907,9.42675206049907
4343,4458,Russian Federation,RUS,2018,11211.8876953125,72.6621951219512,9.324729895762207,9.324729895762207
4344,4459,Rwanda,RWA,2018,771.773511207309,66.354,6.648691127715517,6.648691127715517
4345,4460,South Asia,SAS,2018,1988.3663331799,70.6523573971364,7.595068642463769,7.595068642463769
4346,4461,Saudi Arabia,SAU,2018,29360.0658968566,78.75,10.287390727169278,10.287390727169278
4347,4462,Sudan,SDN,2018,731.027465820313,65.501,6.594451031985538,6.594451031985538
4348,4463,Senegal,SEN,2018,1452.55612562445,67.379,7.281080128684835,7.281080128684835
4349,4464,Singapore,SGP,2018,66881.6067035265,83.2975609756098,11.11067927114715,11.11067927114715
4350,4465,Solomon Islands,SLB,2018,2278.19908624102,69.806,7.7311405353776,7.7311405353776
4351,4466,Sierra Leone,SLE,2018,845.914540460932,59.059,6.740418338500136,6.740418338500136
4352,4467,El Salvador,SLV,2018,4183.54620971358,71.384,8.338914541381254,8.338914541381254
4353,4468,San Marino,SMR,2018,47950.6880557136,85.095,10.77792842965,10.77792842965
4354,4469,"Somalia, Fed. Rep.",SOM,2018,509.497273804534,54.767,6.2334245019213474,6.2334245019213474
4355,4470,Serbia,SRB,2018,7559.86165747394,75.890243902439,8.930608169730212,8.930608169730212
4356,4471,Sub-Saharan Africa (excluding high income),SSA,2018,1718.42346098448,60.25831901022,7.449162557028889,7.449162557028889
4357,4473,Sub-Saharan Africa,SSF,2018,1620.54140805919,60.7667795961955,7.390515574898885,7.390515574898885
4358,4474,Small states,SST,2018,12057.788581183,71.8640735615265,9.397466085406087,9.397466085406087
4359,4475,Sao Tome and Principe,STP,2018,1825.59971753966,67.602,7.509663824385877,7.5096638243858775
4360,4476,Suriname,SUR,2018,6665.74180472239,71.468,8.80473652495258,8.80473652495258
4361,4477,Slovak Republic,SVK,2018,19573.3717031314,77.2658536585366,9.881925334928212,9.881925334928212
4362,4478,Slovenia,SVN,2018,25888.0481065655,81.3780487804878,10.161536678113812,10.161536678113812
4363,4479,Sweden,SWE,2018,54018.4554391861,82.5585365853659,10.897081034549574,10.897081034549574
4364,4480,Eswatini,SWZ,2018,3972.65450620357,58.707,8.287189791601298,8.287189791601298
4365,4481,Sint Maarten (Dutch part),SXM,2018,31708.3110124742,75.693,10.364334102552634,10.364334102552634
4366,4482,Seychelles,SYC,2018,18440.2340460932,72.8414634146341,9.822290189334442,9.822290189334442
4367,4483,Syrian Arab Republic,SYR,2018,1098.0668642357,67.371,7.001306516604893,7.001306516604893
4368,4484,Turks and Caicos Islands,TCA,2018,31625.616593277,77.596,10.361722722860373,10.361722722860373
4369,4485,Chad,TCD,2018,948.656629871231,52.447,6.855046910028915,6.855046910028915
4370,4486,East Asia & Pacific (IDA & IBRD countries),TEA,2018,8136.37041895137,75.6101241544348,9.004099465078363,9.004099465078363
4371,4487,Europe & Central Asia (IDA & IBRD countries),TEC,2018,8911.87742979014,74.2976622013592,9.095140208682691,9.095140208682691
4372,4488,Togo,TGO,2018,851.120561233595,60.608,6.746553788613847,6.746553788613847
4373,4489,Thailand,THA,2018,7099.77650081458,77.19,8.86781858377543,8.86781858377543
4374,4490,Tajikistan,TJK,2018,834.288404578801,70.737,6.726579151428132,6.7265791514281315
4375,4491,Turkmenistan,TKM,2018,6125.05169712085,69.272,8.72014247572357,8.72014247572357
4376,4492,Latin America & the Caribbean (IDA & IBRD countries),TLA,2018,8620.46890240755,74.9760978010797,9.061894759209313,9.061894759209313
4377,4493,Timor-Leste,TLS,2018,1219.46599728983,66.204,7.106168334766086,7.106168334766086
4378,4494,"Middle East, North Africa, Afghanistan & Pakistan (IDA & IBRD)",TMN,2018,2804.12633142444,70.0368444388331,7.93884730114259,7.93884730114259
4379,4495,Tonga,TON,2018,4675.04791274385,72.169,8.449994690385532,8.449994690385532
4380,4496,South Asia (IDA & IBRD),TSA,2018,1988.3663331799,70.6523573971364,7.595068642463769,7.595068642463769
4381,4497,Sub-Saharan Africa (IDA & IBRD countries),TSS,2018,1620.54140805919,60.7667795961954,7.390515574898885,7.390515574898885
4382,4498,Trinidad and Tobago,TTO,2018,17571.498737278,72.658,9.774033478469692,9.774033478469692
4383,4499,Tunisia,TUN,2018,3628.10366464236,75.37,8.196465384322503,8.196465384322503
4384,4500,Turkiye,TUR,2018,9684.11819884721,77.454,9.178242523564546,9.178242523564546
4385,4501,Tuvalu,TUV,2018,4466.12034928245,65.871,8.404275379928293,8.404275379928293
4386,4502,Tanzania,TZA,2018,1023.10626220703,65.488,6.930598633682338,6.930598633682338
4387,4503,Uganda,UGA,2018,792.16570022814,65.775,6.674770587391278,6.674770587391278
4388,4504,Ukraine,UKR,2018,3059.0517578125,73.569,8.025860263854936,8.025860263854936
4389,4505,Upper middle income,UMC,2018,8569.23675625056,75.8217431147146,9.055933947678326,9.055933947678326
4390,4506,Uruguay,URY,2018,19249.9404677501,77.527,9.865263247126736,9.865263247126737
4391,4507,United States,USA,2018,62499.8744390068,78.6390243902439,11.042919826746584,11.042919826746584
4392,4508,Uzbekistan,UZB,2018,1813.08530813664,71.999,7.502785263225715,7.502785263225715
4393,4509,St. Vincent and the Grenadines,VCT,2018,8428.12677153069,71.017,9.039329816520812,9.039329816520812
4394,4510,"Venezuela, RB",VEN,2018,3422.65467014854,72.641,8.1381717482959,8.1381717482959
4395,4512,Virgin Islands (U.S.),VIR,2018,36663.2087550584,79.5195121951219,10.509529044979065,10.509529044979063
4396,4513,Viet Nam,VNM,2018,3222.31003125366,74.1,8.07785378233981,8.07785378233981
4397,4514,Vanuatu,VUT,2018,3206.65748718811,70.626,8.072984392364294,8.072984392364294
4398,4515,World,WLD,2018,11309.3830773178,72.6433686298045,9.333388020966192,9.333388020966192
4399,4516,Samoa,WSM,2018,4231.81409469194,71.052,8.350386044097812,8.350386044097812
4400,4517,Kosovo,XKX,2018,4384.18796444738,77.117,8.38575970281079,8.38575970281079
4401,4518,"Yemen, Rep.",YEM,2018,633.887202451545,65.915,6.45187102449435,6.45187102449435
4402,4519,South Africa,ZAF,2018,6914.1780318076,65.726,8.84132936961601,8.84132936961601
4403,4520,Zambia,ZMB,2018,1463.89997855593,62.138,7.288859371528776,7.288859371528776
4404,4521,Zimbabwe,ZWE,2018,2270.89531874302,60.906,7.727929446258053,7.727929446258053
4405,4522,Aruba,ABW,2019,30645.8906024548,76.019,10.330253857414815,10.330253857414815
4406,4523,Africa Eastern and Southern,AFE,2019,1507.08559963484,63.8572612837043,7.317932998363618,7.317932998363618
4407,4524,Afghanistan,AFG,2019,496.6025042585,62.941,6.207789915869446,6.207789915869446
4408,4525,Africa Western and Central,AFW,2019,2216.38505520833,57.149956341607,7.703632794148016,7.703632794148016
4409,4526,Angola,AGO,2019,2493.67884440177,63.051,7.821514346657858,7.8215143466578585
4410,4527,Albania,ALB,2019,6069.43903131027,79.467,8.711021463194774,8.711021463194774
4411,4528,Andorra,AND,2019,41257.816459345,84.098,10.627595863735394,10.627595863735394
4412,4529,Arab World,ARB,2019,6674.34224402621,71.8398932674972,8.806025938192251,8.806025938192251
4413,4530,United Arab Emirates,ARE,2019,45938.6073581994,82.596,10.735061161421376,10.735061161421376
4414,4531,Argentina,ARG,2019,9955.97478680428,76.847,9.205928131021867,9.205928131021869
4415,4532,Armenia,ARM,2019,4597.22887399548,76.2219512195122,8.433208982253502,8.433208982253502
4416,4533,American Samoa,ASM,2019,12886.1359517218,72.751,9.46390727998608,9.463907279986081
4417,4534,Antigua and Barbuda,ATG,2019,18896.3721832248,77.168,9.84672523464584,9.84672523464584
4418,4535,Australia,AUS,2019,55194.7585097428,82.9,10.918623273223076,10.918623273223075
4419,4536,Austria,AUT,2019,49885.9947355204,81.8951219512195,10.817495575722525,10.817495575722525
4420,4537,Azerbaijan,AZE,2019,4805.75371765917,73.29,8.477569170218306,8.477569170218306
4421,4538,Burundi,BDI,2019,234.31061590725,62.18,5.456647653523818,5.456647653523818
4422,4539,Belgium,BEL,2019,46716.6227467964,81.9951219512195,10.75185532779159,10.75185532779159
4423,4540,Benin,BEN,2019,1130.82135339795,59.888,7.03069950908468,7.03069950908468
4424,4541,Burkina Faso,BFA,2019,764.853077774946,60.184,6.6396837601854255,6.6396837601854255
4425,4542,Bangladesh,BGD,2019,2129.79896954606,72.625,7.663782873754545,7.663782873754545
4426,4543,Bulgaria,BGR,2019,10353.7204584127,75.1121951219512,9.24510119868254,9.245101198682539
4427,4544,Bahrain,BHR,2019,27259.7438599327,80.471,10.213166309019025,10.213166309019025
4428,4545,"Bahamas, The",BHS,2019,33640.3369861278,71.408,10.423481131460248,10.423481131460248
4429,4546,Bosnia and Herzegovina,BIH,2019,6122.37541352353,77.394,8.719705439664365,8.719705439664365
4430,4547,Belarus,BLR,2019,6837.77339645635,74.2268292682927,8.830217430787368,8.830217430787368
4431,4548,Belize,BLZ,2019,6171.61449761423,72.577,8.727715751651314,8.727715751651314
4432,4549,Bermuda,BMU,2019,115798.040775578,81.251,11.659602924941444,11.659602924941444
4433,4550,Bolivia,BOL,2019,4203.15492855788,67.82,8.34359069574804,8.34359069574804
4434,4551,Brazil,BRA,2019,9029.83304401079,75.809,9.108289157204757,9.108289157204757
4435,4552,Barbados,BRB,2019,21912.1501242857,76.495,9.994796562155557,9.994796562155557
4436,4553,Brunei Darussalam,BRN,2019,30426.5730656528,75.049,10.32307161958089,10.32307161958089
4437,4554,Bhutan,BTN,2019,3576.87987100503,72.005,8.182246154967096,8.182246154967096
4438,4555,Botswana,BWA,2019,7172.08956480028,67.167,8.877952322767555,8.877952322767555
4439,4556,Central African Republic,CAF,2019,449.228467602439,31.53,6.107531594859889,6.107531594859889
4440,4557,Canada,CAN,2019,46352.8693445211,82.1585365853659,10.744038475108562,10.744038475108562
4441,4558,Central Europe and the Baltics,CEB,2019,16534.9264870407,77.2659141936307,9.71323017950584,9.71323017950584
4442,4559,Switzerland,CHE,2019,84121.9310304414,83.9048780487805,11.340022585216987,11.340022585216989
4443,4560,Channel Islands,CHI,2019,60564.6293993681,81.2,11.011466328376097,11.011466328376095
4444,4561,Chile,CHL,2019,14495.716721687,80.324,9.581608486265589,9.581608486265589
4445,4562,China,CHN,2019,10342.9009524335,77.94,9.244055665042044,9.244055665042044
4446,4563,Cote d'Ivoire,CIV,2019,2141.76836170115,60.274,7.669387104030772,7.669387104030772
4447,4564,Cameroon,CMR,2019,1555.22660476477,61.695,7.3493765405330835,7.3493765405330835
4448,4565,"Congo, Dem. Rep.",COD,2019,504.00419142286,60.242,6.222584584351987,6.222584584351987
4449,4566,"Congo, Rep.",COG,2019,2488.42466724916,63.152,7.819405125487231,7.819405125487231
4450,4567,Colombia,COL,2019,6472.54544924705,76.793,8.77532473350093,8.77532473350093
4451,4568,Comoros,COM,2019,1510.23218151592,65.662,7.320018680582039,7.320018680582039
4452,4569,Cabo Verde,CPV,2019,4380.78117331128,75.449,8.384982337539077,8.384982337539077
4453,4570,Costa Rica,CRI,2019,12884.6859951989,80.296,9.463794752995096,9.463794752995097
4454,4571,Caribbean small states,CSS,2019,13995.8548364074,72.1292604830284,9.54651648164238,9.54651648164238
4455,4572,Cuba,CUB,2019,9232.26115935183,77.413,9.130459276839083,9.130459276839085
4456,4573,Curacao,CUW,2019,19220.6865793075,76.492,9.863742404014646,9.863742404014646
4457,4574,Cayman Islands,CYM,2019,88254.2902486867,79.052,11.387977588329882,11.387977588329882
4458,4575,Cyprus,CYP,2019,29227.173828125,81.454,10.282854166059058,10.282854166059058
4459,4576,Czechia,CZE,2019,24062.7190013343,79.2292682926829,10.088418992342875,10.088418992342875
4460,4577,Germany,DEU,2019,47656.199739747,81.2926829268293,10.771768010581992,10.771768010581992
4461,4578,Djibouti,DJI,2019,2837.16902340932,64.381,7.950562011253851,7.950562011253851
4462,4579,Dominica,DMA,2019,9491.14995962374,71.305,9.158115060197826,9.158115060197826
4463,4580,Denmark,DNK,2019,59404.2663247723,81.4512195121951,10.992121326420907,10.992121326420907
4464,4581,Dominican Republic,DOM,2019,8183.01623600375,73.112,9.009816094639277,9.009816094639277
4465,4582,Algeria,DZA,2019,4468.45341883656,75.682,8.404797636427078,8.404797636427078
4466,4583,East Asia & Pacific (excluding high income),EAP,2019,8286.3981179292,75.7689690321509,9.022370668541924,9.022370668541923
4467,4584,Early-demographic dividend,EAR,2019,3483.31545469615,70.8424064605001,8.15573983608856,8.15573983608856
4468,4585,East Asia & Pacific,EAS,2019,11622.8915284736,76.5862412994962,9.36073184011058,9.36073184011058
4469,4586,Europe & Central Asia (excluding high income),ECA,2019,6069.27407282315,74.8158340567546,8.710994284286151,8.710994284286151
4470,4587,Europe & Central Asia,ECS,2019,25020.8648271756,78.3038716113385,10.127465348858207,10.127465348858207
4471,4588,Ecuador,ECU,2019,6205.05765246766,77.286,8.733119988887672,8.733119988887672
4472,4589,"Egypt, Arab Rep.",EGY,2019,2962.98892023003,71.213,7.993953808190951,7.993953808190951
4473,4590,Euro area,EMU,2019,39220.5136743355,82.2804211551829,10.576955196919426,10.576955196919426
4474,4592,Spain,ESP,2019,29786.5245689007,83.8317073170732,10.301811374547729,10.301811374547727
4475,4593,Estonia,EST,2019,24021.2501413306,78.6463414634147,10.086694140130202,10.086694140130202
4476,4594,Ethiopia,ETH,2019,793.473247210264,65.741,6.6764198244772,6.6764198244772
4477,4595,European Union,EUU,2019,35374.1403676934,81.3194524901835,10.473736334090372,10.473736334090372
4478,4596,Fragile and conflict affected situations,FCS,2019,1861.6533045303,62.1379545505037,7.529220245296613,7.529220245296613
4479,4597,Finland,FIN,2019,48358.1807773701,81.9829268292683,10.78639068568719,10.78639068568719
4480,4598,Fiji,FJI,2019,5842.07344577597,67.009,8.672841054894672,8.672841054894672
4481,4599,France,FRA,2019,40408.2848574751,82.8268292682927,10.606790113654696,10.606790113654695
4482,4600,Faroe Islands,FRO,2019,63068.2872688483,82.3912829268293,11.05197334325358,11.05197334325358
4483,4601,"Micronesia, Fed. Sts.",FSM,2019,3572.65918282222,66.196,8.181065466634227,8.181065466634227
4484,4602,Gabon,GAB,2019,7441.1786472281,67.337,8.914784535606321,8.914784535606321
4485,4603,United Kingdom,GBR,2019,43158.7411267323,81.3691219512195,10.67264025135476,10.672640251354759
4486,4604,Georgia,GEO,2019,4741.2832715876,74.165,8.464063110450166,8.464063110450166
4487,4605,Ghana,GHA,2019,2186.65822682613,64.455,7.690129733579404,7.690129733579404
4488,4607,Guinea,GIN,2019,1031.34146480732,59.379,6.938615626862378,6.938615626862378
4489,4608,"Gambia, The",GMB,2019,738.186751987483,64.427,6.604196844061903,6.604196844061903
4490,4609,Guinea-Bissau,GNB,2019,811.216425885129,62.161,6.698534881504114,6.698534881504114
4491,4610,Equatorial Guinea,GNQ,2019,6804.14923073888,62.297,8.825287886070482,8.825287886070482
4492,4611,Greece,GRC,2019,19335.3602002969,81.6390243902439,9.869690833311724,9.869690833311724
4493,4612,Grenada,GRD,2019,10462.7929159533,74.971,9.255580711151664,9.255580711151664
4494,4613,Greenland,GRL,2019,53309.2035905065,71.4092682926829,10.883864270491308,10.883864270491307
4495,4614,Guatemala,GTM,2019,4511.99839552697,71.639,8.414495437576539,8.414495437576539
4496,4615,Guam,GUM,2019,39274.9431424899,76.645,10.578342015445878,10.578342015445878
4497,4616,Guyana,GUY,2019,6405.82443444562,69.067,8.764962923369191,8.764962923369191
4498,4617,High income,HIC,2019,41342.2066107349,80.1992640609664,10.629639208945624,10.629639208945623
4499,4618,"Hong Kong SAR, China",HKG,2019,48359.0011950597,85.1558536585366,10.786407650980696,10.786407650980696
4500,4619,Honduras,HND,2019,2502.32744328073,72.124,7.824976555077984,7.824976555077984
4501,4620,Heavily indebted poor countries (HIPC),HPC,2019,983.900062178744,63.089861994107,6.891524329067921,6.891524329067921
4502,4621,Croatia,HRV,2019,15563.5987295029,78.2243902439024,9.65269005180748,9.652690051807479
4503,4622,Haiti,HTI,2019,1352.17204191532,64.328,7.20946749844469,7.20946749844469
4504,4623,Hungary,HUN,2019,17012.8598553199,76.3195121951219,9.741724799142766,9.741724799142766
4505,4624,IBRD only,IBD,2019,6476.07259783679,74.031271888226,8.775869525024499,8.775869525024499
4506,4625,IDA & IBRD total,IBT,2019,5167.89523774326,71.3939314839846,8.550220773922463,8.550220773922463
4507,4626,IDA total,IDA,2019,1544.27890067061,64.0885690256803,7.342312349421516,7.342312349421516
4508,4627,IDA blend,IDB,2019,2205.87361894796,61.3259973798573,7.69887890848419,7.69887890848419
4509,4628,Indonesia,IDN,2019,4106.94856160358,70.349,8.320435589311186,8.320435589311186
4510,4629,IDA only,IDX,2019,1186.40559680864,65.582913848475,7.078683508284477,7.078683508284477
4511,4630,Isle of Man,IMN,2019,87127.5517977404,80.74,11.375128436560631,11.375128436560631
4512,4631,India,IND,2019,2041.42863698585,70.746,7.621405153982032,7.621405153982032
4513,4633,Ireland,IRL,2019,81827.6688873996,82.7024390243903,11.312370715854255,11.312370715854257
4514,4634,"Iran, Islamic Rep.",IRN,2019,3997.4935449585,76.855,8.2934228299372,8.2934228299372
4515,4635,Iraq,IRQ,2019,5671.8568632942,71.245,8.643271832226084,8.643271832226084
4516,4636,Iceland,ISL,2019,69296.3144361601,83.1634146341463,11.14614700102435,11.14614700102435
4517,4637,Israel,ISR,2019,44250.6313628073,82.8048780487805,10.697624918420328,10.697624918420328
4518,4638,Italy,ITA,2019,33812.788724868,83.4975609756098,10.428594374550324,10.428594374550325
4519,4639,Jamaica,JAM,2019,6030.68896415921,71.532,8.704616539273973,8.704616539273973
4520,4640,Jordan,JOR,2019,4170.1144003465,76.865,8.335698748552389,8.335698748552389
4521,4641,Japan,JPN,2019,40415.9567649547,84.3563414634146,10.60697995539892,10.60697995539892
4522,4642,Kazakhstan,KAZ,2019,9457.12614657136,73.658,9.154523825889363,9.154523825889365
4523,4643,Kenya,KEN,2019,1960.40808854893,62.939,7.580907938995525,7.580907938995525
4524,4644,Kyrgyz Republic,KGZ,2019,1421.99927504102,71.6,7.259819100546615,7.259819100546615
4525,4645,Cambodia,KHM,2019,2225.87705485686,70.127,7.707906298889181,7.707906298889181
4526,4646,Kiribati,KIR,2019,1750.9977188915,65.866,7.467941029538858,7.467941029538858
4527,4647,St. Kitts and Nevis,KNA,2019,23595.4923231291,71.54,10.068810969513017,10.068810969513015
4528,4648,"Korea, Rep.",KOR,2019,33826.9443301597,83.2268292682927,10.429012933431592,10.429012933431592
4529,4649,Kuwait,KWT,2019,31707.8737443551,81.969756097561,10.36432031212608,10.36432031212608
4530,4650,Latin America & Caribbean (excluding high income),LAC,2019,8282.78290882792,75.0513524613511,9.021934291010307,9.021934291010309
4531,4651,Lao PDR,LAO,2019,2589.32081035237,67.911,7.859150884918687,7.859150884918687
4532,4652,Lebanon,LBN,2019,8905.88005497437,78.208,9.09446701790126,9.094467017901259
4533,4653,Liberia,LBR,2019,658.164180770507,61.232,6.489454415050459,6.489454415050459
4534,4654,Libya,LBY,2019,9963.19489084483,72.941,9.206653071315426,9.206653071315426
4535,4655,St. Lucia,LCA,2019,11794.0597229805,72.249,9.375351270392,9.375351270391999
4536,4656,Latin America & Caribbean,LCN,2019,8539.39776066424,75.2042598654921,9.052445764467432,9.052445764467432
4537,4657,Least developed countries: UN classification,LDC,2019,1105.24693378698,64.9725014356556,7.0078240584767455,7.0078240584767455
4538,4658,Low income,LIC,2019,645.998249720369,62.7975396947089,6.470796794367738,6.470796794367738
4539,4659,Liechtenstein,LIE,2019,166907.839305016,84.1609756097561,12.025197078618865,12.025197078618863
4540,4660,Sri Lanka,LKA,2019,4081.94772722003,76.698,8.314329537609215,8.314329537609215
4541,4661,Lower middle income,LMC,2019,2228.84805859217,68.5574256254118,7.709240165334427,7.709240165334427
4542,4662,Low & middle income,LMY,2019,4943.24879858439,71.3694923345361,8.505778045559264,8.505778045559264
4543,4663,Lesotho,LSO,2019,1082.05706777516,55.249,6.986619200876163,6.986619200876163
4544,4664,Late-demographic dividend,LTE,2019,10120.3125161359,76.9979606258316,9.222299823405743,9.222299823405743
4545,4665,Lithuania,LTU,2019,19608.7943945553,76.2829268292683,9.883733438185496,9.883733438185496
4546,4666,Luxembourg,LUX,2019,112696.649059674,82.6390243902439,11.632454966308751,11.632454966308753
4547,4667,Latvia,LVA,2019,17294.9751600969,75.3878048780488,9.758171285122588,9.758171285122588
4548,4668,"Macao SAR, China",MAC,2019,81882.6964523869,83.9292682926829,11.313042970991498,11.313042970991498
4549,4669,St. Martin (French part),MAF,2019,19033.0649634889,80.078,9.85393300688476,9.853933006884759
4550,4670,Morocco,MAR,2019,3508.09765625,74.245,8.162829191260244,8.162829191260244
4551,4671,Monaco,MCO,2019,193746.785647412,86.151,12.174307356871068,12.174307356871068
4552,4672,Moldova,MDA,2019,4405.33418162155,70.181,8.390571399652002,8.390571399652002
4553,4673,Madagascar,MDG,2019,499.818837622534,63.504,6.214245708011786,6.214245708011786
4554,4674,Maldives,MDV,2019,11740.2724029785,79.707,9.370780296092333,9.370780296092331
4555,4675,"Middle East, North Africa, Afghanistan & Pakistan",MEA,2019,5412.42875673528,71.2438695042576,8.596453209496223,8.596453209496223
4556,4676,Mexico,MEX,2019,10369.5553585271,74.53,9.246629422630924,9.246629422630924
4557,4677,Marshall Islands,MHL,2019,5292.33985502306,66.047,8.574015743698697,8.574015743698697
4558,4678,Middle income,MIC,2019,5353.79775844374,72.1892666738243,8.585561449448978,8.585561449448978
4559,4679,North Macedonia,MKD,2019,6718.85826635458,76.6024390243903,8.81267351824232,8.81267351824232
4560,4680,Mali,MLI,2019,971.949318638092,59.217,6.879303661782198,6.879303661782198
4561,4681,Malta,MLT,2019,32421.9179752262,82.6585365853659,10.386589953787338,10.386589953787338
4562,4682,Myanmar,MMR,2019,1425.98954241668,66.457,7.262621267438711,7.262621267438711
4563,4683,"Middle East, North Africa, Afghanistan & Pakistan (excluding high income)",MNA,2019,2695.63342343005,70.417484585256,7.8993884922495505,7.8993884922495505
4564,4684,Montenegro,MNE,2019,8749.02375172644,76.6829268292683,9.076697401895863,9.076697401895863
4565,4685,Mongolia,MNG,2019,4347.54610314873,71.0531707317073,8.377366850691757,8.377366850691757
4566,4686,Northern Mariana Islands,MNP,2019,24496.6652122421,77.844,10.10629227348246,10.10629227348246
4567,4687,Mozambique,MOZ,2019,519.09255091362,61.306,6.2520821927275625,6.2520821927275625
4568,4688,Mauritania,MRT,2019,1767.072710621,67.64,7.477079620664377,7.477079620664377
4569,4689,Mauritius,MUS,2019,11568.2533399824,74.2358536585366,9.356019844226378,9.356019844226378
4570,4690,Malawi,MWI,2019,580.889139762475,64.995,6.364559929286583,6.364559929286583
4571,4691,Malaysia,MYS,2019,10920.191763972,75.9,9.298368809948004,9.298368809948004
4572,4692,North America,NAC,2019,62874.6117089583,79.1328897249464,11.048897731779922,11.048897731779922
4573,4693,Namibia,NAM,2019,4731.9210318831,63.546,8.462086536853176,8.462086536853176
4574,4694,New Caledonia,NCL,2019,33411.3358835672,77.262,10.41665051909401,10.41665051909401
4575,4695,Niger,NER,2019,561.691304349698,60.031,6.330952418467333,6.330952418467333
4576,4696,Nigeria,NGA,2019,3189.81286498516,53.009,8.067717531044092,8.067717531044092
4577,4697,Nicaragua,NIC,2019,1958.62051528095,73.764,7.579995685693672,7.579995685693672
4578,4698,Netherlands,NLD,2019,53554.9007491475,82.1121951219512,10.888462588946105,10.888462588946103
4579,4699,Norway,NOR,2019,76430.5889473338,82.9585365853659,11.244138273916176,11.244138273916175
4580,4700,Nepal,NPL,2019,1203.14294706401,69.299,7.092692534405107,7.092692534405107
4581,4701,Nauru,NRU,2019,10801.7705659635,61.393,9.287465340968325,9.287465340968323
4582,4702,New Zealand,NZL,2019,42855.831861632,82.0560975609756,10.665597014219893,10.665597014219891
4583,4703,OECD members,OED,2019,39708.8864576635,80.2449246601415,10.589330281870206,10.589330281870206
4584,4704,Oman,OMN,2019,19180.1864152801,79.946,9.861633067643591,9.861633067643591
4585,4705,Other small states,OSS,2019,12907.6162560274,72.6570116424877,9.465572823571843,9.465572823571843
4586,4706,Pakistan,PAK,2019,1390.41690981745,66.729,7.237358916273659,7.237358916273659
4587,4707,Panama,PAN,2019,16477.9066268111,78.514,9.709775770322953,9.709775770322953
4588,4708,Peru,PER,2019,7037.00803692604,76.275,8.858938364061398,8.858938364061398
4589,4709,Philippines,PHL,2019,3400.78949767074,69.68,8.131762888846074,8.131762888846074
4590,4710,Palau,PLW,2019,15846.7968470167,68.982,9.670722667211283,9.670722667211283
4591,4711,Papua New Guinea,PNG,2019,2575.77274140393,65.331,7.853904861827813,7.853904861827813
4592,4712,Poland,POL,2019,15874.5220531254,77.9048780487805,9.672470716417932,9.672470716417932
4593,4713,Pre-demographic dividend,PRE,2019,1681.19065754666,60.5568531204624,7.4272575461006864,7.4272575461006864
4594,4714,Puerto Rico (US),PRI,2019,31830.5284993358,81.438,10.368181123950292,10.368181123950292
4595,4716,Portugal,PRT,2019,23343.3628970034,81.6756097560976,10.058067978452309,10.058067978452309
4596,4717,Paraguay,PRY,2019,5821.18199548738,73.668,8.669258612113234,8.669258612113234
4597,4718,West Bank and Gaza,PSE,2019,3656.85827137011,75.811,8.20435966196225,8.20435966196225
4598,4719,Pacific island small states,PSS,2019,4136.34140894161,68.6421578303985,8.327566958463764,8.327566958463764
4599,4720,Post-demographic dividend,PST,2019,45840.3536114764,80.9699118452096,10.73292006539631,10.73292006539631
4600,4721,French Polynesia,PYF,2019,21582.5892046801,83.195,9.97964221329609,9.97964221329609
4601,4722,Qatar,QAT,2019,66841.3623185691,82.945,11.110077364287518,11.110077364287518
4602,4723,Romania,ROU,2019,12909.6104013244,75.6073170731707,9.46572730533144,9.465727305331441
4603,4724,Russian Federation,RUS,2019,11447.701171875,73.0839024390244,9.345544217809904,9.345544217809904
4604,4725,Rwanda,RWA,2019,810.051412137354,66.691,6.697097717426748,6.697097717426748
4605,4726,South Asia,SAS,2019,2067.05975687637,70.9975623145981,7.633882469218586,7.6338824692185865
4606,4727,Saudi Arabia,SAU,2019,29566.7933827436,78.313,10.294407165395246,10.294407165395246
4607,4728,Sudan,SDN,2019,709.975280761719,65.803,6.565230153600711,6.565230153600711
4608,4729,Senegal,SEN,2019,1431.18128932159,67.668,7.266255458689256,7.2662554586892565
4609,4730,Singapore,SGP,2019,65952.0378959293,83.5951219512195,11.096683058288658,11.096683058288658
4610,4731,Solomon Islands,SLB,2019,2223.65890942466,69.981,7.7069092755439375,7.7069092755439375
4611,4732,Sierra Leone,SLE,2019,843.712517809977,59.593,6.737811817863671,6.737811817863671
4612,4733,El Salvador,SLV,2019,4320.11671534627,71.725,8.371037698314458,8.371037698314458
4613,4734,San Marino,SMR,2019,46630.1443120725,85.257,10.750002484630786,10.750002484630786
4614,4735,"Somalia, Fed. Rep.",SOM,2019,539.954816211694,57.249,6.291485462375435,6.291485462375435
4615,4736,Serbia,SRB,2019,7755.632986437,75.9365853658537,8.956174695288947,8.956174695288947
4616,4737,Sub-Saharan Africa (excluding high income),SSA,2019,1907.22499436387,60.6066409029614,7.553404582051448,7.553404582051448
4617,4739,Sub-Saharan Africa,SSF,2019,1795.5612786554,61.1293664117069,7.49307294210375,7.49307294210375
4618,4740,Small states,SST,2019,11990.4670996465,72.0009607335469,9.39186720469781,9.39186720469781
4619,4741,Sao Tome and Principe,STP,2019,1935.2931816596,68.043,7.568014109056194,7.568014109056194
4620,4742,Suriname,SUR,2019,6629.66775248603,71.773,8.799309969177017,8.799309969177017
4621,4743,Slovak Republic,SVK,2019,19406.0589683582,77.6658536585366,9.873340614246928,9.873340614246928
4622,4744,Slovenia,SVN,2019,25814.1687167572,81.5292682926829,10.158678795236376,10.158678795236376
4623,4745,Sweden,SWE,2019,51648.9892820514,83.109756097561,10.85222590576099,10.85222590576099
4624,4746,Eswatini,SWZ,2019,3913.14577547336,59.85,8.272096875662509,8.272096875662509
4625,4747,Sint Maarten (Dutch part),SXM,2019,34861.469528968,75.68,10.459137473348102,10.459137473348102
4626,4748,Seychelles,SYC,2019,19141.5118743615,74.0463414634146,9.859614652188396,9.859614652188395
4627,4749,Syrian Arab Republic,SYR,2019,1109.53926036049,70.97,7.011700127380202,7.011700127380202
4628,4750,Turks and Caicos Islands,TCA,2019,31780.5217068989,77.691,10.366608856157942,10.366608856157942
4629,4751,Chad,TCD,2019,893.336441643325,52.993,6.794963264282223,6.794963264282223
4630,4752,East Asia & Pacific (IDA & IBRD countries),TEA,2019,8379.36503263574,75.8042877234534,9.03352741884346,9.033527418843459
4631,4753,Europe & Central Asia (IDA & IBRD countries),TEC,2019,9058.74177112172,74.590946255432,9.111485512033038,9.111485512033038
4632,4754,Togo,TGO,2019,826.255209019798,61.061,6.716903695557277,6.716903695557277
4633,4755,Thailand,THA,2019,7605.69657797759,77.197,8.936652795236206,8.936652795236206
4634,4756,Tajikistan,TJK,2019,871.022372934846,70.962,6.769667663014971,6.769667663014971
4635,4757,Turkmenistan,TKM,2019,5998.0017434754,69.405,8.699181649985038,8.699181649985038
4636,4758,Latin America & the Caribbean (IDA & IBRD countries),TLA,2019,8362.63429845968,75.1319711493442,9.031528763914068,9.031528763914068
4637,4759,Timor-Leste,TLS,2019,1562.36458068032,66.496,7.353955709490042,7.353955709490042
4638,4760,"Middle East, North Africa, Afghanistan & Pakistan (IDA & IBRD)",TMN,2019,2688.96932958269,70.3800917806817,7.89691325032159,7.89691325032159
4639,4761,Tonga,TON,2019,4788.83342304684,72.292,8.47404211649415,8.47404211649415
4640,4762,South Asia (IDA & IBRD),TSA,2019,2067.05975687637,70.9975623145981,7.633882469218586,7.6338824692185865
4641,4763,Sub-Saharan Africa (IDA & IBRD countries),TSS,2019,1795.5612786554,61.1293664117069,7.49307294210375,7.49307294210375
4642,4764,Trinidad and Tobago,TTO,2019,17212.6128892163,72.836,9.753397701575537,9.753397701575537
4643,4765,Tunisia,TUN,2019,3528.87213306798,75.599,8.168733589827553,8.168733589827553
4644,4766,Turkiye,TUR,2019,9395.23378001368,77.737,9.147957794988075,9.147957794988077
4645,4767,Tuvalu,TUV,2019,5115.13075950206,66.109,8.539958241988996,8.539958241988996
4646,4768,Tanzania,TZA,2019,1063.32250976563,66.007,6.969153728155179,6.969153728155179
4647,4769,Uganda,UGA,2019,822.171150036357,66.354,6.71194858510619,6.71194858510619
4648,4770,Ukraine,UKR,2019,3619.86157226563,73.92,8.194191064383034,8.194191064383034
4649,4771,Upper middle income,UMC,2019,8657.73234539015,76.0291253616976,9.066208113385722,9.066208113385722
4650,4772,Uruguay,URY,2019,18315.7316980028,77.503,9.815515625165808,9.815515625165808
4651,4773,United States,USA,2019,64746.4506778863,78.7878048780488,11.078234162273803,11.078234162273805
4652,4774,Uzbekistan,UZB,2019,2041.38480729431,72.093,7.621383683644413,7.621383683644413
4653,4775,St. Vincent and the Grenadines,VCT,2019,8740.59425232061,70.994,9.075733458594575,9.075733458594575
4654,4776,"Venezuela, RB",VEN,2019,2523.11275230667,72.766,7.833248637419222,7.833248637419222
4655,4778,Virgin Islands (U.S.),VIR,2019,38633.5298915336,79.6682926829268,10.561875828434546,10.561875828434546
4656,4779,Viet Nam,VNM,2019,3440.90025375434,74.211,8.143488417802308,8.143488417802308
4657,4780,Vanuatu,VUT,2019,3207.44650452083,70.783,8.07323041810311,8.07323041810311
4658,4781,World,WLD,2019,11376.0818134476,72.8686343875761,9.339268343775917,9.339268343775917
4659,4782,Samoa,WSM,2019,4351.94234943706,70.269,8.378377541535597,8.378377541535597
4660,4783,Kosovo,XKX,2019,4415.99923011071,77.249,8.392989413616045,8.392989413616045
4661,4785,South Africa,ZAF,2019,6533.71121032856,66.071,8.784730393193524,8.784730393193524
4662,4786,Zambia,ZMB,2019,1258.98619844462,62.914,7.138062071668629,7.138062071668629
4663,4787,Zimbabwe,ZWE,2019,2184.32923855469,61.06,7.689064075757097,7.689064075757097
4664,4788,Aruba,ABW,2020,22759.8071750722,75.406,10.032751416107375,10.032751416107375
4665,4789,Africa Eastern and Southern,AFE,2020,1351.59166910879,63.7664840026943,7.209038191095769,7.209038191095769
4666,4790,Afghanistan,AFG,2020,510.787063366811,61.454,6.235952797617645,6.235952797617645
4667,4791,Africa Western and Central,AFW,2020,2030.86165860293,57.364735967395,7.616215444343141,7.616215444343141
4668,4792,Angola,AGO,2020,1759.35619918264,63.116,7.472703225193596,7.472703225193596
4669,4793,Albania,ALB,2020,6027.91350716348,77.824,8.70415621113042,8.70415621113042
4670,4794,Andorra,AND,2020,37361.1070081615,79.418,10.528385522743235,10.528385522743235
4671,4795,Arab World,ARB,2020,5739.41283580539,70.7265588103862,8.65511219066759,8.65511219066759
4672,4796,United Arab Emirates,ARE,2020,37991.7492971665,81.936,10.54512429137497,10.54512429137497
4673,4797,Argentina,ARG,2020,8535.59938004389,75.878,9.052000858895653,9.052000858895653
4674,4798,Armenia,ARM,2020,4268.68093304583,73.3756097560976,8.359060143521052,8.359060143521052
4675,4799,American Samoa,ASM,2020,14489.2586563775,72.672,9.581162871575073,9.581162871575073
4676,4800,Antigua and Barbuda,ATG,2020,15369.6082250401,77.161,9.640147346620276,9.640147346620275
4677,4801,Australia,AUS,2020,51983.4523666382,83.2,10.858680723201156,10.858680723201157
4678,4802,Austria,AUT,2020,48716.4098900349,81.1926829268293,10.793771211040454,10.793771211040454
4679,4803,Azerbaijan,AZE,2020,4229.91064904503,70.312,8.349936148660023,8.349936148660023
4680,4804,Burundi,BDI,2020,255.8324539389,62.569,5.544522753414957,5.544522753414957
4681,4805,Belgium,BEL,2020,45906.2875805246,80.6951219512195,10.734357370992296,10.734357370992296
4682,4806,Benin,BEN,2020,1200.19426557789,60.154,7.090238710655221,7.090238710655221
4683,4807,Burkina Faso,BFA,2020,825.237038782475,60.454,6.715670664802603,6.715670664802603
4684,4808,Bangladesh,BGD,2020,2248.85078828233,71.421,7.718174603952346,7.718174603952346
4685,4809,Bulgaria,BGR,2020,10760.211975413,73.3560975609756,9.28361053383892,9.28361053383892
4686,4810,Bahrain,BHR,2020,24342.8444554718,78.683,10.099993223126496,10.099993223126496
4687,4811,"Bahamas, The",BHS,2020,26178.7537607708,72.994,10.172703435610098,10.172703435610098
4688,4812,Bosnia and Herzegovina,BIH,2020,6130.31187968266,76.04,8.721000905235165,8.721000905235165
4689,4813,Belarus,BLR,2020,6542.85579976768,72.1385609756098,8.78612901577126,8.78612901577126
4690,4814,Belize,BLZ,2020,5238.54078175696,71.58,8.563798261769294,8.563798261769294
4691,4815,Bermuda,BMU,2020,106976.546239632,81.456,11.580364895395393,11.580364895395391
4692,4816,Bolivia,BOL,2020,3580.96761778303,62.906,8.183388327171462,8.183388327171462
4693,4817,Brazil,BRA,2020,7074.19407495707,74.506,8.864208804356167,8.864208804356167
4694,4818,Barbados,BRB,2020,19194.4919736739,76.647,9.862378640487824,9.862378640487824
4695,4819,Brunei Darussalam,BRN,2020,26834.3592233943,75.114,10.19743840593546,10.197438405935461
4696,4820,Bhutan,BTN,2020,3191.66906999331,72.253,8.068299278380968,8.068299278380968
4697,4821,Botswana,BWA,2020,6323.2974967659,67.643,8.751996106891053,8.751996106891053
4698,4822,Central African Republic,CAF,2020,462.879071294011,50.596,6.137465834861335,6.137465834861335
4699,4823,Canada,CAN,2020,43537.839298904,81.53,10.68138570790037,10.68138570790037
4700,4824,Central Europe and the Baltics,CEB,2020,16581.3526115028,76.0162701269145,9.716034006272649,9.716034006272649
4701,4825,Switzerland,CHE,2020,85897.7843338323,83.0,11.360913314087094,11.360913314087094
4702,4826,Channel Islands,CHI,2020,56785.9402005039,80.9,10.94704404238695,10.94704404238695
4703,4827,Chile,CHL,2020,13114.815470545,79.349,9.48149782209486,9.48149782209486
4704,4828,China,CHN,2020,10627.4637989619,78.019,9.271196853872112,9.271196853872112
4705,4829,Cote d'Ivoire,CIV,2020,2179.72934832935,60.14,7.686955995933119,7.686955995933119
4706,4830,Cameroon,CMR,2020,1555.60370660749,61.674,7.349618985029775,7.3496189850297755
4707,4831,"Congo, Dem. Rep.",COD,2020,486.425572682256,60.428,6.187083904685741,6.187083904685741
4708,4832,"Congo, Rep.",COG,2020,1993.586671931,64.391,7.597690643142918,7.597690643142918
4709,4833,Colombia,COL,2020,5339.68711357943,74.757,8.582922337274953,8.582922337274953
4710,4834,Comoros,COM,2020,1519.34665556206,65.756,7.32603568956906,7.32603568956906
4711,4835,Cabo Verde,CPV,2020,3539.22661248299,73.818,8.171663511209541,8.171663511209541
4712,4836,Costa Rica,CRI,2020,12394.0493969492,79.725,9.42497174906754,9.42497174906754
4713,4837,Caribbean small states,CSS,2020,11957.223222537,71.9394359303317,9.389090828519846,9.389090828519846
4714,4838,Cuba,CUB,2020,9605.27914559614,77.407,9.17006813730988,9.17006813730988
4715,4839,Curacao,CUW,2020,16299.8134349902,76.501,9.698908941023229,9.698908941023229
4716,4840,Cayman Islands,CYM,2020,82338.7977439023,79.23,11.318597694098791,11.318597694098793
4717,4841,Cyprus,CYP,2020,28130.341796875,81.23,10.244604052027752,10.244604052027752
4718,4842,Czechia,CZE,2020,23472.8915454417,78.2268292682927,10.063601483022085,10.063601483022085
4719,4843,Germany,DEU,2020,47394.8734504469,81.0414634146342,10.766269346780126,10.766269346780126
4720,4844,Djibouti,DJI,2020,2844.88810647853,64.2,7.953279015902467,7.953279015902467
4721,4845,Dominica,DMA,2020,7827.74842680426,71.269,8.965430190391503,8.965430190391503
4722,4846,Denmark,DNK,2020,60985.4885601514,81.6024390243903,11.018391222398016,11.018391222398016
4723,4847,Dominican Republic,DOM,2020,7135.22273255899,72.636,8.872798746320544,8.872798746320544
4724,4848,Algeria,DZA,2020,3743.5419522929,73.257,8.227787488311003,8.227787488311003
4725,4849,East Asia & Pacific (excluding high income),EAP,2020,8391.27634645494,75.6976393295064,9.03494791500134,9.03494791500134
4726,4850,Early-demographic dividend,EAR,2020,3187.03781234801,69.8801308490982,8.066847178905475,8.066847178905475
4727,4851,East Asia & Pacific,EAS,2020,11639.4853357389,76.5433946923267,9.362158505165205,9.362158505165205
4728,4852,Europe & Central Asia (excluding high income),ECA,2020,5776.19343817718,73.5536868675669,8.661500170001009,8.661500170001009
4729,4853,Europe & Central Asia,ECS,2020,24167.3551199699,77.1754906029407,10.092758039491782,10.092758039491782
4730,4854,Ecuador,ECU,2020,5463.64515348598,72.004,8.605871456514745,8.605871456514745
4731,4855,"Egypt, Arab Rep.",EGY,2020,3511.11381026379,69.79,8.163688590984505,8.163688590984505
4732,4856,Euro area,EMU,2020,38236.5543048506,81.4873571657503,10.551547256014723,10.551547256014723
4733,4858,Spain,ESP,2020,27233.9426461608,82.2317073170732,10.21221936571773,10.21221936571773
4734,4859,Estonia,EST,2020,23933.9939421065,78.5951219512195,10.083055068025152,10.083055068025153
4735,4860,Ethiopia,ETH,2020,829.790982547947,65.969,6.721173840821098,6.721173840821098
4736,4861,European Union,EUU,2020,34694.7035869195,80.4414754678551,10.454342319902414,10.454342319902414
4737,4862,Fragile and conflict affected situations,FCS,2020,1618.4798041022,62.0663682854031,7.389242595131017,7.389242595131017
4738,4863,Finland,FIN,2020,48828.6846862799,81.9317073170732,10.796073220102286,10.796073220102286
4739,4864,Fiji,FJI,2020,4620.6457238014,66.924,8.43828974136586,8.43828974136586
4740,4865,France,FRA,2020,39169.8606000707,82.1756097560976,10.575662867809294,10.575662867809294
4741,4866,Faroe Islands,FRO,2020,62243.1905561324,82.5341926829268,11.038804419687072,11.038804419687072
4742,4867,"Micronesia, Fed. Sts.",FSM,2020,3362.02802120524,65.878,8.120299648617124,8.120299648617124
4743,4868,Gabon,GAB,2020,6605.80346077565,67.073,8.79570385388472,8.79570385388472
4744,4869,United Kingdom,GBR,2020,40812.6794663879,80.331756097561,10.616748083347872,10.616748083347872
4745,4870,Georgia,GEO,2020,4300.85701291207,73.509,8.366569587151373,8.366569587151373
4746,4871,Ghana,GHA,2020,2195.45481659987,64.309,7.694144509785387,7.694144509785387
4747,4873,Guinea,GIN,2020,1053.66097696415,59.35,6.960026023625447,6.9600260236254465
4748,4874,"Gambia, The",GMB,2020,720.335143352133,64.418,6.579716580587308,6.5797165805873075
4749,4875,Guinea-Bissau,GNB,2020,846.915855715971,61.343,6.741601345816261,6.741601345816261
4750,4876,Equatorial Guinea,GNQ,2020,5764.05502912947,62.141,8.659396504112262,8.659396504112262
4751,4877,Greece,GRC,2020,17886.733165236,81.2878048780488,9.791814553077758,9.791814553077758
4752,4878,Grenada,GRD,2020,8968.55890108484,75.019,9.101480284518916,9.101480284518916
4753,4879,Greenland,GRL,2020,54812.6661771023,71.2858536585366,10.91167658084727,10.91167658084727
4754,4880,Guatemala,GTM,2020,4477.61785000665,69.971,8.40684645408132,8.40684645408132
4755,4881,Guam,GUM,2020,36482.9363953675,75.529,10.504599934242922,10.504599934242922
4756,4882,Guyana,GUY,2020,6775.70939096303,67.751,8.821099347419706,8.821099347419706
4757,4883,High income,HIC,2020,40108.2348602411,79.2041448995884,10.59933695032232,10.599336950322321
4758,4884,"Hong Kong SAR, China",HKG,2020,46109.2299946609,85.4963414634146,10.738768425747956,10.738768425747955
4759,4885,Honduras,HND,2020,2307.61494319511,70.864,7.743969778005341,7.743969778005341
4760,4886,Heavily indebted poor countries (HIPC),HPC,2020,962.590226473892,63.0728058249774,6.869627803559509,6.869627803559509
4761,4887,Croatia,HRV,2020,14807.5608543265,77.5243902439024,9.602893197838878,9.602893197838878
4762,4888,Haiti,HTI,2020,1290.32538667383,63.773,7.162649703280781,7.162649703280781
4763,4889,Hungary,HUN,2020,16386.9308821258,75.419512195122,9.704239398689388,9.704239398689388
4764,4890,IBRD only,IBD,2020,6191.51088391849,73.2951356970762,8.73093442053433,8.73093442053433
4765,4891,IDA & IBRD total,IBT,2020,4923.57218418891,70.7488503512362,8.501789599733813,8.501789599733813
4766,4892,IDA total,IDA,2020,1464.52261402905,63.8023574072865,7.289284607615999,7.289284607615999
4767,4893,IDA blend,IDB,2020,2008.89632662853,60.818006614062,7.605340759017738,7.605340759017738
4768,4894,Indonesia,IDN,2020,3853.70288774146,68.817,8.256789754082872,8.256789754082872
4769,4895,IDA only,IDX,2020,1170.98051516892,65.4116059350943,7.065596723979279,7.065596723979279
4770,4896,Isle of Man,IMN,2020,79513.5330346598,80.591,11.283682513006545,11.283682513006543
4771,4897,India,IND,2020,1907.04251637669,70.156,7.553308900253144,7.553308900253144
4772,4899,Ireland,IRL,2020,86514.0706108754,82.4560975609756,11.36806234571297,11.36806234571297
4773,4900,"Iran, Islamic Rep.",IRN,2020,3202.50003502169,74.141,8.071687044706623,8.071687044706623
4774,4901,Iraq,IRQ,2020,4295.18945121228,69.651,8.365250943157374,8.365250943157374
4775,4902,Iceland,ISL,2020,60127.9393575616,83.0634146341463,11.004229893656962,11.004229893656962
4776,4903,Israel,ISR,2020,44575.5719045492,82.6487804878049,10.704941272812786,10.704941272812786
4777,4904,Italy,ITA,2020,32091.4866621366,82.1951219512195,10.376346060925364,10.376346060925364
4778,4905,Jamaica,JAM,2020,5299.04530804283,71.452,8.575281952756798,8.575281952756798
4779,4906,Jordan,JOR,2020,4022.0401356135,75.583,8.29954454930158,8.29954454930158
4780,4907,Japan,JPN,2020,40028.7341726762,84.56,10.597352829520014,10.597352829520014
4781,4908,Kazakhstan,KAZ,2020,8781.50797787648,71.195,9.080403423348136,9.080403423348137
4782,4909,Kenya,KEN,2020,1927.66459027849,61.596,7.564064492338477,7.564064492338477
4783,4910,Kyrgyz Republic,KGZ,2020,1229.51766602907,71.8,7.114377230019122,7.114377230019122
4784,4911,Cambodia,KHM,2020,2081.73914242939,70.059,7.64095894950458,7.64095894950458
4785,4912,Kiribati,KIR,2020,1751.78249168214,65.205,7.46838911520601,7.46838911520601
4786,4913,St. Kitts and Nevis,KNA,2020,18859.0190361046,71.181,9.84474654190284,9.844746541902841
4787,4914,"Korea, Rep.",KOR,2020,33645.7719545073,83.4268292682927,10.423642679467015,10.423642679467017
4788,4915,Kuwait,KWT,2020,25236.0755848941,78.7609756097561,10.136029820608028,10.136029820608028
4789,4916,Latin America & Caribbean (excluding high income),LAC,2020,6904.27677369596,72.8759217271338,8.83989632084964,8.83989632084964
4790,4917,Lao PDR,LAO,2020,2583.77730696131,68.339,7.857007679672131,7.857007679672131
4791,4918,Lebanon,LBN,2020,5561.19166950397,76.299,8.623567693326915,8.623567693326915
4792,4919,Liberia,LBR,2020,616.787867006715,61.267,6.424525151184561,6.424525151184561
4793,4920,Libya,LBY,2020,6650.33810585348,72.388,8.802422975342925,8.802422975342925
4794,4921,St. Lucia,LCA,2020,8411.07474936367,72.308,9.037304539018852,9.037304539018853
4795,4922,Latin America & Caribbean,LCN,2020,7168.64740599577,73.1889367681402,8.87747226949308,8.87747226949308
4796,4923,Least developed countries: UN classification,LDC,2020,1088.72161311357,64.8324945516306,6.992759454911603,6.992759454911603
4797,4924,Low income,LIC,2020,605.437906755342,62.8183623879662,6.405952009023425,6.405952009023425
4798,4925,Liechtenstein,LIE,2020,164671.093553454,81.6585365853659,12.011705391068444,12.011705391068443
4799,4926,Sri Lanka,LKA,2020,3847.60137695639,76.928,8.255205214152497,8.255205214152497
4800,4927,Lower middle income,LMC,2020,2121.61421722256,68.040356336938,7.659932501148653,7.659932501148653
4801,4928,Low & middle income,LMY,2020,4732.82727829687,70.7483566757416,8.462278036169764,8.462278036169764
4802,4929,Lesotho,LSO,2020,918.582574704447,55.133,6.8228318023066405,6.8228318023066405
4803,4930,Late-demographic dividend,LTE,2020,9873.93519864422,76.6935638074913,9.197653755970071,9.197653755970071
4804,4931,Lithuania,LTU,2020,20428.6478157394,75.0292682926829,9.924693499411738,9.924693499411738
4805,4932,Luxembourg,LUX,2020,116860.02817236,82.1439024390244,11.66873215718627,11.66873215718627
4806,4933,Latvia,LVA,2020,17564.2321549354,75.1853658536585,9.773619849251702,9.773619849251702
4807,4934,"Macao SAR, China",MAC,2020,36883.6652578543,84.1292682926829,10.515524056079792,10.515524056079792
4808,4936,Morocco,MAR,2020,3268.0302734375,73.133,8.091942719534753,8.091942719534753
4809,4937,Monaco,MCO,2020,176891.886538492,86.089,12.08329401441823,12.08329401441823
4810,4938,Moldova,MDA,2020,4375.7788930524,69.914,8.383839815643466,8.383839815643466
4811,4939,Madagascar,MDG,2020,450.771615201509,62.706,6.110960814791712,6.110960814791712
4812,4940,Maldives,MDV,2020,7393.8886543933,78.713,8.908409080469653,8.908409080469653
4813,4941,"Middle East, North Africa, Afghanistan & Pakistan",MEA,2020,4742.76402632259,69.9110789555644,8.464375372652263,8.464375372652263
4814,4942,Mexico,MEX,2020,8841.27075039868,70.449,9.08718589534574,9.08718589534574
4815,4943,Marshall Islands,MHL,2020,5661.96787336674,65.387,8.641526791577107,8.641526791577107
4816,4944,Middle income,MIC,2020,5134.62007912707,71.5211164808267,8.543761133087461,8.543761133087461
4817,4945,North Macedonia,MKD,2020,6659.59651070776,74.3951219512195,8.803814177721337,8.803814177721337
4818,4946,Mali,MLI,2020,953.242943290974,58.858,6.85986979592084,6.85986979592084
4819,4947,Malta,MLT,2020,31823.4363934505,82.0975609756098,10.36795829082665,10.36795829082665
4820,4948,Myanmar,MMR,2020,1490.21683599469,66.612,7.306676915864618,7.306676915864618
4821,4949,"Middle East, North Africa, Afghanistan & Pakistan (excluding high income)",MNA,2020,2408.49731335268,69.050634286622,7.786758310583949,7.786758310583949
4822,4950,Montenegro,MNE,2020,7538.53635992191,75.9317073170732,8.92778332543768,8.92778332543768
4823,4951,Mongolia,MNG,2020,4001.25193077703,71.3490243902439,8.294362573827419,8.294362573827419
4824,4952,Northern Mariana Islands,MNP,2020,18220.8382427201,78.03,9.810321176491131,9.810321176491133
4825,4953,Mozambique,MOZ,2020,462.433876479921,61.39,6.136503576958184,6.136503576958184
4826,4954,Mauritania,MRT,2020,1795.76459566714,66.794,7.49318616881671,7.49318616881671
4827,4955,Mauritius,MUS,2020,9135.84773751062,74.1770731707317,9.119961265547476,9.119961265547476
4828,4956,Malawi,MWI,2020,602.507478176106,65.216,6.401100077198333,6.401100077198333
4829,4957,Malaysia,MYS,2020,9957.52626697613,76.057,9.206083952961045,9.206083952961045
4830,4958,North America,NAC,2020,61468.3372208474,77.4492830759645,11.026277479280552,11.026277479280552
4831,4959,Namibia,NAM,2020,3878.58982993966,64.071,8.263226920663014,8.263226920663014
4832,4960,New Caledonia,NCL,2020,33270.330597637,77.049,10.4124213057722,10.4124213057722
4833,4961,Niger,NER,2020,579.512495758236,59.89,6.362187225546872,6.362187225546872
4834,4962,Nigeria,NGA,2020,2797.18458068686,53.072,7.936368683404559,7.936368683404559
4835,4963,Nicaragua,NIC,2020,1938.44704754382,70.766,7.56964244053661,7.56964244053661
4836,4964,Netherlands,NLD,2020,53467.9277413737,81.3585365853659,10.886837271653585,10.886837271653585
4837,4965,Norway,NOR,2020,68340.0181033702,83.209756097561,11.132250790570772,11.132250790570772
4838,4966,Nepal,NPL,2020,1154.21517578318,69.106,7.051175890503701,7.051175890503701
4839,4967,Nauru,NRU,2020,10709.068810538,61.527,9.278846213867018,9.278846213867018
4840,4968,New Zealand,NZL,2020,41997.7830324279,82.2560975609756,10.645372110930138,10.645372110930138
4841,4969,OECD members,OED,2020,38597.246423496,78.957862837755,10.560936216729516,10.560936216729516
4842,4970,Oman,OMN,2020,16784.8630630058,77.763,9.728232751085104,9.728232751085104
4843,4971,Other small states,OSS,2020,11770.4564127379,72.5097097789427,9.373347977135277,9.373347977135277
4844,4972,Pakistan,PAK,2020,1278.39735206896,65.701,7.153362503724633,7.153362503724633
4845,4973,Panama,PAN,2020,13290.5608397749,76.33,9.494809350950442,9.494809350950442
4846,4974,Peru,PER,2020,6133.32552410183,73.832,8.72149238168389,8.72149238168389
4847,4975,Philippines,PHL,2020,3227.57910235199,70.097,8.079487631282424,8.079487631282424
4848,4976,Palau,PLW,2020,14708.2119536914,68.689,9.596161253093191,9.596161253093191
4849,4977,Papua New Guinea,PNG,2020,2429.61134585269,65.075,7.795486583564515,7.795486583564515
4850,4978,Poland,POL,2020,16150.9304813473,76.4,9.689732941935231,9.689732941935231
4851,4979,Pre-demographic dividend,PRE,2020,1496.33767488397,60.5013545897269,7.310775851569161,7.310775851569161
4852,4980,Puerto Rico (US),PRI,2020,31427.1130762831,80.009,10.355426273084309,10.355426273084309
4853,4982,Portugal,PRT,2020,22299.4044062173,81.3292682926829,10.012315248850165,10.012315248850163
4854,4983,Paraguay,PRY,2020,5365.47220721104,72.72,8.587739667447147,8.587739667447147
4855,4984,West Bank and Gaza,PSE,2020,3233.56863835858,74.998,8.081341647925488,8.081341647925488
4856,4985,Pacific island small states,PSS,2020,3592.04110507296,68.3568108792759,8.186475872862449,8.186475872862449
4857,4986,Post-demographic dividend,PST,2020,44743.738932431,80.0657047954118,10.70870680178994,10.70870680178994
4858,4987,French Polynesia,PYF,2020,19966.4838503859,82.459,9.901810339319352,9.901810339319352
4859,4988,Qatar,QAT,2020,51683.5681078949,80.409,10.852895178408598,10.852895178408598
4860,4989,Romania,ROU,2020,13009.1770573223,74.2536585365854,9.473410314880397,9.473410314880397
4861,4990,Russian Federation,RUS,2020,10108.3271484375,71.3387804878049,9.221114833282863,9.221114833282865
4862,4991,Rwanda,RWA,2020,778.701498925026,66.953,6.657627787488018,6.657627787488018
4863,4992,South Asia,SAS,2020,1957.20343722686,70.3622206982499,7.579271915609452,7.579271915609452
4864,4993,Saudi Arabia,SAU,2020,24338.8307301067,77.596,10.099828326361587,10.099828326361589
4865,4994,Sudan,SDN,2020,577.795227050781,65.124,6.3592195274420815,6.3592195274420815
4866,4995,Senegal,SEN,2020,1461.08720350553,67.496,7.286936097516032,7.286936097516032
4867,4996,Singapore,SGP,2020,61410.0792630788,83.5439024390244,11.02532925804202,11.025329258042019
4868,4997,Solomon Islands,SLB,2020,2063.32780991967,69.258,7.632075400069794,7.632075400069794
4869,4998,Sierra Leone,SLE,2020,845.277557920549,59.694,6.7396650443343065,6.7396650443343065
4870,4999,El Salvador,SLV,2020,3997.19279583709,70.244,8.293347592683672,8.293347592683672
4871,5000,San Marino,SMR,2020,44326.9556746411,82.65,10.699348251224391,10.699348251224393
4872,5001,"Somalia, Fed. Rep.",SOM,2020,518.16113333875,57.095,6.25028626210932,6.25028626210932
4873,5002,Serbia,SRB,2020,8098.70955668849,74.4780487804878,8.999460013979633,8.999460013979633
4874,5003,Sub-Saharan Africa (excluding high income),SSA,2020,1716.50863861427,60.6223697926718,7.448047645576181,7.448047645576181
4875,5005,Sub-Saharan Africa,SSF,2020,1627.34569596297,61.1676531593734,7.394705559119706,7.394705559119706
4876,5006,Small states,SST,2020,10723.093901861,71.8255552822673,9.280155003233094,9.280155003233094
4877,5007,Sao Tome and Principe,STP,2020,2167.22001796925,67.979,7.681200527517286,7.681200527517286
4878,5008,Suriname,SUR,2020,4755.39221710693,72.321,8.467034456773764,8.467034456773764
4879,5009,Slovak Republic,SVK,2020,19735.4858280801,76.8658536585366,9.890173605380973,9.890173605380973
4880,5010,Slovenia,SVN,2020,25392.0651093612,80.5317073170732,10.142192006931191,10.142192006931191
4881,5011,Sweden,SWE,2020,52568.5726980146,82.3560975609756,10.8698737429411,10.8698737429411
4882,5012,Eswatini,SWZ,2020,3466.56936278145,59.862,8.150920727639,8.150920727639
4883,5013,Sint Maarten (Dutch part),SXM,2020,30150.8998380477,75.002,10.313970047084684,10.313970047084684
4884,5014,Seychelles,SYC,2020,14041.4754074575,77.2365853658537,9.549770758059902,9.549770758059902
4885,5015,Syrian Arab Republic,SYR,2020,572.355289831901,71.944,6.349759934624389,6.349759934624389
4886,5016,Turks and Caicos Islands,TCA,2020,20690.9160546118,77.499,9.937450044994453,9.937450044994453
4887,5017,Chad,TCD,2020,866.947814890409,53.082,6.764978784531204,6.764978784531204
4888,5018,East Asia & Pacific (IDA & IBRD countries),TEA,2020,8485.32855185979,75.7338497054699,9.046093898410687,9.046093898410689
4889,5019,Europe & Central Asia (IDA & IBRD countries),TEC,2020,8478.35038656806,73.1492512511888,9.045271179976714,9.045271179976714
4890,5020,Togo,TGO,2020,863.468665870276,61.14,6.7609576095748585,6.7609576095748585
4891,5021,Thailand,THA,2020,6985.64393892574,77.331,8.851612456264517,8.851612456264517
4892,5022,Tajikistan,TJK,2020,834.311715460625,68.605,6.726607092073161,6.726607092073161
4893,5023,Turkmenistan,TKM,2020,5972.72356566861,68.846,8.694958311009827,8.694958311009827
4894,5024,Latin America & the Caribbean (IDA & IBRD countries),TLA,2020,6964.3711102796,73.0747493617473,8.848562589284368,8.848562589284368
4895,5025,Timor-Leste,TLS,2020,1630.86938521256,66.919,7.396868516773247,7.396868516773247
4896,5026,"Middle East, North Africa, Afghanistan & Pakistan (IDA & IBRD)",TMN,2020,2402.73480964452,69.0090964026373,7.784362871612665,7.784362871612665
4897,5027,Tonga,TON,2020,4792.35854741522,72.379,8.474777959077892,8.474777959077892
4898,5028,South Asia (IDA & IBRD),TSA,2020,1957.20343722686,70.3622206982498,7.579271915609452,7.579271915609452
4899,5029,Sub-Saharan Africa (IDA & IBRD countries),TSS,2020,1627.34569596297,61.1676531593734,7.394705559119706,7.394705559119706
4900,5030,Trinidad and Tobago,TTO,2020,15283.6270531554,72.645,9.6345374071408,9.634537407140801
4901,5031,Tunisia,TUN,2020,3548.65363663803,75.004,8.174323553248167,8.174323553248167
4902,5032,Turkiye,TUR,2020,8798.11791709313,76.525,9.082293104534594,9.082293104534594
4903,5033,Tuvalu,TUV,2020,4976.11254109571,66.357,8.512404250942945,8.512404250942945
4904,5034,Tanzania,TZA,2020,1117.41528320313,66.771,7.018773514399859,7.018773514399859
4905,5035,Uganda,UGA,2020,845.766463890124,66.41,6.7402432740869225,6.7402432740869225
4906,5036,Ukraine,UKR,2020,3709.76928710938,73.283,8.218724966904833,8.218724966904833
4907,5037,Upper middle income,UMC,2020,8346.18727671435,75.2312636272767,9.029560099998038,9.029560099998038
4908,5038,Uruguay,URY,2020,15757.5355995779,78.381,9.665073980599557,9.665073980599557
4909,5039,United States,USA,2020,63515.9491807833,76.9804878048781,11.059046321544642,11.059046321544642
4910,5040,Uzbekistan,UZB,2020,1978.28051860763,71.461,7.589983321443543,7.589983321443543
4911,5041,St. Vincent and the Grenadines,VCT,2020,8351.20324040982,69.605,9.030160908111284,9.030160908111283
4912,5042,"Venezuela, RB",VEN,2020,1506.0436210041,72.369,7.3172413727505266,7.3172413727505266
4913,5044,Virgin Islands (U.S.),VIR,2020,39787.3741650202,79.819512195122,10.591304908909134,10.591304908909134
4914,5045,Viet Nam,VNM,2020,3534.03953482647,75.383,8.170196839808145,8.170196839808145
4915,5046,Vanuatu,VUT,2020,3042.98711598286,70.385,8.02059491590275,8.02059491590275
4916,5047,World,WLD,2020,10937.6846205191,72.181968378825,9.299969410113729,9.299969410113729
4917,5048,Samoa,WSM,2020,4099.59660548583,70.727,8.318643858945999,8.318643858945999
4918,5049,Kosovo,XKX,2020,4310.88963754863,74.212,8.368899574221956,8.368899574221956
4919,5051,South Africa,ZAF,2020,5580.60383075189,65.15,8.627052262917106,8.627052262917106
4920,5052,Zambia,ZMB,2020,951.644316655957,63.361,6.8581913480211325,6.8581913480211325
4921,5053,Zimbabwe,ZWE,2020,2059.67445384499,61.53,7.630303217181154,7.630303217181154
4922,5054,Aruba,ABW,2021,26749.3296093118,73.655,10.194264690675974,10.194264690675974
4923,5055,Africa Eastern and Southern,AFE,2021,1562.41617477738,62.9799991857494,7.3539887320289665,7.3539887320289665
4924,5056,Afghanistan,AFG,2021,356.496214115892,60.417,5.876323620207197,5.876323620207197
4925,5057,Africa Western and Central,AFW,2021,2112.79407637079,57.3627361321845,7.655766557292316,7.655766557292316
4926,5058,Angola,AGO,2021,2303.90812662776,62.958,7.742362145425139,7.742362145425139
4927,5059,Albania,ALB,2021,7242.45513146613,76.844,8.887715534452225,8.887715534452225
4928,5060,Andorra,AND,2021,42425.7066454357,82.331,10.65550974630869,10.65550974630869
4929,5061,Arab World,ARB,2021,6697.41498492196,70.4041144889903,8.809476907784182,8.809476907784182
4930,5062,United Arab Emirates,ARE,2021,44118.5047192771,79.083,10.69463458157093,10.69463458157093
4931,5063,Argentina,ARG,2021,10738.0179223384,73.948,9.281545800038526,9.281545800038526
4932,5064,Armenia,ARM,2021,4685.17997128509,72.2780487804878,8.452159608296522,8.452159608296522
4933,5065,American Samoa,ASM,2021,15236.1604875571,72.708,9.631426860987302,9.631426860987302
4934,5066,Antigua and Barbuda,ATG,2021,17348.6006987182,77.197,9.7612671307518,9.761267130751799
4935,5067,Australia,AUS,2021,60758.9044397144,83.3,11.01466892560104,11.01466892560104
4936,5068,Austria,AUT,2021,53648.6437976214,81.190243902439,10.890211469037029,10.890211469037029
4937,5069,Azerbaijan,AZE,2021,5408.04535175023,70.999,8.595643003736127,8.595643003736127
4938,5070,Burundi,BDI,2021,264.980379269655,62.101,5.579655782753222,5.579655782753222
4939,5071,Belgium,BEL,2021,51658.238294958,81.790243902439,10.85240496415116,10.852404964151159
4940,5072,Benin,BEN,2021,1318.65158075198,59.61,7.184364963729967,7.184364963729967
4941,5073,Burkina Faso,BFA,2021,895.535288442991,60.046,6.797421627137521,6.797421627137521
4942,5074,Bangladesh,BGD,2021,2482.84917843357,71.103,7.817162041993389,7.817162041993389
4943,5075,Bulgaria,BGR,2021,12966.1457543396,71.2121951219512,9.470097066944287,9.470097066944287
4944,5076,Bahrain,BHR,2021,27147.8083882286,78.083,10.209051599755004,10.209051599755004
4945,5077,"Bahamas, The",BHS,2021,30367.8605757708,70.752,10.32114011024299,10.32114011024299
4946,5078,Bosnia and Herzegovina,BIH,2021,7295.34378682258,74.567,8.89499158621009,8.89499158621009
4947,5079,Belarus,BLR,2021,7489.71894713888,72.0714634146342,8.921286552060753,8.921286552060753
4948,5080,Belize,BLZ,2021,6142.98930557031,70.917,8.723066760249228,8.723066760249228
4949,5081,Bermuda,BMU,2021,112765.08167306,81.745,11.633062010486627,11.633062010486627
4950,5082,Bolivia,BOL,2021,4010.76053686204,61.427,8.296736162382766,8.296736162382766
4951,5083,Brazil,BRA,2021,7972.53696080695,73.038,8.983758034910712,8.983758034910712
4952,5084,Barbados,BRB,2021,21079.6145271791,76.58,9.956061716301155,9.956061716301155
4953,5085,Brunei Darussalam,BRN,2021,31006.9636289785,74.869,10.34196709143388,10.34196709143388
4954,5086,Bhutan,BTN,2021,3570.61257980872,72.448,8.180492451036471,8.180492451036471
4955,5087,Botswana,BWA,2021,7807.88794570471,63.303,8.962889776773851,8.962889776773851
4956,5088,Central African Republic,CAF,2021,492.263142830507,40.279,6.199013416666125,6.199013416666125
4957,5089,Canada,CAN,2021,52886.6616372703,81.4514634146342,10.875906443090257,10.875906443090255
4958,5090,Central Europe and the Baltics,CEB,2021,19223.9274030651,74.7232827859077,9.863911001039275,9.863911001039277
4959,5091,Switzerland,CHE,2021,93664.7736696111,83.7512195121951,11.447477449510572,11.447477449510572
4960,5092,Channel Islands,CHI,2021,66915.3963925722,80.3,11.111184360035274,11.111184360035274
4961,5093,Chile,CHL,2021,16206.8325493421,78.876,9.693188194608824,9.693188194608823
4962,5094,China,CHN,2021,12887.4357242941,78.117,9.464008140867122,9.464008140867122
4963,5095,Cote d'Ivoire,CIV,2021,2455.98127641148,60.29,7.806281665627012,7.806281665627012
4964,5096,Cameroon,CMR,2021,1672.32657340872,61.146,7.421971093596723,7.421971093596723
4965,5097,"Congo, Dem. Rep.",COD,2021,595.743074403567,60.044,6.389809490906777,6.389809490906777
4966,5098,"Congo, Rep.",COG,2021,2516.16255145432,64.192,7.830490222829694,7.830490222829694
4967,5099,Colombia,COL,2021,6222.62164397614,72.698,8.735946583102677,8.735946583102677
4968,5100,Comoros,COM,2021,1554.97289190153,65.201,7.349213391600628,7.349213391600628
4969,5101,Cabo Verde,CPV,2021,3971.44409203423,74.424,8.286885058681952,8.286885058681952
4970,5102,Costa Rica,CRI,2021,12838.1185358931,78.05,9.460174035034669,9.460174035034667
4971,5103,Caribbean small states,CSS,2021,13995.2694921728,69.9228107471769,9.546474658082325,9.546474658082325
4972,5105,Curacao,CUW,2021,17795.5826616182,75.686,9.7867055404045,9.7867055404045
4973,5106,Cayman Islands,CYM,2021,86449.6749037302,79.3,11.36731773059228,11.36731773059228
4974,5107,Cyprus,CYP,2021,32937.83984375,80.573,10.402377423067302,10.402377423067302
4975,5108,Czechia,CZE,2021,27696.4619527544,77.2219512195122,10.229059956680212,10.229059956680212
4976,5109,Germany,DEU,2021,52349.2459994422,80.790243902439,10.865692813127952,10.865692813127952
4977,5110,Djibouti,DJI,2021,3025.91126413549,63.83,8.014967569442286,8.014967569442286
4978,5111,Dominica,DMA,2021,8376.40414141113,69.832,9.03317400131608,9.033174001316079
4979,5112,Denmark,DNK,2021,69340.7334922138,81.4048780487805,11.146787797380554,11.146787797380554
4980,5113,Dominican Republic,DOM,2021,8527.0754858205,71.757,9.05100173126772,9.05100173126772
4981,5114,Algeria,DZA,2021,4160.55926736925,75.208,8.333404783490614,8.333404783490614
4982,5115,East Asia & Pacific (excluding high income),EAP,2021,9974.57829690175,75.2781418410849,9.207794964864584,9.207794964864584
4983,5116,Early-demographic dividend,EAR,2021,3698.98363187847,68.1790994839634,8.215813366810085,8.215813366810085
4984,5117,East Asia & Pacific,EAS,2021,13336.4841670883,76.152941315904,9.498258729042178,9.498258729042178
4985,5118,Europe & Central Asia (excluding high income),ECA,2021,6673.97429035651,72.8823762052943,8.805970807094806,8.805970807094806
4986,5119,Europe & Central Asia,ECS,2021,27664.8914080918,76.72864297207,10.227919430079316,10.227919430079316
4987,5120,Ecuador,ECU,2021,6061.32350181711,72.746,8.709683454857418,8.709683454857418
4988,5121,"Egypt, Arab Rep.",EGY,2021,3827.35415374308,68.976,8.249929021970582,8.249929021970582
4989,5122,Euro area,EMU,2021,42984.5697414154,81.5839330415712,10.668596487053165,10.668596487053165
4990,5124,Spain,ESP,2021,30799.4775937775,83.1780487804878,10.335253007576831,10.335253007576831
4991,5125,Estonia,EST,2021,27951.1659277744,76.9439024390244,10.238214192481523,10.238214192481523
4992,5126,Ethiopia,ETH,2021,893.00983544905,65.33,6.794597594756551,6.794597594756551
4993,5127,European Union,EUU,2021,39206.9791776084,80.3071964400875,10.576610050176384,10.576610050176383
4994,5128,Fragile and conflict affected situations,FCS,2021,1711.40128929758,61.6086810439385,7.445067781342079,7.445067781342079
4995,5129,Finland,FIN,2021,53099.1351400148,81.8853658536585,10.879915919715373,10.879915919715371
4996,5130,Fiji,FJI,2021,4536.73312110335,64.904,8.419962455166226,8.419962455166226
4997,5131,France,FRA,2021,43725.0999521245,82.3243902439024,10.685677585810422,10.685677585810422
4998,5132,Faroe Islands,FRO,2021,69415.1853254579,82.6763219512195,11.147860931283937,11.147860931283935
4999,5133,"Micronesia, Fed. Sts.",FSM,2021,3508.22314197664,66.152,8.1628649609265,8.1628649609265
5000,5134,Gabon,GAB,2021,8181.40914134656,67.072,9.009619681428878,9.009619681428878
5001,5135,United Kingdom,GBR,2021,47691.3768799404,80.6473170731707,10.77250588233577,10.77250588233577
5002,5136,Georgia,GEO,2021,5083.60695484577,71.635,8.533776319101591,8.533776319101591
5003,5137,Ghana,GHA,2021,2445.18662529344,64.286,7.801876728359405,7.801876728359405
5004,5139,Guinea,GIN,2021,1244.96550477914,59.373,7.126863101510255,7.126863101510255
5005,5140,"Gambia, The",GMB,2021,781.890925169531,63.847,6.661715248936414,6.661715248936414
5006,5141,Guinea-Bissau,GNB,2021,926.780921081233,61.653,6.831717206547057,6.831717206547057
5007,5142,Equatorial Guinea,GNQ,2021,6945.63069794539,62.447,8.845868064304248,8.845868064304248
5008,5143,Greece,GRC,2021,20654.7001960815,80.0829268292683,9.935698184890448,9.935698184890448
5009,5144,Grenada,GRD,2021,9617.28902905373,74.522,9.171317698233391,9.171317698233391
5010,5145,Greenland,GRL,2021,58135.9939910203,71.2614634146342,10.970540268935732,10.970540268935732
5011,5146,Guatemala,GTM,2021,4912.62240414681,67.858,8.499563172741766,8.499563172741766
5012,5147,Guam,GUM,2021,38074.8793745801,75.434,10.547310009658018,10.547310009658018
5013,5148,Guyana,GUY,2021,9860.87014834386,64.323,9.196329694041983,9.196329694041983
5014,5149,High income,HIC,2021,45081.6648348438,78.7981627051457,10.71623089814712,10.71623089814712
5015,5150,"Hong Kong SAR, China",HKG,2021,49770.5642374739,85.5326829268293,10.815179008687553,10.815179008687553
5016,5151,Honduras,HND,2021,2735.14751503977,69.492,7.913940649430753,7.913940649430753
5017,5152,Heavily indebted poor countries (HIPC),HPC,2021,1061.41414950431,62.5314653172853,6.967357401286952,6.967357401286952
5018,5153,Croatia,HRV,2021,17788.7865816658,76.4243902439025,9.786323570445242,9.786323570445242
5019,5154,Haiti,HTI,2021,1841.33189337222,62.613,7.518244443839888,7.518244443839888
5020,5155,Hungary,HUN,2021,19030.628130329,74.0658536585366,9.853804967119558,9.853804967119558
5021,5156,IBRD only,IBD,2021,7314.52836425795,71.974203378406,8.897617836222906,8.897617836222906
5022,5157,IDA & IBRD total,IBT,2021,5754.24675079938,69.6679287075032,8.657693426542634,8.657693426542634
5023,5158,IDA total,IDA,2021,1566.13709936781,63.4774236571682,7.356367420207714,7.356367420207714
5024,5159,IDA blend,IDB,2021,2142.31172674601,60.876535738179,7.669640771112879,7.669640771112879
5025,5160,Indonesia,IDN,2021,4287.17313995098,67.452,8.363382852988169,8.363382852988169
5026,5161,IDA only,IDX,2021,1256.19296430735,64.8765306607314,7.135840969230316,7.135840969230316
5027,5162,Isle of Man,IMN,2021,94299.969348965,80.42,11.454236143584009,11.454236143584009
5028,5163,India,IND,2021,2239.61384367482,67.282,7.714058738771413,7.7140587387714135
5029,5165,Ireland,IRL,2021,103783.446284479,82.2536585365854,11.55006175996797,11.55006175996797
5030,5166,"Iran, Islamic Rep.",IRN,2021,4605.14881318992,73.752,8.434930263735113,8.434930263735113
5031,5167,Iraq,IRQ,2021,4868.49431080783,70.704,8.490539991846253,8.490539991846253
5032,5168,Iceland,ISL,2021,70425.4064277273,83.1658536585366,11.16230936379966,11.162309363799661
5033,5169,Israel,ISR,2021,52270.9040241956,82.5,10.864195166835684,10.864195166835684
5034,5170,Italy,ITA,2021,36852.5425414951,82.6463414634146,10.514679892292794,10.514679892292794
5035,5171,Jamaica,JAM,2021,5625.67806271236,69.085,8.635096764289916,8.635096764289916
5036,5172,Jordan,JOR,2021,4183.49998326866,74.204,8.33890349173629,8.33890349173629
5037,5173,Japan,JPN,2021,40094.5599795288,84.4456097560976,10.598995942733442,10.598995942733442
5038,5174,Kazakhstan,KAZ,2021,9983.60103576902,70.131,9.208699129451098,9.208699129451098
5039,5175,Kenya,KEN,2021,2061.35622089594,61.225,7.631119404818203,7.631119404818203
5040,5176,Kyrgyz Republic,KGZ,2021,1349.99730650542,71.9,7.207857876249315,7.207857876249315
5041,5177,Cambodia,KHM,2021,2167.40324198499,69.301,7.681285067282272,7.681285067282272
5042,5178,Kiribati,KIR,2021,2222.04819501897,64.148,7.706184659891882,7.706184659891882
5043,5179,St. Kitts and Nevis,KNA,2021,18361.1449697886,69.271,9.817992024418963,9.817992024418963
5044,5180,"Korea, Rep.",KOR,2021,37518.4635305697,83.5268292682927,10.53258845160388,10.53258845160388
5045,5181,Kuwait,KWT,2021,34018.6342592913,78.7365853658537,10.43466371991448,10.434663719914479
5046,5182,Latin America & Caribbean (excluding high income),LAC,2021,7970.6164425206,71.4377016432982,8.983517114153438,8.983517114153438
5047,5183,Lao PDR,LAO,2021,2526.05105018529,67.807,7.834412512597466,7.834412512597466
5048,5184,Lebanon,LBN,2021,4045.37391066234,73.65,8.305329262961486,8.305329262961486
5049,5185,Liberia,LBR,2021,667.96610514319,61.166,6.50423743144568,6.50423743144568
5050,5186,Libya,LBY,2021,4935.82787349801,72.062,8.504275693319578,8.504275693319578
5051,5187,St. Lucia,LCA,2021,10459.1321248092,69.119,9.2552307633171,9.255230763317101
5052,5188,Latin America & Caribbean,LCN,2021,8291.07156305024,71.8141762189306,9.022934499492578,9.022934499492578
5053,5189,Least developed countries: UN classification,LDC,2021,1175.55718251136,64.2674143744269,7.069497512063983,7.0694975120639825
5054,5190,Low income,LIC,2021,651.812637638679,62.3801274289699,6.479757155044403,6.479757155044403
5055,5191,Liechtenstein,LIE,2021,201944.830335076,84.4024390243902,12.215749821926972,12.215749821926972
5056,5192,Sri Lanka,LKA,2021,3996.96240014909,76.278,8.293289951649086,8.293289951649086
5057,5193,Lower middle income,LMC,2021,2369.9577651033,66.3662902978306,7.770627413338868,7.770627413338868
5058,5194,Low & middle income,LMY,2021,5524.24398933119,69.6714349467729,8.616901682513067,8.616901682513067
5059,5195,Lesotho,LSO,2021,1066.58645143823,54.209,6.972218595515254,6.972218595515254
5060,5196,Late-demographic dividend,LTE,2021,11759.7974990154,76.3060136977083,9.372442001832882,9.372442001832882
5061,5197,Lithuania,LTU,2021,23870.4594851722,74.0365853658537,10.08039696863115,10.08039696863115
5062,5198,Luxembourg,LUX,2021,134965.815442152,82.5975609756098,11.812776806408214,11.812776806408214
5063,5199,Latvia,LVA,2021,20261.8887788916,72.9804878048781,9.91649700045097,9.91649700045097
5064,5200,"Macao SAR, China",MAC,2021,44884.8961602393,83.7292682926829,10.711856628725693,10.711856628725693
5065,5201,St. Martin (French part),MAF,2021,21668.3776525323,80.206,9.983609225670223,9.983609225670225
5066,5202,Morocco,MAR,2021,3785.93627929688,73.385,8.239048501014024,8.239048501014024
5067,5203,Monaco,MCO,2021,223823.363960226,85.113,12.318612466016136,12.318612466016136
5068,5204,Moldova,MDA,2021,5274.60582195352,68.991,8.570659229856147,8.570659229856147
5069,5205,Madagascar,MDG,2021,483.469463351195,62.516,6.180988155403887,6.180988155403887
5070,5206,Maldives,MDV,2021,10176.143882547,78.052,9.22780142488118,9.22780142488118
5071,5207,"Middle East, North Africa, Afghanistan & Pakistan",MEA,2021,5615.91186098726,69.7113193479505,8.633359251313841,8.633359251313841
5072,5208,Mexico,MEX,2021,10314.0506722115,69.75,9.24126238755322,9.241262387553219
5073,5209,Marshall Islands,MHL,2021,6315.31279603534,65.421,8.750732565788368,8.750732565788368
5074,5210,Middle income,MIC,2021,6007.32308658146,70.3953530328654,8.700734518418193,8.700734518418193
5075,5211,North Macedonia,MKD,2021,7620.80296977508,73.2463414634146,8.93863701973987,8.93863701973987
5076,5212,Mali,MLI,2021,1027.27345365357,59.116,6.934663438998207,6.934663438998207
5077,5213,Malta,MLT,2021,38096.8360735119,82.2585365853659,10.54788651497658,10.54788651497658
5078,5214,Myanmar,MMR,2021,1242.7213439951,65.553,7.125058886165458,7.125058886165458
5079,5215,"Middle East, North Africa, Afghanistan & Pakistan (excluding high income)",MNA,2021,2753.47858029524,68.9280214782652,7.920620329589381,7.920620329589381
5080,5216,Montenegro,MNE,2021,9317.15520065156,73.8243902439024,9.13961262510406,9.13961262510406
5081,5217,Mongolia,MNG,2021,4517.61578018785,71.6451219512195,8.415739651399244,8.415739651399244
5082,5218,Northern Mariana Islands,MNP,2021,19455.50139424,78.16,9.875885157085534,9.875885157085534
5083,5219,Mozambique,MOZ,2021,509.907829475551,60.268,6.234229982866839,6.234229982866839
5084,5220,Mauritania,MRT,2021,1947.78918383313,66.762,7.574450256494497,7.574450256494497
5085,5221,Mauritius,MUS,2021,9177.71195973013,73.680243902439,9.124533210689158,9.124533210689158
5086,5222,Malawi,MWI,2021,617.446994451007,64.782,6.425593225872022,6.425593225872022
5087,5223,Malaysia,MYS,2021,10903.1037480772,73.917,9.29680277521437,9.29680277521437
5088,5224,North America,NAC,2021,68424.560031595,76.8590196370959,11.133487103951708,11.133487103951708
5089,5225,Namibia,NAM,2021,4412.8355693052,60.85,8.392272748050816,8.392272748050816
5090,5226,New Caledonia,NCL,2021,35311.5543551452,77.113,10.471965508206903,10.471965508206903
5091,5227,Niger,NER,2021,608.722439593808,59.542,6.41136239960404,6.41136239960404
5092,5228,Nigeria,NGA,2021,2787.48779224428,53.455,7.932896036294849,7.932896036294849
5093,5229,Nicaragua,NIC,2021,2138.38588469449,70.478,7.6678065639305375,7.6678065639305375
5094,5230,Netherlands,NLD,2021,60141.9880911492,81.309756097561,11.004463513713938,11.004463513713938
5095,5231,Norway,NOR,2021,93072.8925119571,83.1634146341463,11.441138255583216,11.441138255583216
5096,5232,Nepal,NPL,2021,1252.75076731986,68.385,7.133097026348016,7.133097026348016
5097,5233,Nauru,NRU,2021,14979.099896799,61.331,9.614411168269854,9.614411168269854
5098,5234,New Zealand,NZL,2021,49950.4251691316,82.2073170731707,10.818786295935,10.818786295935
5099,5235,OECD members,OED,2021,43027.7494275706,78.5867291925709,10.669600522061168,10.669600522061168
5100,5236,Oman,OMN,2021,19403.4600160211,75.969,9.873206680490004,9.873206680490004
5101,5237,Other small states,OSS,2021,13717.0894877353,71.7699719301416,9.526397742313312,9.526397742313312
5102,5238,Pakistan,PAK,2021,1455.31922370186,65.773,7.282980553274667,7.282980553274667
5103,5239,Panama,PAN,2021,15509.8069124139,77.004,9.649227806861235,9.649227806861235
5104,5240,Peru,PER,2021,6826.20255614477,71.596,8.828523803234523,8.828523803234523
5105,5241,Philippines,PHL,2021,3484.38593882819,66.675,8.156047106472293,8.156047106472293
5106,5242,Palau,PLW,2021,13009.2481630213,68.563,9.473415780676149,9.473415780676147
5107,5243,Papua New Guinea,PNG,2021,2607.57861874444,64.358,7.866177337424975,7.866177337424975
5108,5244,Poland,POL,2021,18635.5104895754,75.3512195121951,9.832824205666151,9.832824205666153
5109,5245,Pre-demographic dividend,PRE,2021,1594.14229813292,60.275328471243,7.374091126465432,7.374091126465432
5110,5246,Puerto Rico (US),PRI,2021,32619.0704601174,79.77,10.39265237975787,10.39265237975787
5111,5248,Portugal,PRT,2021,24711.4510062111,81.3780487804878,10.1150220186755,10.1150220186755
5112,5249,Paraguay,PRY,2021,5976.93179789949,68.108,8.69566263800116,8.69566263800116
5113,5250,West Bank and Gaza,PSE,2021,3678.63565662194,73.89,8.210297216936711,8.210297216936711
5114,5251,Pacific island small states,PSS,2021,3600.81254375167,67.4810209240703,8.188914805573985,8.188914805573985
5115,5252,Post-demographic dividend,PST,2021,49855.2269396596,79.7932852795952,10.816878623246508,10.816878623246508
5116,5253,French Polynesia,PYF,2021,21426.3854449835,79.571,9.972378406252009,9.972378406252007
5117,5254,Qatar,QAT,2021,71751.9363398856,81.083,11.180970120573194,11.180970120573194
5118,5255,Romania,ROU,2021,14907.9803652143,72.809756097561,9.609651943534578,9.609651943534578
5119,5256,Russian Federation,RUS,2021,12425.029296875,69.900243902439,9.427468208859434,9.427468208859434
5120,5257,Rwanda,RWA,2021,829.544845263697,66.85,6.720877171175412,6.720877171175412
5121,5258,South Asia,SAS,2021,2273.72055798689,67.8215299767513,7.729172781089625,7.729172781089625
5122,5259,Saudi Arabia,SAU,2021,31920.7653655643,77.089,10.371012028894215,10.371012028894215
5123,5260,Sudan,SDN,2021,712.122009277344,64.46,6.568249258075882,6.568249258075882
5124,5261,Senegal,SEN,2021,1598.10676952274,66.868,7.376574938564032,7.3765749385640325
5125,5262,Singapore,SGP,2021,80056.1288247844,83.0926829268293,11.290483277952374,11.290483277952374
5126,5263,Solomon Islands,SLB,2021,2043.44413170658,68.89,7.622391963118283,7.622391963118283
5127,5264,Sierra Leone,SLE,2021,885.396401885395,60.26,6.786035456460322,6.786035456460322
5128,5265,El Salvador,SLV,2021,4642.60743101342,69.941,8.443031433726683,8.443031433726683
5129,5266,San Marino,SMR,2021,54176.4798021628,83.539,10.900002141253708,10.900002141253708
5130,5267,"Somalia, Fed. Rep.",SOM,2021,549.056994756254,55.703,6.308202251706228,6.308202251706228
5131,5268,Serbia,SRB,2021,9680.52798074468,72.780487804878,9.177871722248542,9.177871722248542
5132,5269,Sub-Saharan Africa (excluding high income),SSA,2021,1885.48155965903,60.1775488576346,7.541938536570518,7.541938536570518
5133,5271,Sub-Saharan Africa,SSF,2021,1785.46664916614,60.7035030087831,7.487435088151647,7.487435088151647
5134,5272,Small states,SST,2021,12428.6087674544,70.7756825891382,9.427756252854834,9.427756252854834
5135,5273,Sao Tome and Principe,STP,2021,2362.58827248102,68.026,7.76751302268301,7.76751302268301
5136,5274,Suriname,SUR,2021,5029.84838543953,68.943,8.523145120579768,8.523145120579768
5137,5275,Slovak Republic,SVK,2021,22123.3342114545,74.6146341463415,10.004388177163944,10.004388177163943
5138,5276,Slovenia,SVN,2021,29192.8401933019,80.6756097560976,10.281678759330694,10.281678759330694
5139,5277,Sweden,SWE,2021,60647.5416365347,83.0560975609756,11.012834379940378,11.012834379940378
5140,5278,Eswatini,SWZ,2021,3984.00229174306,58.228,8.290042193941035,8.290042193941035
5141,5279,Sint Maarten (Dutch part),SXM,2021,32548.4366854902,74.505,10.39048461838779,10.39048461838779
5142,5280,Seychelles,SYC,2021,14982.9111487767,73.3975609756097,9.614665573889852,9.614665573889853
5143,5281,Syrian Arab Republic,SYR,2021,663.614245706815,72.418,6.497701025395718,6.497701025395718
5144,5282,Turks and Caicos Islands,TCA,2021,27329.2885087196,77.234,10.215714245239647,10.215714245239647
5145,5283,Chad,TCD,2021,946.358500208374,53.136,6.852621461542517,6.852621461542517
5146,5284,East Asia & Pacific (IDA & IBRD countries),TEA,2021,10086.4176067356,75.3009806060199,9.218945006373575,9.218945006373575
5147,5285,Europe & Central Asia (IDA & IBRD countries),TEC,2021,10014.5108823837,72.1506406826172,9.211790408403406,9.211790408403406
5148,5286,Togo,TGO,2021,962.075187515872,61.337,6.869092605112475,6.869092605112475
5149,5287,Thailand,THA,2021,7057.20754802279,77.606,8.861804720802564,8.861804720802564
5150,5288,Tajikistan,TJK,2021,896.748053372182,69.594,6.798774945651387,6.798774945651387
5151,5289,Turkmenistan,TKM,2021,5723.30227157906,69.353,8.652301237994775,8.652301237994775
5152,5290,Latin America & the Caribbean (IDA & IBRD countries),TLA,2021,8075.78816650564,71.7449274626405,8.996625749086938,8.996625749086938
5153,5291,Timor-Leste,TLS,2021,2684.92676774277,66.199,7.895408731987309,7.895408731987309
5154,5292,"Middle East, North Africa, Afghanistan & Pakistan (IDA & IBRD)",TMN,2021,2746.96809945183,68.8931032282321,7.918253073159926,7.918253073159926
5155,5293,Tonga,TON,2021,4922.80171378368,72.13,8.501633101430013,8.501633101430013
5156,5294,South Asia (IDA & IBRD),TSA,2021,2273.72055798689,67.8215299767513,7.729172781089625,7.729172781089625
5157,5295,Sub-Saharan Africa (IDA & IBRD countries),TSS,2021,1785.46664916614,60.7035030087831,7.487435088151647,7.487435088151647
5158,5296,Trinidad and Tobago,TTO,2021,17712.5674104655,71.111,9.782029689804848,9.782029689804848
5159,5297,Tunisia,TUN,2021,3906.93926319391,72.893,8.270509549296639,8.270509549296639
5160,5298,Turkiye,TUR,2021,9981.76398411336,75.722,9.208515105601895,9.208515105601897
5161,5299,Tuvalu,TUV,2021,5905.08198095343,65.824,8.683568611846425,8.683568611846425
5162,5300,Tanzania,TZA,2021,1159.85656738281,66.131,7.056051627647344,7.056051627647344
5163,5301,Uganda,UGA,2021,882.791717542504,66.45,6.78308929230697,6.78308929230697
5164,5302,Ukraine,UKR,2021,4775.94580078125,71.631,8.471347306762913,8.471347306762913
5165,5303,Upper middle income,UMC,2021,9918.69947746711,74.7273713271635,9.20217709062264,9.202177090622639
5166,5304,Uruguay,URY,2021,17881.818721099,75.434,9.791539761736832,9.791539761736832
5167,5305,United States,USA,2021,70205.050916026,76.3292682926829,11.15917553779634,11.15917553779634
5168,5306,Uzbekistan,UZB,2021,2258.51964119278,71.681,7.722464851622166,7.722464851622166
5169,5307,St. Vincent and the Grenadines,VCT,2021,8641.27904024443,69.132,9.064305887907024,9.064305887907024
5170,5308,"Venezuela, RB",VEN,2021,2004.93397949792,71.536,7.603366411267322,7.603366411267322
5171,5310,Virgin Islands (U.S.),VIR,2021,42571.0777368471,80.0682926829268,10.658930375317498,10.658930375317498
5172,5311,Viet Nam,VNM,2021,3704.1935590038,74.145,8.21722085115122,8.21722085115122
5173,5312,Vanuatu,VUT,2021,3107.20312858002,69.952,8.041478284977298,8.041478284977298
5174,5313,World,WLD,2021,12390.6686716727,71.2149086723293,9.42469894182494,9.42469894182494
5175,5314,Samoa,WSM,2021,4021.55934894283,71.096,8.299425004147158,8.299425004147158
5176,5315,Kosovo,XKX,2021,5270.43236861018,74.981,8.569867681549574,8.569867681549574
5177,5317,South Africa,ZAF,2021,6828.75624590017,62.01,8.828897834357164,8.828897834357164
5178,5318,Zambia,ZMB,2021,1127.16077872857,62.363,7.027457164670876,7.027457164670876
5179,5319,Zimbabwe,ZWE,2021,2613.60542083552,60.135,7.868485934372374,7.868485934372374
5180,5320,Aruba,ABW,2022,30975.9989121779,76.226,10.34096795495808,10.34096795495808
5181,5321,Africa Eastern and Southern,AFE,2022,1679.32762166466,64.4871517904367,7.426148767086216,7.426148767086216
5182,5322,Afghanistan,AFG,2022,357.261152798144,65.617,5.878467034791953,5.878467034791953
5183,5323,Africa Western and Central,AFW,2022,2138.47315259913,57.9878499444678,7.667847373273979,7.667847373273979
5184,5324,Angola,AGO,2022,3682.1131513698,64.246,8.21124209227407,8.21124209227407
5185,5325,Albania,ALB,2022,7756.96188744253,78.769,8.95634602716728,8.95634602716728
5186,5326,Andorra,AND,2022,42414.0479861228,84.016,10.65523490677298,10.65523490677298
5187,5327,Arab World,ARB,2022,7950.35581975672,71.8760955992222,8.980971963848907,8.980971963848907
5188,5328,United Arab Emirates,ARE,2022,50759.7589231191,80.487,10.83485917246951,10.83485917246951
5189,5329,Argentina,ARG,2022,13962.1894087223,75.806,9.544108198454824,9.544108198454824
5190,5330,Armenia,ARM,2022,6571.97445545099,74.7658536585366,8.790569592273615,8.790569592273615
5191,5331,American Samoa,ASM,2022,18017.4589383973,72.752,9.799096507811528,9.799096507811528
5192,5332,Antigua and Barbuda,ATG,2022,20105.1989085164,77.483,9.908733712767456,9.908733712767457
5193,5333,Australia,AUS,2022,65169.5191118657,83.2,11.084747140319084,11.084747140319083
5194,5334,Austria,AUT,2022,52336.7725223758,81.2951219512195,10.86545451049114,10.86545451049114
5195,5335,Azerbaijan,AZE,2022,7770.594223351,74.125,8.958101917059256,8.958101917059256
5196,5336,Burundi,BDI,2022,302.992505263552,62.882,5.713708070099663,5.7137080700996625
5197,5337,Belgium,BEL,2022,50605.7496677086,81.7487804878049,10.831820478616793,10.831820478616793
5198,5338,Benin,BEN,2022,1266.42711031904,60.475,7.143954915727939,7.143954915727939
5199,5339,Burkina Faso,BFA,2022,827.330843486661,60.7,6.718204667607621,6.718204667607621
5200,5340,Bangladesh,BGD,2022,2716.48592780431,74.265,7.907094385711018,7.9070943857110185
5201,5341,Bulgaria,BGR,2022,13999.1949530956,74.1609756097561,9.5467551035937,9.5467551035937
5202,5342,Bahrain,BHR,2022,30470.5219276023,80.992,10.324515001061876,10.324515001061876
5203,5343,"Bahamas, The",BHS,2022,34957.1613279737,74.491,10.461878628760337,10.461878628760337
5204,5344,Bosnia and Herzegovina,BIH,2022,7655.59421024383,76.777,8.943191928886375,8.943191928886375
5205,5345,Belarus,BLR,2022,7994.64806074889,74.1033658536585,8.986527604380312,8.986527604380312
5206,5346,Belize,BLZ,2022,7068.21728043145,72.19,8.863363574397674,8.863363574397674
5207,5347,Bermuda,BMU,2022,121613.939983629,82.062,11.708606879967032,11.708606879967032
5208,5348,Bolivia,BOL,2022,4219.46113742445,67.434,8.34746270632322,8.34746270632322
5209,5349,Brazil,BRA,2022,9281.33282136864,74.872,9.135760438459762,9.135760438459762
5210,5350,Barbados,BRB,2022,24387.0387293761,75.676,10.10180707052906,10.10180707052906
5211,5351,Brunei Darussalam,BRN,2022,36632.9280952155,72.917,10.508702789657384,10.508702789657383
5212,5352,Bhutan,BTN,2022,3711.32767981591,72.754,8.2191449567625,8.2191449567625
5213,5353,Botswana,BWA,2022,8328.7090572666,68.749,9.027463748032948,9.027463748032948
5214,5354,Central African Republic,CAF,2022,467.359825026238,18.818,6.147099464251818,6.147099464251818
5215,5355,Canada,CAN,2022,56256.8007264015,81.0948780487805,10.937682214561326,10.937682214561326
5216,5356,Central Europe and the Baltics,CEB,2022,19530.1553232172,76.6522987292583,9.879714976896816,9.879714976896816
5217,5357,Switzerland,CHE,2022,94394.5106803525,83.6048780487805,11.455238200870305,11.455238200870303
5218,5358,Channel Islands,CHI,2022,67627.1417347907,81.0,11.121764686402036,11.121764686402036
5219,5359,Chile,CHL,2022,15405.6165774073,79.176,9.642487434728825,9.642487434728823
5220,5360,China,CHN,2022,12970.6056414327,78.202,9.47044097178179,9.47044097178179
5221,5361,Cote d'Ivoire,CIV,2022,2333.37128301259,61.562,7.755069403385334,7.755069403385334
5222,5362,Cameroon,CMR,2022,1604.87726954895,62.443,7.380802565069575,7.380802565069575
5223,5363,"Congo, Dem. Rep.",COD,2022,687.738587554685,60.979,6.533408805780686,6.533408805780686
5224,5364,"Congo, Rep.",COG,2022,2620.83804267402,65.0,7.871249409225721,7.871249409225721
5225,5365,Colombia,COL,2022,6680.44506854481,76.508,8.806939891338876,8.806939891338876
5226,5366,Comoros,COM,2022,1465.479642862,66.481,7.289937869138057,7.289937869138057
5227,5367,Cabo Verde,CPV,2022,4323.31362032709,75.907,8.371777428954365,8.371777428954365
5228,5368,Costa Rica,CRI,2022,13625.9008491328,79.316,9.519727734713332,9.519727734713333
5229,5369,Caribbean small states,CSS,2022,17456.3084845676,72.8322921090607,9.767456380039045,9.767456380039043
5230,5371,Curacao,CUW,2022,20057.1404747175,76.729,9.906340502736636,9.906340502736636
5231,5372,Cayman Islands,CYM,2022,93030.7051447803,79.984,11.440684880490734,11.440684880490734
5232,5373,Cyprus,CYP,2022,33231.04296875,80.434,10.411239747216316,10.411239747216316
5233,5374,Czechia,CZE,2022,28282.2236715857,78.9292682926829,10.249988747456268,10.249988747456268
5234,5375,Germany,DEU,2022,50506.5179638543,80.6080487804878,10.829857675525991,10.829857675525991
5235,5376,Djibouti,DJI,2022,3133.25779772463,65.54,8.049828572190243,8.049828572190243
5236,5377,Dominica,DMA,2022,9323.66089490562,71.081,9.140310630436536,9.140310630436536
5237,5378,Denmark,DNK,2022,67781.0940939514,81.3048780487805,11.1240385868713,11.124038586871299
5238,5379,Dominican Republic,DOM,2022,10104.2449349081,74.211,9.220710905116963,9.220710905116963
5239,5380,Algeria,DZA,2022,4960.30334332888,76.129,8.509222175778113,8.509222175778113
5240,5381,East Asia & Pacific (excluding high income),EAP,2022,10106.9935977814,75.9325409436903,9.220982898630451,9.220982898630453
5241,5382,Early-demographic dividend,EAR,2022,4043.82776331568,71.4304552508694,8.304946988559683,8.304946988559683
5242,5383,East Asia & Pacific,EAS,2022,13139.2109813612,76.6767167147452,9.483356243155123,9.483356243155125
5243,5384,Europe & Central Asia (excluding high income),ECA,2022,7266.02243154199,74.5731684190474,8.890964299969058,8.890964299969058
5244,5385,Europe & Central Asia,ECS,2022,27913.5882331645,77.834452247983,10.23686888269392,10.23686888269392
5245,5386,Ecuador,ECU,2022,6515.58528418336,76.577,8.781952321929632,8.781952321929632
5246,5387,"Egypt, Arab Rep.",EGY,2022,4233.30783744856,71.01,8.35073896111049,8.35073896111049
5247,5388,Euro area,EMU,2022,41608.7123275598,81.6229719062905,10.63606485527271,10.63606485527271
5248,5390,Spain,ESP,2022,30319.4987196616,83.1341463414634,10.319546306626943,10.319546306626945
5249,5391,Estonia,EST,2022,28340.3826549406,77.8439024390244,10.252043015445,10.252043015444999
5250,5392,Ethiopia,ETH,2022,982.103161506992,66.897,6.889696355287955,6.889696355287955
5251,5393,European Union,EUU,2022,38066.8844892624,80.7133260356871,10.547100009654304,10.547100009654304
5252,5394,Fragile and conflict affected situations,FCS,2022,1850.91743054769,62.702271566254,7.523436703554592,7.523436703554592
5253,5395,Finland,FIN,2022,50440.560224974,81.1878048780488,10.828550896777168,10.828550896777168
5254,5396,Fiji,FJI,2022,5414.12092119088,67.148,8.596765804832636,8.596765804832636
5255,5397,France,FRA,2022,40988.6396406579,82.1292682926829,10.62105022535698,10.62105022535698
5256,5398,Faroe Islands,FRO,2022,67058.2022648126,82.8162292682927,11.113316211799454,11.113316211799454
5257,5399,"Micronesia, Fed. Sts.",FSM,2022,3710.12451611752,66.961,8.218820717334108,8.218820717334108
5258,5400,Gabon,GAB,2022,8409.2074145028,67.713,9.0370825053038,9.0370825053038
5259,5401,United Kingdom,GBR,2022,47057.043229179,81.0112195121951,10.759115830498278,10.759115830498278
5260,5402,Georgia,GEO,2022,6729.84659930283,74.141,8.814307628813294,8.814307628813294
5261,5403,Ghana,GHA,2022,2229.89122647803,65.246,7.709708085900398,7.709708085900398
5262,5405,Guinea,GIN,2022,1416.59612011764,60.432,7.256012174446394,7.256012174446394
5263,5406,"Gambia, The",GMB,2022,836.244875868476,64.859,6.728921483912127,6.728921483912127
5264,5407,Guinea-Bissau,GNB,2022,883.199131457831,63.605,6.783550692118624,6.783550692118624
5265,5408,Equatorial Guinea,GNQ,2022,7589.29964909381,63.355,8.93449459328561,8.93449459328561
5266,5409,Greece,GRC,2022,20886.5243087629,80.7878048780488,9.946859460083736,9.946859460083736
5267,5410,Grenada,GRD,2022,10469.3867012856,75.151,9.256210725385344,9.256210725385344
5268,5411,Greenland,GRL,2022,55635.0006491223,71.230243902439,10.926567790259318,10.926567790259318
5269,5412,Guatemala,GTM,2022,5358.70156997677,71.206,8.586476980311613,8.586476980311613
5270,5413,Guam,GUM,2022,41833.1517132825,77.102,10.641444407361282,10.641444407361282
5271,5414,Guyana,GUY,2022,17913.4928066879,69.888,9.793309495956418,9.793309495956418
5272,5415,High income,HIC,2022,46553.1150181383,79.4267769342303,10.74834919814921,10.74834919814921
5273,5416,"Hong Kong SAR, China",HKG,2022,48825.8441873536,83.6609756097561,10.796015045658974,10.796015045658974
5274,5417,Honduras,HND,2022,3003.28996826399,72.715,8.007463622850228,8.007463622850228
5275,5418,Heavily indebted poor countries (HIPC),HPC,2022,1121.48387311982,63.8404661926623,7.022407974115295,7.022407974115295
5276,5419,Croatia,HRV,2022,18465.5414420364,77.5756097560976,9.82366164946908,9.823661649469079
5277,5420,Haiti,HTI,2022,1760.62635668777,63.948,7.473424909202023,7.4734249092020235
5278,5421,Hungary,HUN,2022,18428.028825614,75.8682926829268,9.821628090283692,9.821628090283692
5279,5422,IBRD only,IBD,2022,7699.23258826186,74.2512821129351,8.948875939012906,8.948875939012906
5280,5423,IDA & IBRD total,IBT,2022,6036.81374407089,71.6775988813721,8.705631625922086,8.705631625922086
5281,5424,IDA total,IDA,2022,1647.52732460307,64.8823000336808,7.407030851734159,7.407030851734159
5282,5425,IDA blend,IDB,2022,2234.83616206483,62.1288641416852,7.711923198796851,7.711923198796851
5283,5426,Indonesia,IDN,2022,4730.83484836107,70.925,8.461856966622147,8.461856966622147
5284,5427,IDA only,IDX,2022,1332.31730178708,66.3600754986121,7.1946750372866175,7.1946750372866175
5285,5428,Isle of Man,IMN,2022,88328.548125887,80.956,11.388818642673115,11.388818642673115
5286,5429,India,IND,2022,2347.44829434623,71.698,7.761084185002244,7.761084185002244
5287,5431,Ireland,IRL,2022,105190.685952731,82.509756097561,11.563530038795156,11.563530038795156
5288,5432,"Iran, Islamic Rep.",IRN,2022,4721.20437099984,76.799,8.459819209378395,8.459819209378395
5289,5433,Iraq,IRQ,2022,6520.73154560584,72.037,8.782741848873016,8.782741848873016
5290,5434,Iceland,ISL,2022,76350.4550416502,82.119512195122,11.243089270572046,11.243089270572046
5291,5435,Israel,ISR,2022,54949.621556429,82.7,10.914172072754894,10.914172072754894
5292,5436,Italy,ITA,2022,35653.9042103495,82.7,10.481613934862926,10.481613934862926
5293,5437,Jamaica,JAM,2022,6626.47502388538,71.481,8.798828271187451,8.798828271187451
5294,5438,Jordan,JOR,2022,4332.25159897931,77.088,8.373842685607784,8.373842685607784
5295,5439,Japan,JPN,2022,34065.6438962526,83.9963414634146,10.436044645018049,10.436044645018049
5296,5440,Kazakhstan,KAZ,2022,11255.3396437881,73.503,9.32859793003239,9.32859793003239
5297,5441,Kenya,KEN,2022,2109.56288513137,63.549,7.654236041563953,7.654236041563953
5298,5442,Kyrgyz Republic,KGZ,2022,1739.72018344174,72.0487804878049,7.461479565162656,7.461479565162656
5299,5443,Cambodia,KHM,2022,2325.03050040841,70.528,7.75148843639064,7.75148843639064
5300,5444,Kiribati,KIR,2022,2069.7671726925,66.269,7.635191402973263,7.635191402973263
5301,5445,St. Kitts and Nevis,KNA,2022,21011.5744209816,70.313,9.95282872777496,9.95282872777496
5302,5446,"Korea, Rep.",KOR,2022,34822.4048404971,82.6804878048781,10.458016275856812,10.458016275856812
5303,5447,Kuwait,KWT,2022,39981.7691035833,80.5878048780488,10.59617885678984,10.596178856789841
5304,5448,Latin America & Caribbean (excluding high income),LAC,2022,9111.34927084769,74.4897262626476,9.117276088051824,9.117276088051824
5305,5449,Lao PDR,LAO,2022,2046.40440255621,68.715,7.623839582188668,7.623839582188668
5306,5450,Lebanon,LBN,2022,3654.35845534878,78.003,8.203675831565153,8.203675831565153
5307,5451,Liberia,LBR,2022,744.617175237387,61.934,6.612870227567148,6.612870227567148
5308,5452,Libya,LBY,2022,5986.63694851258,74.462,8.697285089118841,8.697285089118841
5309,5453,St. Lucia,LCA,2022,13103.8243147472,72.67,9.480659399008715,9.480659399008715
5310,5454,Latin America & Caribbean,LCN,2022,9408.84820249156,74.6472095421659,9.149405823652216,9.149405823652216
5311,5455,Least developed countries: UN classification,LDC,2022,1299.36172423082,65.7632017862259,7.169628441517905,7.169628441517905
5312,5456,Low income,LIC,2022,734.204117595357,63.4583410155387,6.598787079321806,6.598787079321806
5313,5457,Liechtenstein,LIE,2022,188055.003235348,84.1219512195122,12.1444897694225,12.1444897694225
5314,5458,Sri Lanka,LKA,2022,3342.63650253855,77.3,8.114515146598043,8.114515146598043
5315,5459,Lower middle income,LMC,2022,2493.61487371356,69.3010946755529,7.821488693190536,7.821488693190536
5316,5460,Low & middle income,LMY,2022,5741.78381882953,71.6849259477066,8.6555252108656,8.6555252108656
5317,5461,Lesotho,LSO,2022,1030.12582947757,56.812,6.937436238303532,6.9374362383035315
5318,5462,Late-demographic dividend,LTE,2022,12286.0846812169,76.954367313865,9.416222574197018,9.416222574197018
5319,5463,Lithuania,LTU,2022,25085.784063499,75.6439024390244,10.130056592698534,10.130056592698534
5320,5464,Luxembourg,LUX,2022,123719.658915996,82.9463414634147,11.72577346989249,11.72577346989249
5321,5465,Latvia,LVA,2022,20221.103686109,74.2780487804878,9.914482074967555,9.914482074967557
5322,5466,"Macao SAR, China",MAC,2022,36806.891255461,83.0804878048781,10.51344036900227,10.51344036900227
5323,5468,Morocco,MAR,2022,3463.1376953125,75.161,8.149930305469434,8.149930305469434
5324,5469,Monaco,MCO,2022,226052.001905201,85.746,12.328520348711852,12.328520348711853
5325,5470,Moldova,MDA,2022,5744.29618434435,71.546,8.655962673525478,8.655962673525478
5326,5471,Madagascar,MDG,2022,503.51453347296,63.068,6.221612576633713,6.221612576633713
5327,5472,Maldives,MDV,2022,11786.0191492983,80.76,9.374669290146098,9.374669290146098
5328,5473,"Middle East, North Africa, Afghanistan & Pakistan",MEA,2022,6430.53553485753,71.6917293154863,8.768813100677582,8.768813100677582
5329,5474,Mexico,MEX,2022,11405.7940473759,73.973,9.341876755037235,9.341876755037235
5330,5475,Marshall Islands,MHL,2022,6455.66062185762,66.725,8.772712640702126,8.772712640702126
5331,5476,Middle income,MIC,2022,6248.00962014697,72.5172020330295,8.740018231234561,8.740018231234561
5332,5477,North Macedonia,MKD,2022,7606.2375253797,74.4248780487805,8.936723916685809,8.936723916685809
5333,5478,Mali,MLI,2022,976.914116406452,60.035,6.884398742760709,6.884398742760709
5334,5479,Malta,MLT,2022,35638.8869457406,82.2975609756098,10.481192650618404,10.481192650618405
5335,5480,Myanmar,MMR,2022,1158.05005055976,66.506,7.054492878753113,7.054492878753113
5336,5481,"Middle East, North Africa, Afghanistan & Pakistan (excluding high income)",MNA,2022,3015.7557973385,71.0055315443397,8.011605756797454,8.011605756797454
5337,5482,Montenegro,MNE,2022,10024.5435616209,76.1878048780488,9.21279172112537,9.21279172112537
5338,5483,Mongolia,MNG,2022,4993.51487463495,71.9007317073171,8.515895324478182,8.515895324478182
5339,5484,Northern Mariana Islands,MNP,2022,23785.754590043,78.531,10.076842133822169,10.076842133822169
5340,5485,Mozambique,MOZ,2022,578.251663751351,63.011,6.360009178325483,6.360009178325483
5341,5486,Mauritania,MRT,2022,1960.35240077424,68.281,7.580879532376531,7.580879532376531
5342,5487,Mauritius,MUS,2022,10246.5017455553,73.5146341463415,9.234691633196247,9.234691633196247
5343,5488,Malawi,MWI,2022,604.269740360317,66.037,6.404020688243706,6.404020688243706
5344,5489,Malaysia,MYS,2022,11754.5678336248,75.444,9.371997195825758,9.371997195825758
5345,5490,North America,NAC,2022,74535.6365392629,77.8170599153732,11.219032632807098,11.219032632807098
5346,5491,Namibia,NAM,2022,4349.79908493314,64.19,8.377884935644369,8.377884935644369
5347,5492,New Caledonia,NCL,2022,33516.363085906,77.698,10.41978904888568,10.419789048885681
5348,5493,Niger,NER,2022,609.745147574878,60.398,6.413041079007583,6.413041079007583
5349,5494,Nigeria,NGA,2022,2899.16047470324,54.079,7.972176482582176,7.972176482582176
5350,5495,Nicaragua,NIC,2022,2322.89053964583,74.463,7.750567611404438,7.750567611404438
5351,5496,Netherlands,NLD,2022,59123.318556487,81.6146341463415,10.987380686598929,10.987380686598927
5352,5497,Norway,NOR,2022,109269.520580298,82.509756097561,11.60157277507734,11.60157277507734
5353,5498,Nepal,NPL,2022,1385.91066274851,70.087,7.234112720781007,7.234112720781007
5354,5499,Nauru,NRU,2022,12911.9086441381,61.93,9.465905315216585,9.465905315216585
5355,5500,New Zealand,NZL,2022,49099.7090423358,81.9585365853658,10.801608387947049,10.801608387947047
5356,5501,OECD members,OED,2022,43950.173710934,79.5170042308814,10.690811855572726,10.690811855572726
5357,5502,Oman,OMN,2022,23223.5829405935,77.911,10.052923547422028,10.052923547422028
5358,5503,Other small states,OSS,2022,14320.7706776288,72.9062214171014,9.569466257336654,9.569466257336654
5359,5504,Pakistan,PAK,2022,1538.3228133171,67.417,7.338448019665027,7.338448019665027
5360,5505,Panama,PAN,2022,17378.6070017557,79.324,9.76299524611102,9.762995246111021
5361,5506,Peru,PER,2022,7350.63034300417,76.834,8.90254134948257,8.90254134948257
5362,5507,Philippines,PHL,2022,3548.06930572116,69.472,8.17415887698197,8.17415887698197
5363,5508,Palau,PLW,2022,13729.7602761496,68.922,9.527321038751587,9.527321038751587
5364,5509,Papua New Guinea,PNG,2022,3102.28968594061,65.274,8.039895726204255,8.039895726204255
5365,5510,Poland,POL,2022,18891.2121169279,77.1560975609756,9.84645212555858,9.84645212555858
5366,5511,Pre-demographic dividend,PRE,2022,1770.15579032782,61.3833052969468,7.478822838828956,7.478822838828956
5367,5512,Puerto Rico (US),PRI,2022,35353.6821570014,79.427,10.473157828757328,10.473157828757328
5368,5514,Portugal,PRT,2022,24620.5197587181,81.6317073170732,10.11133551075517,10.11133551075517
5369,5515,Paraguay,PRY,2022,6205.62595379319,72.319,8.733211571486015,8.733211571486015
5370,5516,West Bank and Gaza,PSE,2022,3799.95527015163,76.662,8.24274457463247,8.24274457463247
5371,5517,Pacific island small states,PSS,2022,3896.81060847355,69.1004348993561,8.267913704843778,8.267913704843778
5372,5518,Post-demographic dividend,PST,2022,50969.801641014,80.1924721633692,10.838988611645409,10.838988611645409
5373,5519,French Polynesia,PYF,2022,20053.9569369322,83.859,9.906181766726036,9.906181766726036
5374,5520,Qatar,QAT,2022,88701.4689763536,81.857,11.393031729337014,11.393031729337014
5375,5521,Romania,ROU,2022,15503.551804598,75.1536585365854,9.64882442534053,9.64882442534053
5376,5522,Russian Federation,RUS,2022,15619.6142578125,72.5456097560976,9.65628272768621,9.65628272768621
5377,5523,Rwanda,RWA,2022,975.469323735369,67.528,6.8829187128597065,6.8829187128597065
5378,5524,South Asia,SAS,2022,2385.08341896271,72.0115731308447,7.776989379215059,7.776989379215059
5379,5525,Saudi Arabia,SAU,2022,38510.2276211037,77.31,10.5586791374927,10.5586791374927
5380,5526,Sudan,SDN,2022,1046.24084472656,65.695,6.95295887120536,6.95295887120536
5381,5527,Senegal,SEN,2022,1574.0281059306,67.788,7.361393285190607,7.361393285190607
5382,5528,Singapore,SGP,2022,90299.0694637269,82.8951219512195,11.410882434409864,11.410882434409864
5383,5529,Solomon Islands,SLB,2022,1877.78104490956,70.409,7.537846063466097,7.537846063466097
5384,5530,Sierra Leone,SLE,2022,860.371067916096,61.275,6.757363770510318,6.757363770510318
5385,5531,El Salvador,SLV,2022,5074.60210221806,71.969,8.532003397332442,8.532003397332442
5386,5532,San Marino,SMR,2022,54190.8417700372,85.708,10.900267202118,10.900267202118
5387,5533,"Somalia, Fed. Rep.",SOM,2022,573.141165798229,53.931,6.35113204902206,6.35113204902206
5388,5534,Serbia,SRB,2022,10024.8191112596,75.2365853658537,9.212819208247351,9.212819208247351
5389,5535,Sub-Saharan Africa (excluding high income),SSA,2022,1963.80330032374,61.2833700706225,7.582638331314152,7.582638331314152
5390,5537,Sub-Saharan Africa,SSF,2022,1865.11635260699,61.8572731122839,7.531078717588731,7.531078717588731
5391,5538,Small states,SST,2022,13636.4661190787,72.380297225352,9.520502815650886,9.520502815650886
5392,5539,Sao Tome and Principe,STP,2022,2389.73729784737,69.237,7.778938721665543,7.778938721665543
5393,5540,Suriname,SUR,2022,6084.43876736445,73.254,8.71348976901752,8.71348976901752
5394,5541,Slovak Republic,SVK,2022,21317.7943982363,76.9658536585366,9.967297420687904,9.967297420687904
5395,5542,Slovenia,SVN,2022,28360.3041467268,81.2829268292683,10.252745705085273,10.252745705085271
5396,5543,Sweden,SWE,2022,54836.8907235124,83.0585365853659,10.91211843483171,10.91211843483171
5397,5544,Eswatini,SWZ,2022,3894.1620089869,63.028,8.267233789839906,8.267233789839906
5398,5545,Sint Maarten (Dutch part),SXM,2022,37793.1284399157,76.18,10.539882577778547,10.539882577778547
5399,5546,Seychelles,SYC,2022,16836.6721895387,74.509756097561,9.731314654820387,9.731314654820387
5400,5547,Syrian Arab Republic,SYR,2022,1051.67149587463,72.79,6.95813607825352,6.95813607825352
5401,5548,Turks and Caicos Islands,TCA,2022,31280.5418020808,77.918,10.350751515547628,10.350751515547628
5402,5549,Chad,TCD,2022,966.036468278568,54.528,6.873201585341103,6.873201585341103
5403,5550,East Asia & Pacific (IDA & IBRD countries),TEA,2022,10220.4774431567,75.9610347461336,9.232148579218048,9.232148579218048
5404,5551,Europe & Central Asia (IDA & IBRD countries),TEC,2022,11421.1364427001,74.1883654842503,9.343220991630162,9.343220991630162
5405,5552,Togo,TGO,2022,951.232378690387,62.292,6.857758384631531,6.857758384631531
5406,5553,Thailand,THA,2022,6909.35281815827,75.291,8.84063125364294,8.84063125364294
5407,5554,Tajikistan,TJK,2022,1052.17949484894,71.562,6.958619001223276,6.958619001223276
5408,5555,Turkmenistan,TKM,2022,5837.84224538947,69.913,8.672116529019062,8.672116529019062
5409,5556,Latin America & the Caribbean (IDA & IBRD countries),TLA,2022,9174.55690452428,74.5684293540859,9.124189377971769,9.124189377971769
5410,5557,Timor-Leste,TLS,2022,2343.24954740187,67.368,7.7592939404768355,7.7592939404768355
5411,5558,"Middle East, North Africa, Afghanistan & Pakistan (IDA & IBRD)",TMN,2022,3010.19656726913,70.965432550888,8.009760660351235,8.009760660351235
5412,5559,Tonga,TON,2022,5298.01941509951,72.635,8.575088334434495,8.575088334434495
5413,5560,South Asia (IDA & IBRD),TSA,2022,2385.08341896271,72.0115731308447,7.776989379215059,7.776989379215059
5414,5561,Sub-Saharan Africa (IDA & IBRD countries),TSS,2022,1865.11635260699,61.8572731122839,7.531078717588731,7.531078717588731
5415,5562,Trinidad and Tobago,TTO,2022,20750.5202434652,73.331,9.940326597318776,9.940326597318775
5416,5563,Tunisia,TUN,2022,3707.29283414381,76.05,8.218057194944155,8.218057194944155
5417,5564,Turkiye,TUR,2022,10897.8397861365,77.591,9.29631986381792,9.29631986381792
5418,5565,Tuvalu,TUV,2022,5911.32727055301,66.852,8.684625665651549,8.684625665651549
5419,5566,Tanzania,TZA,2022,1207.52062988281,66.879,7.096324470169861,7.096324470169861
5420,5567,Uganda,UGA,2022,963.067314117178,67.675,6.8701233097884105,6.8701233097884105
5421,5568,Ukraine,UKR,2022,4199.6708984375,72.658,8.342761443686468,8.342761443686468
5422,5569,Upper middle income,UMC,2022,10324.5193124329,76.0089594269564,9.242276861048913,9.242276861048913
5423,5570,Uruguay,URY,2022,20818.6146091144,76.468,9.943602798606014,9.943602798606014
5424,5571,United States,USA,2022,76657.2488844403,77.4341463414634,11.24709945105396,11.247099451053959
5425,5572,Uzbekistan,UZB,2022,2578.66689394219,72.147,7.855027836601853,7.855027836601853
5426,5573,St. Vincent and the Grenadines,VCT,2022,9693.55867833025,71.191,9.179216890129718,9.179216890129718
5427,5574,"Venezuela, RB",VEN,2022,3155.04207099687,72.566,8.05675710959223,8.05675710959223
5428,5576,Virgin Islands (U.S.),VIR,2022,44320.909185774,80.319512195122,10.699211835330203,10.699211835330203
5429,5577,Viet Nam,VNM,2022,4147.69777213621,74.502,8.330308705589859,8.330308705589859
5430,5578,Vanuatu,VUT,2022,3370.21191956953,71.302,8.122730905514544,8.122730905514544
5431,5579,World,WLD,2022,12798.1658465319,72.9675581482237,9.457057146400556,9.457057146400556
5432,5580,Samoa,WSM,2022,4132.44717734444,71.55,8.326625047361686,8.326625047361686
5433,5581,Kosovo,XKX,2022,5290.95006509706,77.623,8.573753105153504,8.573753105153504
5434,5583,South Africa,ZAF,2022,6534.24867783397,65.454,8.784812650486982,8.784812650486982
5435,5584,Zambia,ZMB,2022,1447.12310138035,65.279,7.277332796530802,7.277332796530802
5436,5585,Zimbabwe,ZWE,2022,2536.40050223076,62.36,7.8385012298351455,7.8385012298351455
